MSA,Moroccan,lang
 إنها في أخر القاعة . سوف آتي لك ببعض منها الآن . إذا أردت أي شيئاً آخر فقط أعلمني . وعندما عادت، وجدته قد غادر دون أن يودع. شعرت بالحيرة والقلق، فقد كانت تحمل له هديته المفضلة. بدأت تبحث عنه في كل أنحاء المبنى، تنادي اسمه بصوت عالٍ. وأخيرًا، وجدته في الحديقة ينظر إلى النجوم، فابتسمت وقدمت له الهدية. , هي ف آخر القاعة. غادي نجيب ليك شوية دابا. إلى بغيتي شي حاجة أخرى غير قول ليا. ومللي رجعات، لقاتو خرج وما ودعهاش. حسّات بالحيرة والقلق، حيت كانت جايبة ليه هديتو المفضلة. بدات كتقلب عليه فكل بلاصة داخل البناية، كتنادي سميتو بصوت عالي. وأخيرا، لقاتو فالجردة كيشوف فالنجوم، تبسمات وعطات ليه الهدية. ,Moroccan
" في أحد الأيام، كان هناك رجل يعمل في النجارة يسمى أحمد. كان دائمًا يسأل زبائنه ""هل تقومون بعمل تعديلات؟"" ليتأكد من رضاهم عن العمل. في إحدى المرات، أتى زبون طلب تعديل طاولة لتناسب تصميم منزله الجديد. أحمد عمل بجد على التعديل وفي النهاية، أبدى الزبون امتنانه لمهارة أحمد ودقته. "," في نهار، كان هناك شي واحد نجار سميتو أحمد. ديما كيسول الزبناء ديالو ""هل تقومون بعمل تعديلات؟"" باش يتأكدو باللي راضيين على الخدمة. واحد المرة، جا واحد الزبون طلب يبدل فوق طبلة باش تصلاح لدارو الجديدة. أحمد خدم بزاف على التعديلات وفي الأخير، الزبون عبر ليه على شكره لمهارة أحمد والدقة ديالو. ",Moroccan
 في أحد المطاعم الفاخرة، طلب أحمد وأسرته نريد مائدة بجانب النافذة ليتمتعوا بالمنظر الخلاب. بعد أن جلسوا، بدأت الأسرة بتقديم طلباتهم من قائمة الطعام. أثناء تناولهم الطعام، مرت مجموعة من الطيور الجميلة أمام النافذة، فأضافت جوًا من البهجة على وجبتهم. انتهوا من الأكل وشعروا بالرضا عن تجربتهم الرائعة في هذا المكان. , فواحد المطعم راقي، أحمد وعائلتو طلبو بغينا طبلة حدا الشرجم باش يتمتعو بالمنظر الزوين. من بعد ما جلسو، العائلة بداو يختارو شنو ياكلو من القائمة. وهما كاياكلو، طايرو شي طيور زوينين قدام الشرجم، وهادشي زاد الفرحة لوجبتهم. سالاو الاكل وحسو براحة كبيرة من التجربة اللي عشاو في هاد المكان. ,Moroccan
 هناك، أمام بيت السائح تماما، وقف قط أسود ينظر إليه بفضول. عندما فتح السائح الباب، دخل القط دون تردد. وجد السائح نفسه يبتسم، فقد رأى في عيني القط قصة مغامرات لم تُروَ بعد. ومع مرور الأيام، أصبح القط رفيقه في كل رحلاته ومغامراته. , هناك، قدام دار السائح بالضبط، كان كاين قط أسود كيشوف فيه بالفضول. ملي السائح حل الباب، القط دخل بلا تردد. السائح لقا راسو كيضحك، لأنو شاف فعيون القط حكايات مغامرات مازال ما تحكاوش. ومع الوقت، ولا القط صاحبو فكل رحلاتو ومغامراتو. ,Moroccan
 لم أسمع بهذا العنوان من قبل بالقرب من هنا. سألت الناس في الحي عنه لكن لا أحد يعرفه. قررت البحث عنه في الخرائط القديمة بالمكتبة. وأخيراً، وجدت العنوان مخفياً في إحدى الكتب النادرة. , ما سمعتش بهاد العنوان من قبل حدا هنا. سولت الناس فالحومة عليه ولكن حتا واحد ما عارفو. قررت نقلب عليه فالخرائط القديمة فالمكتبة. وأخيرا، لقيت العنوان مخبي فواحد الكتاب نادر. ,Moroccan
 استمر في السير في هذا الطريق حتى تجد صيدلية. عندما وصل إلى الصيدلية، اكتشف أنها مغلقة. شعر بالإحباط لكنه قرر أن ينتظر. بعد ساعة، فتح الصيدلي الباب واستطاع أن يشتري الدواء. , مشي على هاد الطريق حتى تلقى صيدلية. كيف وصل للصيدلية، تحقق بللي هي مسدودة. حس بالخيبة ولكن قرر يصبر. شوية و الصيدلي فتح الباب و قدر يشري الدواء. ,Moroccan
 في أحد أيام الربيع، لاحظت ليلى أن اللون الأخضر بدأ يظهر في كل مكان. قررت أن تشتري فستانًا جديدًا بنفس اللون لتواكب الموضة. وعندما ارتدته في الحفل، لفتت الأنظار إليها بجمالها. ومن ذلك اليوم، أصبح اللون الأخضر لونها المفضل في كل المواسم. , فواحد النهار ديال الربيع، ليلى لاحظت بللي اللون الخضر ولى كاين في كل بلاصة. قررت تشري فستان جديد بنفس اللون باش تمشي مع الموضة. ملي لبساتو في الحفلة، جميع العيون تجهت لعندها بسباب جمالها. ومن داك النهار، الخضر ولا اللون المفضل ديالها في كل الفصول. ,Moroccan
 كان خالد يسافر كثيرًا بسبب طبيعة عمله في التجارة الدولية. في إحدى رحلاته، التقى بتاجر من بلد آخر وأصبحا صديقين. في حالتي، غالبًا ما يكون من أجل العمل ونادرًا ما يكون للاستمتاع. لكن هذه المرة، قرر خالد أن يأخذ يومًا للتجول واكتشاف المدينة مع صديقه الجديد. , خالد كان كيسافر بزاف حيت خدمتو فالتجارة الدولية. واحد النهار، تلاقى مع تاجر من بلاد أخرى وولاو صحاب. في حالتي، كنت كنسافر بزاف على خاطر الخدمة وقليل على خاطر اللعب. ولكن هاد المرة، خالد قرر يدير يوم باش يتسارى ويكتشف المدينة مع صاحبو الجديد. ,Moroccan
 سأقيم لمدة يومين في بيت جدي القديم. وجدت هناك صندوقاً مليئاً بالذكريات. قضيت الساعات أتصفح الصور والرسائل. شعرت بحنين عميق للأيام التي مضت. , غادي نبقى يومين في دار جدي القديمة. لقيت تما صندوق عامر بالذكريات. دزت سوايع كنشوف في الصور والرسايل. حسيت بالحنين الكبير للأيام لي دازو. ,Moroccan
 أرادت ليلى تمويج شعرها بشكل متقارب، فقررت زيارة صالون التجميل المشهور في المدينة. عند وصولها، شرحت للمصففة بالضبط ما تريده. بعد ساعات من العمل، نظرت في المرآة فأعجبها شكل شعرها الجديد. شعرت بالثقة والسعادة، وأصبحت محط الأنظار في كل مكان تذهب إليه. , ليلى بغات تدير شعرها بوكلات صغار، حيت قررات تمشي لصالون ديال التجميل اللي عندو صيت فالمدينة. ملي وصلات، شرحات للكوافورة شنو بغات بالضبط. بعد شي ساعات ديال خدمة، شافت راسها فالمرايا وعجبها بزاف شكل شعرها الجديد. حسات بالثقة والفرحة، وولات محط أنظار فينما مشات. ,Moroccan
" في يوم مشمس، قرر أحمد وعائلته الذهاب في رحلة إلى البحر. قبل الرحلة بأسبوع، قال أحمد ""أريد حجز غرفتين مزدوجتين"". وجد فندقًا جميلًا يطل على الشاطئ وقام بالحجز. استمتعت العائلة بوقتها، وكانت الإجازة ناجحة. "," فنهار مشرق بالشمس، أحمد وعائلتو قررو يمشيو لرحلة على البحر. قبل الرحلة بسيمانة، قال أحمد ""بغيت نحجز جوج ديال الغرف مزدوجين"". لقا فندق زوين كايطل على البحر ودار الحجز. العائلة استمتعو بزاف، وكانت العطلة موفقة. ",Moroccan
 كانت هناك شجرة عملاقة أمام منزل أحمد، وكان يحب الجلوس تحت ظلها كل يوم. لا أريد إزالتها، فهي تحميني من حر الصيف وتمنحني الهواء النقي. جاءت البلدية لإزالة الشجرة بحجة توسعة الطريق، لكن أحمد تصدى لهم بكل قوة. وفي النهاية، نجح في إقناعهم بتغيير مسار الطريق والحفاظ على الشجرة. , كانت كاينة شجرة كبيرة قدام دار أحمد، وكان كيحب يجلس تحت ظلها كل نهار. ما بغيتش نحيدها، هادي كتحميني من حر الصيف وكتعطيني الهوا النقي. الجماعة جاو باش يحيدو الشجرة بحجة توسيع الطريق، لكن أحمد وقف في وجههم بالزربة. وفي الأخير، قدر يقنعهم يبدلو الطريق ويخليو الشجرة. ,Moroccan
" في أحد الأيام، سأل رجل عجوز عن محطة الحافلة. ""هل هذه الحافلة تتوقف في شارع أستونر؟""، سأل السائق. أومأ السائق برأسه مؤكدًا، ودعا الرجل للصعود. شكر الرجل السائق وجلس ينتظر، متأملاً المناظر الجميلة من النافذة. "," واحد النهار، شي راجل كبير في السن سول على بلاصة ديال الطوبيس. ""واش هاد الطوبيس كيوقف فزنقة أستونر؟""، سول الشيفور. الشيفور إيوافق براسو وقال ليه تفضل طلع. الراجل شكر الشيفور وبقى جالس كيتسنى وكيتأمل المناظر الزوينة من النافذة. ",Moroccan
 من فضلك افتح فمك على مداه. قال الطبيب ذلك بينما كان يحضر أدواته للفحص. شعر الطفل بالقلق ولكنه أطاع الأمر. بعد الفحص، ابتسم الطبيب مطمئنًا الطفل بأن كل شيء على ما يرام. , عافاك حل فمك على وسعو. الطبيب قال هاد الكلام وهو كيوجد آلاتو باش يفحص. الولد حس بشوية ديال الخلعة ولكن باغي يطيع. مورا المعاينة، الطبيب تبسم وعطاه الخبار ليكلخا بلي كولشي مزيان. ,Moroccan
 كان هناك رجل جائع يسأل عن سعر وجبة الإفطار. فأخبره النادل أن الإفطار يكلف عشرة دنانير. شعر الرجل بالسعادة لأن السعر كان في متناوله. وبعد الإفطار، شكر الرجل النادل وانصرف وهو يشعر بالرضا. , كان شي واحد جيعان كيسول على ثمن الفطور. السرباي قال ليه الفطور بعشرة دراهم. الرجل فرح حيت الثمن كان مناسب ليه. ومورا ما فطر، شكر الرجل السرباي ومشا وهو مرتاح. ,Moroccan
" كان هناك شاب يعمل في مكتب الاستعلامات. جاءت سيدة تبدو محتارة فسألها: ""كيف أستطيع مساعدتك؟"" فأجابت السيدة بأنها تبحث عن مكتب الضرائب. ابتسم الشاب وأرشدها إلى المكان المطلوب بكل أدب واحترام. "," كان هناك شاب خدام فمكتب الاستعلامات. جات واحد السيدة محيرة وسولها: ""كيفاش نقدر نعاونك؟"" جاوباتو السيدة بأنها كتقلب على مكتب الضرائب. الشاب ضحك ودلها على البلاصة لي بغات بكل أدب واحترام. ",Moroccan
 دعنا نأخذ قطعة لنأكلها. ذهب محمد وعلي إلى الحديقة واختارا أجمل تفاحة. قسماها بينهما واستمتعا بطعمها اللذيذ. جلسا تحت الشجرة يتحدثان عن أحلامهم. وتمنيا لو أن كل يوم يمكن أن يكون بهذه البساطة والسعادة. , خلينا ناخذو قطعة باش ناكلوها. محمد وعلي مشاو للجردة واختارو أحسن تفاحة. قسموها بيناتهم وتمتعو بطعمها الزوين. جلسو تحت الشجرة كيهدرو على لأحلام ديالهم. وتمناو لو كل نهار يقدر يكون بالساهلة والفرحة. ,Moroccan
 في يوم مشمس، قرر خالد الخروج للتنزه في المدينة. اتجه يسارًا عند الناصية الثالثة حيث وجد متجرًا قديمًا لبيع الكتب. دخل المتجر وقضى ساعات يتصفح الكتب النادرة. وفي النهاية، اشترى كتابًا قديمًا يحكي عن تاريخ المدينة. , فنهار مشرق، خالد قرر يخرج يتمشى فالمدينة. مشى ليسار فالزنقة التالتة ولقى دكان كتب قديم. دخل للدكان وبقى سوايع كيتفرج فالكتب القديمة. وفالأخير، شرا كتاب قديم كيحكي على تاريخ المدينة. ,Moroccan
" لم يكن لدى أحمد غير قميص واحد للحفل، فسأل والدته: ""هل لك أن تقوم بتنظيف هذه الملابس؟"" وافقت والدته بحنان وأخذت الملابس لتنظفها. بعد ساعات، عادت الملابس ناصعة كأنها جديدة. شعر أحمد بالامتنان ووعد بأن يعتني بملابسه أكثر في المستقبل. "," أحمد ما عندوش إلا قميج واحد باش يمشي للحفلة، سول مو: ""واش ممكن تصاوبي ليا هاد الحوايج؟"" أمه وافقات بالحنان وأخدت الحوايج باش تنقيهم. من بعد شي ساعات، جاو الحوايج لامعين بحال إلى جداد. أحمد حس بالشكر وعاهد راسو يعتني بحوايجو أكثر من دابا. ",Moroccan
 في يوم مشمس، قرر أحمد أن يبحث عن صديق قديم. وجد في دفتره العنوان ورقم الهاتف الذي كان يبحث عنه. لم يتردد في الاتصال وسأل إن كان بإمكانه زيارته، فأعطيك رقم تليفونه وعنوانه. وعندما التقيا، أمضيا وقتًا ممتعًا يستعيدان ذكريات الماضي. , فشي نهار مشرق، أحمد قرر يقلب على صاحبو القديم. لقا فدفتر تاعو العنوان والرقم ديال التيليفون اللي كان كيقلب عليه. ما ترددش وعيط ليه وسولو إلى يمكن يمشي يزورو، وعطاه رقم تيليفونو وعنوانو. وملي تلاقاو، دازو وقت زوين كيفكرو في الذكريات ديال العشرة. ,Moroccan
 لقد قمت بتسديد ثمن الوجبات ورسوم الفندق مقدماً. وعند وصولي إلى الفندق، استقبلني الموظفون بحفاوة بالغة. أخذت مفتاح غرفتي وصعدت إلى الطابق الخامس حيث الإطلالة الساحرة على البحر. قضيت وقتاً ممتعاً في الفندق حيث الخدمات المتميزة والجو الودي. , دفعت قيمة الأكل والفندق مُسبقاً. ملي وصلت للفندق، العمال استقبلوني بكل حفاوة. شديت المفتاح ديال البيت ديالي وطلعت للطابق الخامس فين النظرة زوينة على البحر. دوزت وقت زوين فالفندق بخدماتو الممتازة والجو العائلي. ,Moroccan
 في يوم مشمس، قرر محمد أن يبحث عن مطعم للمشويات يحظى بشعبية كبيرة. وبينما هو يتجول في الشوارع، التقى صديقه أحمد الذي أوصى بمطعم ممتاز. أخرج محمد هاتفه وبدأ يبحث عن المطعم على الخريطة. وجد المطعم بسهولة وتمتع بوجبة لذيذة لم ينساها أبدًا. , فنهار مشرق، محمد قرر يقلب على شي مطعم ديال الشوا معروف وكيعجب الناس بزاف. وهو كيتمشى فالزنقات، تلاقى مع صاحبو أحمد اللي عطاه اسم ديال واحد المطعم زوين. خرج محمد تيليفونو وبدا يقلب على المطعم فالخريطة. لقاه بلا مشكل وتهنى بواحد الوجبة بنينة ما غينساهاش. ,Moroccan
 كان أحمد قد اشترى مزهرية جميلة ليزين بها منزله. لكن بينما كان يحاول ترتيبها على الرف، اختل توازنه وتسبب في سقوطها. أنت تقوم بكسرها، فأنت الذي اشتريتها، قالت زوجته وهي تنظر إلى القطع المتناثرة. شعر أحمد بالحزن لفقدان الجمال الذي كانت تضفيه المزهرية على المكان. , أحمد شرا مزهرية زوينة باش يزين بيها الدار. وهو كيحاول يحطها فوق الطاولة، تزلق وطاحت. أنت لي كسرتيها، أنت لي شريتيها، قالتلو مرتو وهي كتشوف الشتات. أحمد حس بالأسى على زينة اللي خسرها بسبب سقوط المزهرية. ,Moroccan
 سوف أخبرها بأن تتصل بك بمجرد أن تصل. وبالفعل، بعد وصولها مباشرة، رنّ هاتفك. كان صوتها مليئًا بالحماس عندما أخبرتك عن الأخبار السارة. اتفقتما على الاحتفال بالمناسبة السعيدة مساءً. , غادي نقول ليها تصوني ليك مورا ما توصل. وتاكد، كيف وصلات، تيليفونك بدا يصوني. سمعتي صوتها مفرح وكتعلمك بالخبار الزوينة. وعقدتو النية تحتفلو بالمناسبة هاد العشية. ,Moroccan
 جاد حب دائمًا أن يضع قشدة وسكر في قهوته. ذات صباح، وجد أن القشدة قد نفدت. ذهب إلى السوق ليشتري بعضها، وفي طريقه التقى بأصدقاء قدامى. تحدثوا وضحكوا، ونسي جاد شراء القشدة تمامًا. , جاد كيعجبو ديما يزيد الكريمة والسكر فقهوتو. واحد الصباح، لقا بلي الكريمة سالات. مشا للسوق باش يشري شي وحدة، وفي الطريق تلاقى مع صحابو القدام. دردشو وتمسخرو، وجاد نسا يشري الكريمة مرة أخرى. ,Moroccan
 ذهبت فاطمة للعب الكرة مع أصدقائها. لقد أصيبت إصابة بالغة أثناء اللعب. نقلها الجميع على الفور إلى المستشفى. بعد العلاج، تمكنت من الشفاء بسرعة. , فاطمة كانت كتلعب البال مع صحاباتها. تصابت بجرح خطير وهي كتلعب. جميع نقلوها للسبيطار دغيا. من بعد ما تعالجات، برات بزاف بالزربة. ,Moroccan
 كان هناك رجل يدعى أحمد كان يبحث عن قداحة لإشعال شمعة في ليلة مظلمة. وجد أحمد قداحة مرمية على الأرض بجانب متجر صغير. بعد أن أشعل الشمعة، أدرك أحمد أن الضوء يجلب الأمل في أحلك الأوقات. ومنذ تلك اللحظة، أصبح يحتفظ دائماً بقداحة في جيبه ليكون مستعدًا لأي ظرف. , كان كاين واحد سميتو أحمد كان كيقلب على بريقة باش يشعل شمعة في ليلة ظلمة. لقى أحمد البريقة مرمية حدا حانوت صغير. بعد ما شعل الشمعة، عرف أحمد بلّي الضوء كيجيب الأمل في أصعب الأوقات. ومن ديك الساعة، ولّى ديما كايشد بريقة فجيبو باش يكون واجد لأي حالة. ,Moroccan
 في يوم من الأيام، سأل رجل أعمال عن تجهيزات المؤتمرات في فندق معين. فأجابه الموظف بكل فخر أن الفندق مزود بأحدث التقنيات. قرر الرجل إقامة مؤتمره الدولي هناك. وفي النهاية، كان المؤتمر نجاحاً باهراً وأثنى الجميع على التنظيم والتجهيزات. , واحد النهار، شي واحد رجل أعمال سول على التجهيزات ديال المؤتمرات فواحد الفندق. الخدام جاوبو بالفخر بللي الفندق مجهز بآخر التكنولوجيا. هاد السيد قرر يدير مؤتمره الدولي تماك. وفالأخير، المؤتمر داز بنجاح كبير والكل عجبهم التنظيم والتجهيزات. ,Moroccan
" في أحد الأيام، سأل خالد صديقه عمر: ""هل من المناسب أن نتناول وجبة خفيفة؟"" فأجابه عمر بابتسامة: ""بالطبع، خصوصاً إذا كانت صحية."" ثم ذهبا معاً إلى المقهى المجاور وطلبا سلطة فواكه وعصير طازج. وبينما هما يتناولان وجبتهما، تبادلا الأحاديث والضحكات، فقد كان يوماً ممتعاً. "," شي نهار، خالد سول صاحبو عمر: ""واش مزيان نديرو كازكروط دابا؟"" عمر تبسم وقال ليه: ""أكيد، خاصة إلى كان شي حاجة صحية."" من بعد مشاو لقهوة لي حداهم وطلبو سلاطة ديال الفواكه وعصير طري. وهوما كياكلو، دارو شي حديث خفيف وضحكو، داك النهار داز زوين. ",Moroccan
" في طريقه إلى المطار، شعر أحمد بالتوتر. عندما وصل، اتصل بصديقه قائلاً: ""أنا أتصل من المطار. سأصل هناك في حوالي الساعة الرابعة."" وجد صديقه في انتظاره بابتسامة دافئة. معاً، توجها نحو المغامرة الجديدة. "," أحمد كان مشدود وهو ماشي للمطار. وصل وعيط لصاحبو: ""أنا كنتصل من المطار. غادي نوصل تماك حداك الساعة الربعة."" لقا صاحبو كايتسناه بابتسامة حنينة. مشاو مع بعضياتهم للمغامرة الجاية. ",Moroccan
 كان أحمد يسافر من نيويورك إلى لوس أنجلوس، وكان عليه أن يغير رحلته في شيكاغو. عندما وصل إلى مطار شيكاغو، وجد صديقا قديما بالصدفة. قضيا معاً بعض الوقت في تبادل الأخبار والذكريات. وبعد ساعات قليلة، استقل أحمد الطائرة مجدداً متجهاً إلى وجهته النهائية. , كان أحمد كيسافر من نيويورك للوس أنجلوس، وخاصو يبدل الرحلة ديالو فشيكاغو. ملي وصل لمطار شيكاغو، لقى صاحبو القديم بالزهر. دوزو مع بعضياتهم شوية ديال الوقت كيتسولفو وكيدكرو اللحظات الزوينة. وبعد شي ساعات قليلة، ركب أحمد الطيارة عاود تاني باش يكمل سفرتو للوجهة ديالو الأخيرة. ,Moroccan
 كان أحمد يريد إرسال خطاب مهم إلى صديقه في فرنسا. سأل الموظف في البريد عن تكلفة الإرسال المسجل. أخبره الموظف أن التكلفة ستكون عشرين ديناراً. دفع أحمد المبلغ وأرسل الخطاب، متمنياً أن يصل بسلام. , أحمد بغا يبعث برقية مهمة لصاحبو في فرنسا. سول العامل في البريد على ثمن الإرسال المضمون. قال ليه العامل غادي تكلفك عشرين درهم. خلص أحمد الفلوس وبعث البرقية، كيتمنى توصل بالسلامة. ,Moroccan
 ذهب محمد إلى البنك ليصرف الشيك ذو المائتي دولار. واجه بعض التأخير بسبب الزحام الشديد. عندما جاء دوره، اكتشف أنه نسي بطاقته الشخصية في المنزل. اضطر للعودة دون أن يتمكن من صرف الشيك. , محمد مشى للبنك باش يصرف الشيك ديالو اللي فيه 200 دولار. لقى تزحام كبير خلاه يتعطل. ملي جا دورو، تفاجأ بلي نسى الكارط ديالو فالدار. خاصو يرجع خاوي اليدين بلا ما يصرف الشيك. ,Moroccan
 كان أحمد يقود السيارة في بلد أجنبي لأول مرة، ووجد صعوبة في التأقلم مع القيادة على الجانب الأيمن. شعر بالتوتر كلما اقتربت منه سيارة، خاصة عند المنعطفات. تدريجيًا، بدأ يعتاد على الأمر وأصبح أكثر ثقة. في النهاية، استمتع بتجربة القيادة الجديدة وتعلم الكثير منها. , أحمد كان كيسوق الطوموبيل ديالو ف بلاد برانية للمرة الأولى، ولقا صعوبة كبيرة باش يتعود يسوق على الجنب الليمن. كان كيحس بالقلق كل مرة تقرب ليه طوموبيل، بزاف على الدوران. ولكن، شوية بشوية بدا يتعود وولا عندو ثقة فراسو. ف الأخير، بدا كيستمتع بالتجربة ديال السواقة الجديدة وتعلم بزاف د الحوايج. ,Moroccan
 كان الممثل رائعا بالفعل. لقد حظي بتصفيق حار من الجمهور بعد انتهاء العرض. وفي الكواليس، انهالت عليه التهاني من زملائه. شعر بالفخر لأنه أتقن دوره بكل احترافية. , كان الممثل زوين بزاف. الجمهور ديالنا صفق ليه بزاف بعد ما سالا العرض. وفي الكواليس، جاوه زملاء ديالو يباركو ليه. حس بالفخر حيث دار رولو بمهنية. ,Moroccan
" كان يحيى دائماً يحلم بمغامرات خارقة ويتخيل نفسه بطلاً في عوالم موازية. في يوم من الأيام، سألته أمه بحنان: ""أين الجانب غير الخيالي في شخصيتك؟"". فكر يحيى طويلاً وقرر أن يجرب أنشطة جديدة وواقعية. بدأ بالتطوع في مأوى للحيوانات، وهناك اكتشف شغفه برعاية الآخرين. "," كان يحيى ديما كيحلم بمغامرات خيالية وكيتصور راسو بطل في عوالم أخرى. واحد النهار، مها سولتو بمحبة: ""فين هو الجانب الواقعي في شخصيتك؟"". يحيى تفكر بزاف وقرر يجرب أنشطة جديدة وحقيقية. بدا يتطوع في مأوى للحيوانات، وتما كتشف شغفه بالعناية بالآخرين. ",Moroccan
 إذا حدث ذلك، من فضلك أتصل بي. في اليوم التالي، حدث ما كان متوقعًا ورن هاتفي. كان صوتها متوترًا على الخط الآخر. أخبرتني بأن الوقت قد حان لنتحرك ونتخذ القرارات الصعبة. بعد الاتصال، جمعت أغراضي وتوجهت نحو المجهول. , إلى وقع هادشي، عافاك إتصل بيا. نهار لي بعدو، اللي كنت كانتسنا وقع وتيليفوني صونا. صوتها كان متوتر فالخط لاخر. قالت ليا وقتاش لازم نتحرك وندير القرارات الصعبة. من بعد المكالمة، جمعت حوايجي ومشيت نواجه المجهول. ,Moroccan
" في يوم حار جداً، سأل راكب الحافلة السائق: ""هل يمكن أن تغير مقعدي من فضلك؟"" السائق، بلطف شديد، وافق وأوقف الحافلة ليساعده. وجد الراكب مقعداً بجانب النافذة وشعر بنسيم بارد. شكر الراكب السائق واستمتع برحلته الباقية بسلام وهدوء. "," فنهار شد الحر، واحد الراكب سول الشيفور ديال الكار: ""الله يخليك، ممكن تبدل ليا بلاصتي؟"" الشيفور، بكل احترام، وافق ووقف الكار باش يعاونو. الراكب لقا بلاصة حدا النافذة وحس بنسمة هوا باردة. شكر الراكب الشيفور وتمتع بالرحلة ديالو الباقية بالسكينة والراحة. ",Moroccan
" في يوم من الأيام، سأل تاجر شاب العجوز عن جودة السلعة قائلاً ""هل هناك ضمانًا؟"" فابتسم العجوز وأجابه بأن كل شيء في هذه الحياة مؤقت والضمان الوحيد هو التغيير. ولكنه أضاف أنه يثق في جودة بضاعته ويعد بإصلاح أي عيب قد يظهر. راق للشاب الفكرة وقرر أن يثق بكلمات العجوز ويشتري السلعة، فتعلم أن الثقة قد تكون أهم من أي ضمان مكتوب. "," فواحد النهار، شي تاجر صغير سول الشيخ على جودة السلعة و قال ليه ""واش كاين ضمان؟"" الشيخ ضحك و قال ليه كلشي فهاد الدنيا زائل و الضمان الوحيد هو التبدل. ولكن، زاد و قال ليه بلي هو متأكد من جودة البضاعة ديالو و غادي يصلح أي عيب يبان. الشاب اعجباتو الفكرة و قرر يثق فكلام الشيخ و يشري السلعة، و تعلم بلي الثقة كتكون أهم من أي ضمان مكتوب. ",Moroccan
 في يومٍ مشمسٍ، قرر محمد أن يعتني بالكلب الضائع الذي وجده في الحديقة. بدأ بإطعامه وتقديم الماء له بكل حنان. كل يوم، كان يأخذ الكلب في نزهةٍ طويلة ويلعب معه. شيئًا فشيئًا، نشأت بينهما صداقة قوية لا تُنسى. , فنهار شمشي، محمد قرر يعتاني بالكلب لي لقى ضايع فالحديقة. بدا كيطعمو ويسقيه بكل حنان. كل نهار، كان ياخد الكلب فجولة طويلة ويلعب معاه. شوية بشوية، تولدات بيناتهم صداقة قوية مايمكنش تنسى. ,Moroccan
 أريد تذكرتين للقطار ليوم الخميس. فتحت ليلى حقيبتها لتتأكد من وجود المحفظة بها قبل الذهاب لشراء التذاكر. وجدت بين أغراضها صورة قديمة لها وهي طفلة تلعب على الشاطئ. تبسمت للذكريات الجميلة ثم واصلت طريقها إلى المحطة. , بغيت جوج ديال التذاكر للقطار لنهار الخميس. ليلى حلت صاكها باش تتأكد واش الپورطموني ديالها موجود قبل ما تمشي تشري التذاكر. لقات تصويرة قديمة لما كانت صغيرة كتلعب على الشط. تبسمت للذكريات الزوينة وتابعت طريقها للمحطة. ,Moroccan
" كان أحمد يبحث عن مقهى لقضاء وقت فراغه. سأل المارة: ""أين المقهى؟"" لكن لم يجبه أحد. وأخيرًا وجد مقهى صغيرًا في زاوية هادئة من الشارع. جلس وطلب كوبا من القهوة واستمتع بالهدوء. "," أحمد كان كيقلب على قهوة باش يقضي شي وقت. سول الناس لي كيدوزو: ""فين القهوة؟"" ولكن ما جاوبوه حتى واحد. أخيرا، لقا قهوة صغيرة في زنقة هانية. جلس وطلب فنجان ديال القهوة وتمتع بالسكات. ",Moroccan
 ذهب محمد إلى السوق ليشتري جاكيت لابنه. وجد واحدًا مناسبًا ولكن كان سعره مرتفعًا. قرر أن يتفاوض مع البائع. وأخيرًا، تمكن من الحصول عليه بسعر معقول. , محمد مشى للسوق باش يشري جاكيت لولدو. لقا واحد زوين ولكن غالي بزاف. قرر يتشاور مع البائع. وأخيرا، جابو بثمن مزيان. ,Moroccan
" في يومٍ مشمس، سأل الطفل العجوز جالساً على مقعد الحديقة: ""اسمك مرة ثانية؟"" فابتسم العجوز وأجاب بحنان: ""اسمي حسن، وأنت؟"" رد الطفل ببراءة: ""أنا يوسف، وأحب أن أستمع لقصصك."" ومنذ ذلك اليوم، أصبحا صديقين يشاركان القصص والضحكات. "," فنهار مشرق، الدري صغير سول الشيخ للي كان جالس فوق البنك ديال الحديقة: ""شنو سميتك مرة أخرى؟"" الشيخ تبسم وجاوب برقة: ""سميتي حسن، ونتا؟"" الدري جاوب ببراءة: ""أنا يوسف، وكنحماق على قصصك."" وملي هاكاك، ولو حباب يشاركو الحكايات والضحك. ",Moroccan
" في يوم مشمس، سألت جارتي أم أحمد عن السيد برون الذي يقطن بجانبنا. ""هل مستر برون هناك؟"" سألتها بفضول. ابتسمت أم أحمد وأجابت أن مستر برون غادر صباحاً لزيارة السوق. ومنذ ذلك الحين، أصبحت أم أحمد تحكي لي قصصاً عن أسفار مستر برون الشيقة. "," فنهار شمسي، سولت جارتي أم أحمد على السي برون لي ساكن حدانا. ""واش مستر برون كاين؟"" سولتها بالفضول. دارت أم أحمد الضحكة وقالت ليا بللي مستر برون مشى للسوق من الصباح. ومن داك النهار، وأم أحمد كتعاود لي على السفريات الزوينة ديال مستر برون. ",Moroccan
" في يوم مشمس، قررت ليلى شراء كتاب من الإنترنت. حينما استفسرت عن السعر، أخبرها البائع: ""حسنا، إنها تتكلف خمسة وثمانون دولارا في البريد العادي وثلاثة دولارات في التوصيل الخاص"". فضلت ليلى خيار التوصيل الخاص لسرعته. وبعد ثلاثة أيام، استلمت ليلى الكتاب وبدأت في قراءته بحماس. "," فنهار شمشي، ليلى بغات تشري كتاب من الانترنت. ملي سولات على الثمن، البايع قال ليها: ""مزيان، غادي يكلفك خمسة وتمانين دولار في البريد العادي وتلاتة دولار في التوصيل الخاص"". ليلى اختارت التوصيل الخاص باش يوصل بالزربة. بعد تلاتة أيام، تسلمات ليلى الكتاب وبدات تقرا فيه بشوق. ",Moroccan
" في يومٍ مشمسٍ، قرر أحمد أن يذهب في رحلة بحرية، فتوجه إلى الميناء وسأل الصياد: ""هل يمكن أن أؤجر قارب ليوم؟"" وافق الصياد وأعطاه مفاتيح القارب الصغير. استمتع أحمد بيومه مبحراً بين الأمواج، وعاد مع غروب الشمس وقلبه مليء بالسلام. "," ف نهار شمسي، أحمد قرر يدير رحلة بحرية، مشا للميناء وسول الصياد: ""واش ممكن نكري قارب لنهار؟"" الصياد قبل وعطاه المفتاح ديال القارب الصغير. أحمد استمتع بنهارو كيتمشى بين الأمواج، ورجع مع غروب الشمس وقلبو مليان بالسلام. ",Moroccan
" عند أي نافذة يمكن أن أقوم بعمل الحجز؟ قالت المرأة بحيرة وهي تقف في الطابور الطويل. رد عليها الموظف بابتسامة، ""النافذة رقم خمسة يمكنك من خلالها إتمام حجزك."" وعندما وصلت إلى النافذة المحددة، وجدت أن الموظف كان صديقا قديما لها. فرحت كثيراً باللقاء المفاجئ وأنجزت حجزها بسهولة ويسر. "," فين يمكن ليا ندير الريزيرڤاسيون؟ سولات المرا بتحيّر وهي واقفة في الطابور الطويل. العامل تبسم وقال ليها ""الشباك نمرة خمسة تقدري ديري فيه الريزيرڤاسيون ديالك."" مللي وصلات للشباك لي قال ليها، تفاجأت بلي العامل كان صاحب قديم ديالها. فرحت بزاف بالموقف لي وقع وسالات الريزيرڤاسيون ديالها بكل سهولة. ",Moroccan
" وجد علي صندوقاً قديماً في العلية. تساءل بفضول ""ما هذا؟"". عند فتحه، اكتشف مجموعة من الرسائل القديمة. كانت الرسائل مليئة بقصص الأجداد ومغامراتهم. "," علي لقى صندوق قديم فوق في السطاح. قال بالفضول ""شنو هادا؟"". ملّي فتحو، لقى مجموعة ديال الرسايل القديمة. الرسايل كانوا عامرين بقصص الأجداد ومغامراتهم. ",Moroccan
" في يوم مشمس، سأل رجل عابر امرأة في الشارع، ""هل يمكنك أن تخبريني كيف أستطيع أن أصل إلى الأوبرا؟"" فأجابته السيدة بابتسامة وأشارت إلى طريق مزدحم يؤدي إلى المكان المطلوب. وبينما كان يسير، أخذ يتأمل العمارات العالية والشوارع النظيفة. وصل الرجل في النهاية إلى الأوبرا، شاكرًا تلك السيدة في قلبه على مساعدتها. "," فنهار مشرق، واحد السيد سول واحد المرأة ف الزنقة، ""واش ممكن تقولي كيفاش نمشي للأوبرا؟"" جاوباتو بابتسامة وراتو طريق عامر بالناس لي غادي يوصلو للمطلوب. مشا كيتأمل في العمارات لكبار والزناقي لنقاو. في الأخير وصل للأوبرا، كايشكر فقلبو المرأة لي عاوناتو. ",Moroccan
 في الليلة الماضية، كان خالد مخموراً بدرجة كبيرة. تعثر في طريقه إلى المنزل وأسقط مفاتيحه. في الصباح، استيقظ بصداع شديد ولا يتذكر ما حدث. شعر بالندم وقرر ألا يشرب الكحول مجدداً. , البارح، خالد كان شارب بزاف. في طريقو للدار، تعتر وطاحت منو المفاتيح. في الصباح، فاق بصداع خايب وما عقلش شنو وقع. حس بالندامة وعاهد راسو ما يعاودش يشرب. ,Moroccan
" في يوم مشمس، ذهب خالد إلى المتحف الوطني. وجد على الباب لافتة تقول ""من فضلك اتبع التعليمات الصادرة من موظفينا"". داخل المتحف، التقى بمرشد ذكي أخبره بتاريخ القطع الأثرية. استمتع خالد بيومه وعاد إلى منزله مليئًا بالمعرفة والذكريات الجميلة. "," فنهار مشرق، خالد مشى للمتحف الوطني. لقا فالباب علامة كاتقول ""عافاك تبع التعليمات اللي كايعطيو الموظفين ديالنا"". جوا المتحف، خالد تلاقى بمرشد فهيم قال ليه على تاريخ القطع الأثرية. خالد استمتع بنهارو ورجع لدارو معمر بالعلم والذكريات زوينة. ",Moroccan
 في يوم من الأيام، سأل رجل عابر السبيل عن محل متعدد الأقسام بالقرب من المنطقة. فأشار له المارة إلى متجر كبير خلف الساحة العامة. وعندما وصل، وجد كل ما يحتاجه من مستلزمات. شعر بالسعادة لأنه وجد مكاناً يلبي كافة احتياجاته. , واحد النهار، شي حد سول على واحد المحل كبير فيه كلشي حدا المنطقة. الناس دلوه على محل شمكار مورا الساحة العمومية. مللي وصل، لقا كلشي باغي. فرح بزاف حيت لقى بلاصة كتجاوب على كلشي بغا. ,Moroccan
 املأ خزان الوقود من فضلك ؛ فالطريق طويل أمامك. وعندما أكملت المهمة، وجدت نفسي في قلب الصحراء. بلا أنيس سوى النجوم، أدركت قيمة الرفيق. ومع بزوغ الفجر، بدأت رحلة البحث عن واحة الأحلام. , عمر لي الرزروار ديال الصّبان عافاك؛ راه الطريق بعيدة قدامك. وملي ساليت الخدمة، لقيت راسي فقلب الصحراء. مكينش لي يصاحبني غير النجوم، حسيت بثمن الرفيق. ومع طلوع النهار، بديت الرحلة باش نلقى واحة الأحلام. ,Moroccan
 في أحد الفنادق القديمة، سأل مسافر عن تكلفة الإقامة. هل يوجد غرفة بسعر أرخص ؟ فأجابه البواب بأن هناك غرفة بسعر معقول لكنها بدون نافذة. وافق المسافر مرغماً وقضى ليلة هادئة في الغرفة الصغيرة. , فواحد من الفنادق القديمة، واحد السياح سول على ثمن الإقامة. واش كاينة شي حجرة بثمن أرخص؟ جاوبو البواب وقال ليه عندنا حجرة بثمن مناسب ولكن بلا شرجم. السياح وافق بالضرورة ودوز ليلة هانية فالحجرة الصغيرة. ,Moroccan
 أفضل سيارة بها نظام إلي لنقل الحركة، وهذا ما جعل أحمد يقرر شراءها. , كانت رحلاته أسرع وأكثر راحة. ,Moroccan
 سأقيم في مسكن الطلبة الخاص بجامعة هارفارد. سأستغل هذه الفرصة لأتعرف على ثقافات جديدة وأصدقاء من مختلف البلدان. ستكون الدراسة صعبة لكني مستعد للتحدي. وأخيرًا، أتمنى أن تساهم هذه التجربة في تحقيق أهدافي المستقبلية. , غادي نسكن في دار الطلبة ديال جامعة هارفارد. غادي نستغل هاد الفرصة باش نتعرف على ثقافات جديدة ونصاحب ناس من بلدان مختلفة. القراية غادي تكون صعيبة ولكن أنا مستعد للتحدي. وفالأخير، كنتمنى هاد التجربة تعاوني نحقق أهدافي المستقبلية. ,Moroccan
" في الصباح، استفسر أحمد عن سعر الصرف قائلاً ""ما هو سعر الصرف اليوم؟"" فأجابه الصراف بأن العملة قد ارتفعت قيمتها. شعر أحمد بالسعادة لأنه كان ينوي تحويل مبلغ كبير. وبعد إتمام التحويل، خرج مبتسماً من مكتب الصرافة. "," فالصباح، أحمد سول الصراف ""شحال هو سعر الصرف اليوم؟"" الصراف قال ليه بللي العملة طلعت فالقيمة. أحمد فرح حيت بغا يبدل مبلغ كبير. وملي سالا التحويل، خرج كيضحك من مكتب التصريف. ",Moroccan
 كان يوسف يعاني من الربو منذ الطفولة، وكانت نوبات الأزمة تهاجمه بشكل مفاجئ. في يوم من الأيام، تعرض لنوبة شديدة أثناء تواجده في المدرسة. استدعى المعلمون الإسعاف، وتم نقله إلى المستشفى. منذ ذلك الحين، حرص يوسف على حمل بخاخ الربو معه أينما ذهب. , يوسف كان كيعاني من الربو من نهار كان صغير، وكانت الكابوس ديال الأزمة كتجيه بلا موعد. شي نهار، جات ليه واحد النوبة خايبة وهو ف القراية. الأساتذة صوناو للإسعاف، ودوه للصبيطار. من ديك الساعة، يوسف ولا ديما كيجيب معاه البومبة ديال الربو فينما مشى. ,Moroccan
 معي حوالي ثلاثة آلاف دولاراً، فقررت أن أستثمرها في مشروع صغير. بدأت بمحل لبيع الحلويات في الحي. سرعان ما اشتهر المحل بجودة منتجاته. وبعد عام، تمكنت من فتح فرع ثاني. , عندي حوالي تلاتة الاف دولار، قررت نستثمرهم في مشروع صغير. بديت بدكان لبيع الحلويات فالحومة. دغيا ولا الدكان معروف بجودة ديالو. ومن بعد عام، قدرت نفتح فرع ثاني. ,Moroccan
" في مطعم راقٍ، جلس أمير يتأمل القائمة بشغف. حين اقتربت النادلة، سألته عن اختياره للطعام. أجاب أمير بحيرة: ""حسناً، سيدي. فقد أتت بخيارين مقليات فرنسية أو أرز بالتوابل واللحم، أيهما تحب؟"" بتفكير عميق وابتسامة، اختار أمير الأرز بالتوابل واللحم متخيلاً النكهات الغنية التي ستداعب حاسة التذوق لديه. "," فواحد الريستوران شيك، أمير كان جالس كيتأمل فالميني. مللي جات السرباية، سولاتو شنو باغي ياكل. جاوب أمير بشوية ديال الحيرة: ""أوكي، سيدي. جابت ليا السرباية خيارين، فريت أو رز بالتوابل واللحم، واش ندير؟"" بعد شوية ديال التفكير وابتسامة، اختار أمير الرز بالتوابل واللحم كيتخيل الذوق الغني للي غادي يدوق. ",Moroccan
" ذهب أحمد في رحلة إلى مدينة غريبة وتاه عن طريقه. سأل رجلاً في الشارع: ""كيف أصل إلى ذلك المكان؟"" فأشار الرجل إلى الطريق الصحيح بلطف. وأخيرًا، وصل أحمد إلى وجهته بفضل المساعدة التي حصل عليها. "," مشى أحمد في رحلة لمدينة جديدة وتاه في طريقو. سول واحد فالزنقة: ""كيفاش نوصل لهاد المكان؟"" وباش ما كان، دلك الراجل على الطريق الصحيح بكل احترام. وأخيرا، وصل أحمد للوجهة ديالو بالشكر للمساعدة اللي تلاقا. ",Moroccan
 في يوم من الأيام، وجد الصياد قنينة عتيقة على شاطئ البحر. عندما فتحها، خرج منها جني وعده بثلاث أمنيات. فطلب الصياد السلامة لعائلته، وشباكًا لا تتمزق، وسفينة تبحر بلا توقف. ومنذ ذلك اليوم، عمّ الرخاء في حياة الصياد وأصبح مشهورًا بين الناس. , ف واحد النهار، لقا الصياد قرعة قديمة ف شاطئ البحر. ملي حلها، خرج منها جني وعطاه وعد بتلاتة أمنيات. الصياد طلب السلامة لعائلتو، وشباك ماكتتقطعش، وسفينة تمخر البحر بلا توقف. ومن داك النهار، عاش الصياد الرخاء وولا مشهور بين الناس. ,Moroccan
 كان هناك رجل يزور البحر كل يوم. في يوم من الأيام، وجد زجاجة قديمة مغلقة تحتوي على رسالة. قرأ الرسالة واكتشف أنها خريطة كنز. بحث عن الكنز ثلاث مرات حتى وجده. , كان كاين راجل كيمشي للبحر كل نهار. نهار من الأيام، لقا قرعة قديمة فيها ورقة. قرا الورقة وعرف بللي هيا خريطة ديال كنز. بحث على الكنز ثلاث ديال المرات حتى لقاه. ,Moroccan
" كان علي يبحث عن طوابع ليرسل رسالة. سأل أحد المارة: ""أي نافذة تبيع الطوابع؟"" فأشار الرجل إلى النافذة الثالثة. شكره علي واشترى الطوابع التي يحتاجها بسرعة. "," علي كان كيقلب على طوابع باش يبعت رسالة. سول واحد من الناس: ""أي نافذة كتبيع الطوابع؟"" الراجل دلو على النافذة التالتة. علي شكر الراجل وشرى الطوابع اللي بغا بسرعة. ",Moroccan
 بعد أن هاجمني، هرب في شاحنة بيضاء. قمت بإبلاغ الشرطة فوراً وبدأت في وصف الشاحنة والمهاجم. بحثت الشرطة في كل مكان وتمكنوا من العثور على الشاحنة متوقفة بالقرب من محطة الوقود. تم القبض على الجاني واستعدتُ أغراضي التي سُرقت. , بعد ما هاجمني، طلع فشاحنة بيضة وزاد. ديتلهم الخبار للبوليس وعاونتهم بوصف الطوموبيل والمهاجم. البوليس داروا البحث فكل بلاصة وعرفوا يجدو الطوموبيل واقفة حدا وقيت البنزين. شدو الجاني ورجعتلي الأغراض اللي تشفرو. ,Moroccan
" كان أحمد ينوي شراء هدية لأمه. حين وصل إلى المتجر، قدم له البائع قسيمة خصم. قال البائع ""حسنًا، من فضلك احتفظ بهذه القسيمة وقدمها عندما تقوم بالاختيار"". شعر أحمد بسعادة غامرة لأنه سيوفر المال ويشتري هدية مميزة لأمه. "," أحمد بغا يشري كادو لمّو. ملّي وصل للحانوت، البايع عطاه ورقة تخفيض. گال ليه البايع ""مزيان، عافاك حافظ على هاد الورقة ووريها ليا ملّي تختار"". حس أحمد بفرحة كبيرة حيت غادي يوفر الفلوس ويشري كادو مميز لمّو. ",Moroccan
" كان يحسب أن السوق بعيد، فقرر أن يستقل الحافلة. وعندما وصل، رأى الشيء الذي طالما رغب في شرائه. فكر في الأمر قليلاً وقال لنفسه: ""كنت سأشتري هذا إن كنت في مكانك"". وبلا تردد، أخرج محفظته واشترى الغرض مبتسماً. "," كان كيحسب بللي السوق بعيد، فقرر يمشي بالكار. وملي وصل، شاف الحاجة لي بغا يشريها من زمان. فكر شوية وقال لراسو: ""كون كنت فبلاصتك كنت غادي نشري هادشي"". وبلا تردد، خرج المحفظة ديالو وشرا الحاجة كيضحك. ",Moroccan
 كان لدى علي فاتورة يجب أن يدفعها بقيمة مائتي دولار. تساءل إن كان يجب عليه دفع المبلغ نقدًا فوريًا أم عبر البطاقات الائتمانية. قرر في النهاية استخدام بطاقته الائتمانية لجمع نقاط المكافآت. بعد الدفع، شعر بالراحة لأنه أدار أمواله بحكمة. , عند علي فاتورة خاصو يخلصها بميتين دولار. كان كيفكر واش يخلص كاش دابا ولا بالكارط كريدي. قرر فاللخر يستعمل الكارط ديالو باش يجمع النقاط ديال الهدايا. مورا ما خلص، حس بالراحة حيت مدبر فلوسو مزيان. ,Moroccan
" كان البحار قديماً يسأل: ""كم من الوقت تستغرق السفينة لعبور هذا المحيط؟"" وكان الجواب دائماً محاطاً بالغموض. في إحدى الرحلات، قرر أن يقيس الوقت بنفسه. أبحر لأيام وليالٍ حتى وصل إلى الشاطئ الآخر. وأخيراً، استطاع أن يخبر الناس أن الرحلة استغرقت ثلاثين يوماً بالضبط. "," البحار قديما كان كيسول: ""شحال من الوقت كتاخد السفينة باش تعبر هاد المحيط؟"" والجواب ديما كان مبهم. في واحد السفرية, قرر يجرب يحسب الوقت بوحدو. دار رحلة لأيام وليالي حتى وصل للشط الآخر. وأخيراً, قدر يقول للناس باللي الرحلة خدات تلاتين يوم بالضبط. ",Moroccan
" في يوم من الأيام، سأل مريض طبيبه: ""هل علىّ أن أتجنب أنواع معينة من الطعام خلال فترة تناولي هذا الدواء؟"" فأجابه الطبيب بأنه يجب عليه الابتعاد عن الأطعمة الدهنية والحارة. وببداية فترة العلاج، شعر المريض بصعوبة في التأقلم مع النظام الغذائي الجديد. ولكن مع مرور الوقت، تحسنت صحته بشكل ملحوظ، وشعر بالامتنان لنصيحة طبيبه. "," شي نهار، واحد السيد سول طبيبو: ""واش خاصني نتجنب شي أنواع ديال الأكل ملي كندير هاد الدوا؟"" طبيبو جاوبو بلي خاصو يبعد من الأكل اللي فيه الشحمة والحرور. فبداية العلاج، لقى السيد صعوبة باش يتأقلم مع النظام الغذائي الجديد. ولكن مع الوقت، صحتو تحسنات بزاف وحمد الله على نصيحة طبيبو. ",Moroccan
 في يوم مشمس، دخل رجل إلى محل الأحذية متسائلاً عن أحذية حريمي عند أصابع القدم. البائع، بابتسامة عريضة، أومأ إلى الركن حيث تتلألأ تشكيلة واسعة من الصنادل الأنيقة. الرجل اختار زوجاً لزوجته بعناية فائقة، متأملاً في تفاصيل التصميم الرقيقة. وعندما عاد إلى المنزل، قدم الهدية لزوجته التي ارتسمت على وجهها ابتسامة الرضا والسعادة. , واحد النهار، دخل راجل لمحل ديال الجواكي كيقلب على صباط ديال العيالات لي كيكونو مفتوحين من القدام. البائع بتبسم ورا ليه البلاصة فين كاينة كولكسيون زوينة ديال الصندلات. الراجل اختار زوج صباط بعناية كبيرة لمرتو، كيشوف في النقشة الدقيقة ديالهم. وملي رجع لدار، عطا لمرتو الهدية وهي فرحانة بزاف وضحكة على وجها. ,Moroccan
" في أحد الأيام، قرر محمد السفر عبر الحدود لزيارة أقاربه. قبل الرحلة، سأل صديقه: ""هل ستواجهني أية صعوبات في الجمارك؟"" صديقه أكد له أنه إذا كانت أوراقه مكتملة فلن يواجه أي مشاكل. وعندما وصل محمد إلى الجمارك، مرّ بسهولة بعد أن قدّم جميع الوثائق المطلوبة. "," واحد النهار، محمد قرر يمشي للخارج باش يزور العائلة ديالو. قبل ما يتحرك، سول صاحبو: ""واش غادي نواجه شي مشاكل فالجمارك؟"" صاحبو قال ليه إلى كانت الأوراق ديالو كاملة ما غاديش يكون عندو مشاكل. ملي وصل محمد للجمارك، داز بلا مشاكل بعد ما ورا كلشي ديال الوراق لي طلبو منو. ",Moroccan
 في إحدى الحانات القديمة، طلب رجل من النادل بعض النبيذ الأحمر. وبينما هو يتذوق الرحيق الأحمر، دخلت امرأة ذات ملامح جميلة. نظر إليها مليًا وابتسم، فقد كانت صديقته القديمة التي لم يرها منذ سنوات. , فواحد البار العتيق، طلب واحد الراجل من السرباي شوية ديال النبيذ الحمر. وهو كيتذوق الخمرة، دخلات واحد البنت زوينة. شاف فيها مزيان وتبسم، عرفها صاحبتو القديمة لي ماشافهاش من الزمان. ,Moroccan
 أخبرني عندما نصل إلى المتحف. وعندما وصلنا، كان المتحف مغلقًا بسبب التجديدات. شعرت بخيبة أمل كبيرة، ولكن صديقي اقترح أن نتجول في الحديقة بدلاً من ذلك. في الحديقة، وجدنا معرضًا فنيًا مفتوحًا كان يعرض لوحات نادرة. ," 9oli lama nwaslo lmat7af. Mli waslna, lmat7af kan msadda 7it kaydiro fiyih tajdidat. 7asset b khayba kbira, walakin sa7bi 9al yallah nro7o n7awlo f l7dai9a bache nstanna. F l7dai9a, l9ina ma3rad fanni ftou7 kay3rad lw7at nadira. ",Moroccan
" في أحد الأيام، سأل محمود السائق: ""هل يذهب هذا الأتوبيس إلى فندق الشيراتون؟"" فأجابه السائق بابتسامة وقال: ""نعم، اصعد وتفضل بالجلوس."" خلال الرحلة، تعرف محمود على مسافرين من مختلف الجنسيات. وبعد وصوله، شكر السائق وتمنى له يومًا سعيدًا. "," فواحد النهار، محمود سول الشيفور: ""واش هاد الكار هو كايمشي للفندق شيراتون؟"" الشيفور تبسم وقال ليه: ""أه، طلع معانا وتفضل اجلس."" فالطريق، محمود تعرف على ناس من جنسيات مختلفة. وملي وصل، شكر الشيفور وتمنى ليه نهار زوين. ",Moroccan
" في يوم ما، تساءل خالد عن نتائج جهوده. ""إلى أي شيء وصل ذلك الأمر؟""، قال وهو ينظر إلى الأفق. بعد عام، أصبحت فكرته مشروعًا ناجحًا. وأدرك أن الصبر والمثابرة هما مفتاح النجاح. "," فواحد النهار، خالد بدا يتساءل على نتائج خدمتو. ""واش هاد الشي وصل لشي حاجة؟""، قال و هو كيشوف فالأفق. من بعد عام، ولات فكرتو مشروع ناجح. وعرف بلي الصبر والاجتهاد هما سر النجاح. ",Moroccan
 كان الجو حارًا ذلك اليوم، وشعرت بالضيق في الغرفة. إنه ساخن بدرجة بسيطة. هل يمكن أن أفتح النافذة؟ سألت وأنا أنظر إلى زملائي في الصف. وبمجرد أن فتحتها، هبت نسمة منعشة جعلتنا جميعًا نشعر بالراحة. , كان الجو شاد حرارة هاد النهار، وحسيت بشوية ديال الحبسة فالبيت. راه سخون شوية. واش يمكن ليا نحل الشرجم؟ سولت وأنا كنشوف فصحابي فالقسم. وملي حليتو، دخلات نسمة ديال الهوا لي خلاتنا كاملين نتنفسو باراحة. ,Moroccan
" في يوم من الأيام، كان هناك رجل يملك دشاً واحداً في بيته. دائماً ما كان يقول لأولاده ""فقط دش يكفي"". ولكن في أحد الأيام، تعطل الدش وأصبح الجميع في حيرة من أمرهم. في النهاية، اضطروا إلى الاستحمام بدلو الماء حتى يتم إصلاحه. "," فنهار من الأيام، كان هناك راجل عندو دوش واحد في دارو. ديما كان كيقول لولادو ""غير دوش واحد يكفي"". ولكن فنهار، الدوش تخربق وجميع تحيرو. فالأخير، خاصهم يدوشو بالطاسة حتى يتصلح. ",Moroccan
 عيني محمرة قليلا لأنني قضيت ساعات طويلة أمام الكمبيوتر. شعرت بالتعب والإرهاق بعد يوم عمل شاق. قررت أن أخذ استراحة وأذهب للتنزه في الحديقة. هناك، التقيت بصديق قديم وتبادلنا أطراف الحديث. , عينيا حمرين شوية حيت بقيت ساعات طوال كنخدم قدام الكمبيوتر. حسيت بالتعب والعياء بعد نهار ديال الخدمة الصعيب. قررت ناخد وقت ديال الراحة ونمشي نتسارى فالحديقة. تماك، تلاقيت مع صاحب قديم ودردشنا شوية. ,Moroccan
 لا ، هل لي أن أقترح أخذ غرفة ذات سريرين للاستخدام الفردي ؟ فنحن لدينا واحدة. وافق النزيل على الاقتراح وشعر بالراحة في الغرفة الواسعة. في الصباح، استيقظ على صوت العصافير وأشعة الشمس الدافئة. تناول فطوره وهو يتأمل جمال الحديقة من نافذته. , لا، واش يمكن ليا نقترح عليك تاخد غرفة فيها جوج نمرات للاستعمال الشخصي؟ عندنا وحدة هاكا. الزبون وافق وحس بالراحة فالغرفة الكبيرة. فالصباح، فاق على صوت العصفور ودفء الشمس. كلا فطورو وهو كيشوف زين الجردة من شرجمو. ,Moroccan
" لم يكن لدى سامر أي خيار سوى المحاولة. قال لصديقه بتصميم: ""لا أستطيع تأكيد ذلك لكنا سنبذل قصارى جهدنا."" وبالفعل، بدأوا في العمل معاً من أجل حل المشكلة. في النهاية، تمكنوا من تحقيق نجاح غير متوقع. "," سامر ما عندو حتى خيار آخر غير أنه يجرب. قال لصاحبو بإصرار: ""ما نقدرش نضمن ليك هادشي، ولكن غادي نديرو كل جهدنا."" داروا الخدمة مع بعضياتهم باش يحلو المشكل. وفالأخير، توفقوا وحققو نجاح ما كانش متوقع. ",Moroccan
" في أحد الأيام، قررت ليلى أن تغير من مظهرها فذهبت إلى صالون التجميل. وقالت للمصفف: ""أريد تمويج متقارب لشعري، من فضلك"". بعد ساعات من العمل الدقيق، انعكس جمال شعرها المتموج في المرآة. خرجت ليلى من الصالون وهي تشعر بالتجديد والثقة بالنفس. "," واحد النهار، ليلى قررات تبدل شكلها ومشات لصالون ديال الزين. وقالت للكوافير: ""بغيت ندير تموج مقرب لشعري، عافاك"". بعد سوايع ديال الخدمة الدقيقة، ليلى شافت الزين ديال شعرها المجعد فالمرايا. خرجات ليلى من صالون وهي كتحس بالتجديد والثقة فنفسها. ",Moroccan
 كان البحر إلى الأسفل من بعيد. وقفت ليلى تنظر إليه بشوق، فقد طال انتظارها لتلك اللحظة. أخذت نفساً عميقاً وبدأت بالهبوط نحو الشاطئ. ومع كل خطوة، زادت دقات قلبها ترقباً للموج الهادئ. , كان البحر تحتاني من بعيد. ليلى واقفة كتشوف فالموج بحنين، منتظرة هاد اللحظة بزاف. دارت نفس عميق وبدات تهبط للشاطئ. مع كل خطوة، قلبها كيزيد يضرب بشوق للموج الهاني. ,Moroccan
 هي تريد بيرة، فذهبت إلى البار المجاور. وجدت البار مزدحمًا للغاية. تحدثت مع النادل وطلبت بيرة خاصة. استمتعت بشربها وهي تستمع للموسيقى الحية. , بغات بيرة، مشات للبار لي حداهم. لقاتو عامر بنادم بزاف. هضرت مع السرفور وطلبات بيرة خاصة. استمتعات بيها وهي كتسمع للموسيقى مباشرة. ,Moroccan
 كان محمود يعاني من آلام شديدة في البطن، فذهب إلى الطبيب الذي أخبره أنه بحاجة إلى إجراء عملية. شعر بالقلق لكنه قرر أن يثق بالطاقم الطبي. بعد العملية، استيقظ محمود وقد زالت الآلام تمامًا. شعر بالامتنان للأطباء والممرضين الذين اعتنوا به. , محمود كان كيعاني من ألم شديد في كرشو، مشا عند الطبيب اللي قال ليه خاصو يدير عملية. حس بالخلعة ولكن قرر يثق فالطاقم الطبي. بعد ما دار العملية، فاق محمود بلا ما يحس بالألم. كان ممتن بزاف للأطباء والممرضين اللي عتنو بيه. ,Moroccan
" ذهب أحمد إلى السوق ليشتري بعض الطعام. وجد أن سعر البيض قد ارتفع، لكنه قرر شراء المزيد منه. عندما عاد إلى المنزل، قالت أمه بابتسامة: ""المزيد من البيض من فضلك."" فابتسم أحمد وأخرج البيض الذي اشتراه. "," مشى أحمد للسوق باش يشري شي حوايج للأكل. شاف بلّي ثمن البيض طلع، ولكن قرر يشري مزيد. فاش رجع لدار، مّو قالتلو بابتسامة: ""زيدنا من البيض عافاك."" أحمد تبسم وجبد البيض لي شرا. ",Moroccan
" كان أحمد يريد الذهاب إلى سنترال بارك للقاء أصدقائه. سأل أحد المارة: ""أين محطة الأتوبيس المتجه إلى سنترال بارك؟"" أرشده المارة إلى المحطة الصحيحة وأخبروه أن الأتوبيس سيأتي بعد خمس دقائق. شكر أحمد المارة وانتظر الأتوبيس الذي وصل في الوقت المحدد. "," أحمد بغا يمشي لسنترال بارك باش يتلاقى مع صحابو. سول واحد من الناس: ""فين غادي الباص لسنترال بارك؟"" الناس دلوه على لاستاسيون الصحيحة وقالوليه الباص جاي فخمس دقايق. شكر أحمد الناس وبقا كايتسنى الباص اللي وصل فوقتو. ",Moroccan
 في يوم ماطر، احتاج خالد إلى سيارة أجرة ليصل إلى مقابلة عمل مهمة. وجد سيارة أجرة بعد وقت طويل من الانتظار وتحت الأمطار الغزيرة. خلال الرحلة، شارك السائق قصصاً ملهمة عن النجاح بعد الفشل. وصل خالد إلى المقابلة في الوقت المناسب وملؤه الأمل والتفاؤل. , فنهار مطر، خالد كان محتاج لطاكسي باش يمشي لمقابلة خدمة مهمة. لقا طاكسي بعد ما ضرب الصبر وسط الشتا. فالطريق، الشيفور قال ليه قصص زوينة على النجاح بعد الفشل. وصل خالد للمقابلة في الوقت وعامر أمل وتفاؤل. ,Moroccan
 ها هو مفتاحك، يا سيدي. غرفة ستة وخمسون إثنى عشر. ابتسم الرجل شاكرًا وتوجه نحو الغرفة المذكورة. بعد دقائق من السير في الأروقة الطويلة، وجد الغرفة التي تحمل الرقم المطلوب. لكن عندما فتح الباب، وجد الغرفة مختلفة تمامًا عما توقع. كانت مليئة بالزهور والبالونات، وكان أصدقاؤه ينتظرونه هناك لمفاجأته بعيد ميلاده. , ها هو مفتاحك، سيدي. البيت ستة وخمسون اثنا عشر. الراجل تبسم بالشكر ومشى للبيت اللي قالولو عليه. بعد ما داز شوية في الرواق الطويل، لقا البيت اللي كيحمل النمرة لي بغا. ولكن، ملي فتح الباب، لقى البيت مخالف تماما للي كان كيتصور. كانت مليانة بالزهور والبالونات، وصحابو كانوا تما كيتسناوه باش يفاجئوه بعيد ميلادو. ,Moroccan
" كان هناك شاب يملك جاكتاً أنيقاً وكان يفخر به كثيراً. في يوم من الأيام، أثناء سيره في السوق، لاحظت فتاة جميلة الجاكت وقالت ""أحب الجاكت الخاص بك"". شعر الشاب بالسعادة لأن الجاكت قد جلب له إعجاب الناس. ومنذ ذلك الحين، أصبح الجاكت الخاص به رمزاً للحظ الجيد. "," كان هناك شاب عندو جاكيط شيك بزاف و كان فخور بيه بزاف. واحد النهار، و هو كيتمشى فالسوق، شافتو شي بنت زوينة و قالت ليه ""كنبغي الجاكيط ديالك"". الشاب حس بالفرحة حيت الجاكيط جاب ليه الإعجاب ديال الناس. و من ديك الساعة، الجاكيط ديالو ولا رمز ديال الزهر. ",Moroccan
 في يوم من الأيام، كان هناك شاب يعمل بجد لتحقيق حلمه. استمر في السعي خلف طموحاته رغم الصعاب التي واجهها. وبعد سنوات من العمل الشاق، أصبح أخيرًا مديرًا لشركته الخاصة. شعر بفخر عظيم لأنه لم يستسلم أبدًا. , كان كاين شي ولد كيخدم بزاف باش يحقق حلمو. مازال كيكافح وراء طموحاتو حتى مع الصعوبات اللي لقا. وبعد عامات من الخدمة الصعبة، ولى أخيرا مدير لشركتو الخاصة. حس بفخر كبير حيت ما استسلمش أبدا. ,Moroccan
 ها نحن قد وصلنا، هذا هو فندقك. توجه الرجل إلى الاستقبال لتسجيل الدخول. وجد غرفته مريحة وذات إطلالة جميلة. استلقى على السرير مستعدًا لقضاء ليلة هادئة. , وصلنا، هادا هو الفندق ديالك. الراجل مشى للإستقبال باش يدير الشيك إن. لقى البيت ديالو مريح وبمنظر زوين. تخشى على الناموسية واستعد يقضي ليلة هانية. ,Moroccan
 بدأت المباراة في الساعة السابعة مساءً. تجمع الجمهور في المدرجات يهتفون بحماس. لعب الفريقان بمهارة عالية والنتيجة كانت متقاربة. في النهاية، فاز الفريق المضيف بفارق نقطة واحدة. , بدات الماتش ديال كورة السلة على السبعة ديال العشية. الناس جمعو فالمدرجات كيشجعو بشوق. الفرقتين لعبو مزيان والنتيجة دارت قريبة. فالتالي، الفريق ديال الدار فاز بفرق نقطة وحدة. ,Moroccan
 صباح الخير. كيف حالك؟ استيقظ عمر باكرًا وقد امتلأ قلبه بالحماس ليوم جديد. تناول إفطاره بسرعة وخرج للقاء أصدقائه في الحديقة. لعبوا كرة القدم وتمتعوا بالضحك والمرح. وفي نهاية اليوم، عاد عمر إلى منزله وهو يشعر بالسعادة والامتنان للحظات الجميلة التي قضاها. , صباح الخير. كيف داير؟ عمر فاق بكري وكان متشوق بزاف لنهار جديد. شرب قهوتو بزربة وخرج يلقى صحابو فالحديقة. دارو ماتش ديال الكورة وضحكو وتمتعو. وفي آخر النهار، رجع عمر لدارو وهو فرحان وشاكر لي لحظات زوينة اللي عاشها. ,Moroccan
" في يوم مشمس، قرر أحمد أن يذهب في نزهة إلى الحديقة العامة. وصل إلى البوابة وتفاجأ عندما طلب منه الحارس أن يقدم دليل هوية. قال أحمد معتذرًا، ""أسف أنني بحاجة إلى أن أطلع على أي مستند لتحديد الهوية."" بعد البحث في جيوبه، وجد بطاقته الشخصية ودخل الحديقة بسعادة. "," فنهار مشرق بالشمس، أحمد قرر يمشي يتسارى فالحديقة العمومية. وصل للباب وتفاجئ ملي الحارس طلب منو يوريه شي حاجة تعرف عليه. أحمد قال بالأسف: ""سمح ليا، خاصني نوري شي ورقة تعرف بيا."" دار فجيوبو ولقى بطاقتو الوطنية ودخل الحديقة فرحان. ",Moroccan
" في أحد الأيام، زار أحمد معرضاً للفن الحديث وتأمل اللوحات بإعجاب. عندما وقف أمام لوحة غريبة الأشكال، شعر بحيرة وفضول. سأل الفنان عن معنى اللوحة، فأجابه بسؤال ""ماذا كان انطباعك؟"". بعد تفكير عميق، أدرك أحمد أن الفن يتجاوز الكلمات ويتحدث مباشرةً إلى الروح. "," واحد النهار، أحمد زار معرض ديال الفن العصري وتأمل اللوحات بإعجاب. ملي وقف قدام وحدة اللوحة اللي كانت عجيبة بأشكالها، حس بالحيرة والفضول. سول الفنان على معنى ديال اللوحة، جاوبو بسؤال ""ماذا كان انطباعك؟"". بعد تفكير، عرف أحمد بللي الفن كيتجاوز الكلام وكيحكي مباشرة للروح. ",Moroccan
 بالتأكيد، سأحتسي القهوة بعد العشاء. جلس محمد في الشرفة يتأمل النجوم، وفي يده كوب القهوة الساخن. استغرق في التفكير بقصص الأجداد وحكايات الزمن الجميل. ومع كل رشفة، شعر بدفء الذكريات يعود به إلى الماضي. , آكيد، غادي نشرب القهوة بعد العشاء. محمد جلس ف البالكون كيشوف ف النجوم، كاين شاد ف يدو كاس ديال القهوة السخونة. بدا كيتأمل ف الحكايات ديال الجدود و ليالي زمان الزوينة. ومع كل شربة، كيحس بالدفا ديال الذكريات كيجرّو للماضي. ,Moroccan
 إنني سأستقل الرحلة الجوية رقم اثنى عشر المتجهة إلى طوكيو. وصلت المطار مبكرًا، وأتممت إجراءات السفر بسلاسة. جلست في الطائرة متأملاً المناظر الجميلة من النافذة. بعد ساعات، هبطنا في طوكيو وكانت الإثارة تغمرني. , غادي نمشي بالطيارة نمرة اثنى عشر لطوكيو. وصلت للمطار بكري وكملت الإجراءات بلا مشاكل. جلست فالطيارة كنتفرج من النافذة على المناظر زوينة. ومورا شحال من ساعة، حطينا فطوكيو وأنا فرحان بزاف. ,Moroccan
 أراد جمال أن يجري مكالمة دولية ليطمئن على أخيه الذي يعيش في بلد بعيد. عندما وصل إلى الهاتف، اكتشف أن الخدمة معطلة بسبب عاصفة شديدة. شعر بالقلق الشديد ولكنه قرر أن يحاول مرة أخرى بعد ساعات. وأخيرًا، تمكن من الاتصال وسمع صوت أخيه يطمئنه أن كل شيء على ما يرام. , جمال بغا يدير مكالمة دولية باش يطمن على خوه لي ساكن فبلاد بعيدة. ملي مشى للتيليفون، كشف بللي الخدمة مقطوعة حيت العاصفة قوية. حس بقلق كبير ولكن تقرر يحاول مرة أخرى من بعد. أخيرا، قدر يتصل وسمع صوت خوه اللي قال ليه كلشي بيخير. ,Moroccan
 في أحد الأيام، وجد علي محفظة في الشارع وكانت ممتلئة بالنقود. احتار علي في الأمر وقرر أن يبحث عن صاحب المحفظة. بعد خمسة أشهر من البحث، استطاع علي أن يجد صاحب المحفظة وأعادها إليه. شعر صاحب المحفظة بسعادة غامرة وقدم لعلي مكافأة تقديراً لأمانته. , فنهار، علي لقى جيب فالزنقة معمّر بالفلوس. كان محتار وعزم يقلّب على صاحب الجيب. من بعد خمسة شهور ديال البحث، علي نجح يلقى صاحب الجيب وردّو ليه. صاحب الجيب فرح بزاف وعطا لعلي جائزة حيت قدّر أمانتو. ,Moroccan
 كان السوق يقام في المدينة كل يوم جمعة. في ذلك اليوم، يأتي الناس من كل حدب وصوب لشراء الحاجيات. تعج الأسواق بالباعة والمشترين وصخب الأصوات. وكان علي يحرص دائماً على أن يكون أول الواصلين ليحصل على أفضل البضائع. , كان السوق كيتعقد فالمدينة كل عواشر. فهاد النهار، الناس كيجيو من كل بلاصة باش يشريو لي بغاو. السوايق كتعمر بالبايعة والشارين وداك الدوي ديال الصوت. وعلي ديما كيحرص يكون أول واحد يوصل باش ياخد أحسن السلع. ,Moroccan
" في يومٍ مشمسٍ، خرجت ليلى لشراء ملابس جديدة. وجدت ثوباً أزرقاً رائعاً وسألت البائع: ""أي نوع من الملابس هذا؟"" فأجابها بابتسامة: ""هذا ثوب من الحرير الخالص."" شعرت ليلى بالسعادة لأنها وجدت ما كانت تبحث عنه بالضبط. "," فنهار مشرق، خرجت ليلى باش تشري لباس جديد. لقات قفطان أزرق زوين وسولت البائع: ""شنو هاد النوع من اللباس؟"" جاوبها كيضحك: ""هادا قفطان من الحرير الصافي."" ليلى فرحات بزاف حيت لقات داكشي لي كانت كتقلب عليه. ",Moroccan
 كانت الغرفة باردة إلى حد ما، فطلبت من الخادم أن يشعل النار في الموقد. بمجرد أن اشتعلت النار، بدأ الدفء ينتشر في المكان. جلست السيدة في كرسيها المريح وهي تحتسي قهوتها الساخنة. شعرت بالراحة والامتنان للخادم الذي استجاب لطلبها بسرعة. , البيت كان شوية بارد، فطلبت من الخادم يشعل العافية في الكانون. حينما بدا العافية يشتعل، الدفا بدا يتفرق في البلاصة. السيدة جلسات في كرسيها المريح وهي كتشرب قهوتها السخونة. حست بالراحة وعطات الشكر للخادم للي جاوب لطلبها بالزربة. ,Moroccan
 في يوم مشمس، ذهب خالد إلى السوق ليشتري جل مصفف للشعر. وجد متجراً صغيراً يبيع ما يريد، فدخل واختار أفضل نوع متوفر. بعد أن دفع ثمنه، شعر بالحماس لتجربته على شعره. وعندما عاد إلى المنزل، استخدم الجل ونظر إلى المرآة فابتسم راضياً عن مظهره الجديد. , فنهار مشرق، خالد مشى للسوق باش يشري جيل لتصفيف الشعر. لقى حانوت صغير كيبيع لي بغا، دخل واختار أحسن نوع موجود. مورا ما خلص الثمن، حس بشوية ديال الإثارة باش يجربو على شعرو. ومللي رجع لدار، دار الجيل وشاف راسو فالمراية وتبسم راضي باللوك لجديد ديالو. ,Moroccan
 أسف، هذا المكان محجوز بالفعل. وقف خالد مذهولاً وهو يرى اسمه مكتوباً على الكرسي المحجوز. تساءل كيف عرفوا بقدومه مع أنه لم يخبر أحداً. في النهاية، اكتشف أن صديقه قد حجز له المكان كمفاجأة. , سمح ليا، هاد البلاصة محجوزة من قبل. وقف خالد مصدوم وهو كيشوف سميتو مكتوبة على الكرسي لي تحجز. كيفاش عرفو بلي غادي يجي وهو ما قال لحتى واحد. في الأخير، عرف بلي صاحبو هو لي حجز ليه البلاصة باش يفاجئو. ,Moroccan
" في أحد المطاعم الراقية، جلس فارس وصديقته ينتظران النادل. حينما جاء النادل، قال فارس بأدب: ""هل لنا أن نطلع على القائمة؟"" بعد أن قدم النادل القائمة وجدا أن الأصناف متنوعة وشهية. تمنيا لو يستطيعان تجربة كل الأطباق. "," فواحد من المطاعم الفخمة، فارس وصاحبتو كانوا جالسين كيتسناو السرفور. ملي جا السرفور، فارس سولو بلطف: ""واش ممكن نشوفو القائمة؟"" من بعد ما عطاهم السرفور القائمة، لقاو بللي الأطباق متنوعة وكتشهي. بغاو يجربو كلشي فالقائمة. ",Moroccan
 كان هناك شاب يبحث عن بدلة لحضور حفل زفاف صديقه. عندما وصل إلى المتجر، وجد أن مقاسه ستة، وهو مقاس نادر وصعب العثور عليه. بعد بحث طويل، وجد بدلة أنيقة تناسبه تماماً. شعر بسعادة غامرة وذهب إلى الحفل وهو يشعر بالثقة والفخر. , كان هناك ولد كيقلب على كوستيم باش يمشي لعرس صاحبو. ملي وصل للحانوت، لقى راسو باغي مقاس ستة، وهادا مقاس قليل وصعيب تلقاه. بعد ما دار بزاف، لقا كوستيم زوين بزاف لي جاه على قده. فرح بزاف ومشى للعرس وهو حاس بالثيقة والفخر. ,Moroccan
" في إحدى الليالي المظلمة، وجد أحمد نفسه ضائعًا في الغابة. كان قلقًا للغاية وأدرك أن الوضع جدي. نظر حوله يائسًا بحثًا عن مساعدة، وتذكر صديقه القديم الذي يمتلك خبرة في البرية. ""أنا بحالة جدية، لكن هل تمانع في الاتصال بصديق؟""، فكر أحمد وهو يحاول العثور على إشارة هاتف. "," فواحد الليلة الضلمة، أحمد لقى راسو ضايع فالغابة. كان خايف بزاف وعرف بللي الوضع خطير. دار يقلب حوليه باغي يلقى شي مساعدة، وتفكر صاحبو القديم لي عندو تجربة فالبرية. ""أنا فحالة خطيرة، ولكن واش ممكن نتاصل بصاحب؟""، هكذا كان تيفكر أحمد وهو كيحاول يلقى ريزو لتيليفون. ",Moroccan
 في يوم من الأيام، وجد علي محفظة مليئة بالمال في الشارع. قرر علي أن يبحث عن صاحب المحفظة ليعيدها. بعد البحث طويلاً، استطاع أن يجد صاحب المحفظة وهو رجل عجوز. شكر الرجل علي كثيراً وقدم له مكافأة لأمانته. , واحد النهار، لقى علي جيبة مليانة بالفلوس فالزنقة. قرر علي يقلب على مول الجيبة باش يرجعها ليه. بعد القلب بزاف، قدر يلقى مول الجيبة، وهو شي راجل كبير. الراجل شكر علي بزاف وعطاه جائزة حيت الأمانة ديالو. ,Moroccan
 كان هناك رجل يحاول إيقاف سيارة أجرة في الشارع. لكنه تذكر أن السيارات لا تقف إلا في الموقف المخصص. فتوجه إلى موقف السيارات وانتظر بصبر. وبعد قليل، تمكن من ركوب سيارة أجرة وذهب إلى وجهته. , كان كاين واحد كيحاول يوقف طاكسي فالزنقة. ولكن تفكر بللي الطاكسي ما كتوقف غير فالمحطة ديالها. مشى للمحطة وتسنى بالصبر. ومن بعد شوية، قدر يطلع فطاكسي ومشى لبلاصتو. ,Moroccan
 في إحدى رحلاته، قرر أحمد البحث عن فندق اقتصادي حيث أن ميزانيته لا تتجاوز الخمسون دولاراً في الليلة. وجد فندقاً صغيراً في قلب المدينة يلبي حاجاته. كانت الغرفة نظيفة ومريحة، والموظفون ودودون. استمتع أحمد بإقامته وتمكن من اكتشاف العديد من معالم المدينة بميزانية محدودة. , فواحد من سفراتو، قرر أحمد يقلب على شي فندق اقتصادي حيت ميزانيتو ما كتفوتش الخمسين دولار لليلة. لقا فندق صغير فوسط المدينة كيجاوب لحاجياتو. الغرفة كانت نقية ومريحة، والعاملين كانو مليحين. أحمد استمتع بإقامتو وقدر يزور بزاف ديال الأماكن فالمدينة بميزانية محدودة. ,Moroccan
" في أحد الأيام، قررت مجموعة من الأصدقاء الذهاب في رحلة إلى الجبال. وأثناء التجول، اقترح أحدهم قائلاً: ""هل سنأخذ صورة معا؟"" فوافق الجميع وابتسموا للكاميرا. وعندما عادوا، شاركوا الصورة على مواقع التواصل وأصبحت ذكرى جميلة تجمعهم. "," فنهار، قررات شي جمعة ديال صحاب يمشيو لشي جبل باش يتمتعو. وهوما كيدورو، واحد منهم قال: ""غادي نتصورو كاملين؟"" جميع وافقو وبتاسمو للكاميرا. مللي رجعو، بارطاجو الصورة على الانترنيت وولات ذكرى زوينة خلاتهم مجموعين. ",Moroccan
" كان أحمد يريد إرسال طرد إلى صديقه في الخارج، فذهب إلى مكتب البريد وسأل الموظف: ""كم تبلغ رسوم هذه الخدمة؟"". أجابه الموظف بابتسامة: ""خمسون ديناراً فقط"". شعر أحمد بالسعادة لأن الرسوم كانت أقل مما توقع، فدفع المبلغ وشكر الموظف على مساعدته. "," أحمد بغا يشد طرد لصاحبو اللي ساكن برا، مشى للبريد وسول الخدام: ""شحال كتكلف هاد الخدمة؟"". الخدام ضحك وقال ليه: ""غير خمسين درهم"". أحمد فرح حيت الثمن كان أرخص من لي كان متوقع، عطى الفلوس وشكر الخدام على مساعدتو. ",Moroccan
 في الربع الأخير من العام، شهدت شركة الألعاب ارتفاعاً في المبيعات بأمريكا الشمالية بنسبة ستة بالمائة. وقد عزت الشركة هذا النجاح إلى إطلاق لعبة جديدة أثارت إعجاب الجمهور. الزيادة في الأرباح سمحت للشركة بتوسيع نطاق عملها وتوظيف المزيد من المطورين. في النهاية، أصبحت الشركة رائدة في صناعة الألعاب بالمنطقة. , فآخر تلت مشهور ديال العام، شركة الألعاب في أمريكا الشمالية عرفات زيادة في المبيعات بسيتة في المية. الشركة قالت هاد النجاح جا من ورا لعبة جديدة خرجات وعجبات الناس بزاف. الربح اللي زاد خلا الشركة توسع خدمتها وتخدم مزيد من المطورين. وفالأخير، صارت الشركة رائدة في صناعة الألعاب في المنطقة. ,Moroccan
" في يوم مشمس، سأل يوسف صديقه عمر: ""من هو أفضل صديق لك؟"" فابتسم عمر وأجاب: ""أنت يا يوسف، لأنك دوماً تقف بجانبي"". ومنذ ذلك اليوم، أصبحت صداقتهما أقوى وتعاهدا على الوفاء والإخلاص. وكلما واجها تحدياً، تذكرا هذه اللحظة وتجاوزا الصعاب معاً. "," فنهار مشرق، يوسف سول صاحبو عمر: ""شكون أحسن صاحب ليك؟"" عمر تبسم وجاوب: ""نتا يا يوسف، حيت ديما كتكون حدايا"". ومن ديك الساعة، صداقتهم صارت أقوى وتواعدو يكونو أوفياء لبعض. وكلما تقابلو مع مشكلة، كانو كيتفكرو هاد اللحظة وكيتجاوزو الصعاب معا. ",Moroccan
 في أحد الأيام، اكتشف يوسف أن هناك بطولة سومو في أمريكا، فقرر المشاركة. بعد تدريب شاق، استطاع يوسف الوصول إلى النهائيات. واجه منافسا قويا، لكنه بحنكته استطاع التغلب عليه. وبذلك توج يوسف بطلا للسومو في بطولة أمريكية، وأصبح مثالا للإصرار والعزيمة. , واحد النهار، يوسف عرف بلي كاينة شي بطولة ديال السومو في أمريكا، وحزم أمره باش يشارك. بعد تمارين خايبة، يوسف وصل للفينال. تلاقا مع واحد المنافس قوي، ولكن بالذكاء ديالو قدر يهزمو. وهكذا، يوسف توج بطل ديال السومو في بطولة أمريكية وصار مثال للإرادة والعزيمة. ,Moroccan
 في يوم الصحة الرياضية، اجتمع الناس في الحدائق العامة لممارسة الرياضة. الأطفال كانوا يلعبون كرة القدم، بينما كان الكبار يمارسون تمارين اللياقة البدنية. وُزعت المياه والعصائر لتشجيع المشاركين على الاستمرار في النشاط. في نهاية اليوم، شعر الجميع بالحيوية والصحة الجيدة، مُقدرين أهمية هذه الإجازة القومية. , فنهار الصحة الرياضية، الناس تجمعو فالحدائق باش يديرو الرياضة. الدراري كانو كيلعبو الكورة، والكبار كانو كيديرو تمارين اللياقة. توزعات الما والعصير باش يشجعو الناس يواصلو الحركة. فآخر النهار، الجميع حسو بالطاقة والصحة الزوينة، وعرفو قيمة هاد العطلة الوطنية. ,Moroccan
" في يوم من الأيام، سأل رجل عابر الطريق: ""هل هذا خاص بوول ستريت؟"" فأجابه المارة بابتسامة: ""نعم، هذا هو الطريق المؤدي إلى قلب المال والأعمال."" شعر الرجل بحماس شديد ليبدأ مشواره في عالم الاستثمار. ومع مرور الوقت، أصبح من أشهر المستثمرين في وول ستريت. "," واحد النهار، واحد الراجل سول شي حد فالزنقة: ""واش هادا خاص بوول ستريت؟"" جاو الناس جاوبوه وهوما كيضحكو: ""أه، هادي هي الطريق لي كتمشي لقلب الفلوس والخدمة."" هاد الراجل حس بإثارة كبيرة باش يبدا مشوارو فعالم الاستثمار. ومع الوقت، ولا من المستثمرين المعروفين فوول ستريت. ",Moroccan
" كانت ليلى تبحث عن مكان للإقامة خلال رحلتها. أعجبتها شقة جميلة وقررت أن تقول ""أرغب في تأجير هذه من الخامس حتى العاشر من ديسمبر"". تواصلت مع المالك وأكدت الحجز. وصلت ليلى واستمتعت بإقامتها في الشقة الرائعة. "," كانت ليلى كتقلب على بلاصة باش تبات فيها فرحلتها. لقات شي شقة زوينة وقالت ""بغيت نكري هادي من الخامس للعاشر ديال دجنبر"". هضرت مع مول الدار وحجزات. ملي وصلت ليلى، استمتعات بوقتها فالشقة اللي عجباتها. ",Moroccan
" في أحد الأيام، توجهت المرأة العجوز إلى السوق لشراء بعض الحاجيات. وخلال سيرها، التقت بجارها الشاب الذي سألها عن حالها. فأجابته بابتسامة، ""بحالة جيدة، وكيف حالك أنت، يا سيدي؟"" شعر الشاب بالإمتنان لاهتمامها وأصر على حمل مشترياتها إلى المنزل. "," فواحد النهار، العجوزة مشات لسوق باش تشري لقماش للدار. فطريقها، تلاقات مع الجار ديالها الشاب اللي سولها على حالها. جاوباتو بابتسامة، ""لاباس، ونتا عامل كيف داير، سيدي؟"" الشاب حس بالقدر وإصر يحمل ليها خياشها حتى لدارها. ",Moroccan
" في يوم حار، كان أحمد يقود سيارته عندما لاحظ تصاعد الدخان من المحرك. توقف على جانب الطريق وسأل رجلًا كان يمر بجانبه: ""هل تريد أن افحص موتور السيارة؟"" وافق الرجل وبعد الفحص، أخبر أحمد أن هناك مشكلة في المبرد. شكر أحمد الرجل على مساعدته وقرر أن يأخذ السيارة إلى الورشة لإصلاحها. "," فشي نهار شاد الحر، أحمد كان كيسوق طوموبيلتو وفجأة بان ليه دخان كيطلع من الموتور. وقف على جنب الطريق وسول واحد اللي كان كيدوز حداه: ""بغيتي تشوف ليا موتور الطوموبيل؟"" الراجل قبل وبعد ما تشوف، قال لأحمد بللي عندو مشكل فالرادياتور. أحمد شكر الراجل وقرر يمشي بالطوموبيل للميكانيكي باش يصلحها. ",Moroccan
" في يوم من الأيام، وجد أحمد ظرفاً مغلقاً على الطاولة، وكان مكتوباً عليه ""سكر؟"". فتح الظرف بفضول ووجد مفتاحاً صغيراً بداخله. بحث عن الصندوق الذي يتناسب مع المفتاح وعندما فتحه، اكتشف رسالة تقوده إلى مغامرة غامضة. "," فنهار، أحمد لقى ظرف مسدود فوق الطابلة، مكتوب عليه ""سكر؟"". حل الظرف بفضول ولقى مفتاح صغير داخلو. بدا كيقلب على الصندوق لي كايناسب لهاد المفتاح وملي حلو، تا لقى رسالة كتشير لو على مغامرة سرية. ",Moroccan
" في أحد الأيام، ذهب خالد إلى المتجر لشراء هدية لأخيه. وعندما اختار الهدية المناسبة، سأل البائع: ""هل يمكنني أن أدفع عن طريق الماستر كارد؟"" فأجابه البائع بابتسامة: ""بالطبع يمكنك ذلك، نقبل جميع البطاقات الائتمانية."" فشعر خالد بالراحة لأنه لم يكن يحمل معه نقوداً كافية. "," فواحد النهار، خالد مشى للحانوت باش يشري كادو لخوه. وملي اختار الكادو لي عجبو، سول البائع: ""واش نقدر نخلص بالماستر كارد؟"" البائع تبسم وقال ليه: ""آه، مرحبا بيك، كنقبلو كل الكروت."" خالد حس بالارتياح حيت ما كانش جايب معاه فلوس كافيين. ",Moroccan
" وصل خالد إلى المطار متأخرًا وسأل أحد العاملين: ""هل هذا هو المكان المخصص لجمع الحقائب الخاصة برحلة ان دبليو رقم تسعة صفر سبعة؟"". أشار العامل إلى السير الذي بدأ يتحرك بالحقائب وأخبر خالد أنه في المكان الصحيح. تنفس خالد الصعداء وانتظر حقيبته بتوتر. وبعد دقائق، ظهرت حقيبته وغادر مسرعًا ليلحق بموعده. "," خالد وصل للمطار معطل وسول واحد من الخدامين: ""واش هادا هو المكان لي خاص بجمع الباݣاج ديال رحلة ان دبليو نوميرو تسعة صفر سبعة؟"". الخدام شير ليه للسير لي بدا كيدور بالباݣاج وقال ليه راك فالبلاصا صحيحة. خالد تنهد بارتياح وبقا كيتسنى شنطتو بالخلعة. وبعد شوية، بانت ليه شنطتو ومشى بزربة باش يلحق الوقت ديالو. ",Moroccan
 سآخذ هذا النوع من الكتب لأنه يحتوي على المعلومات التي أحتاجها. بعد أخذ الكتاب، بدأت في قراءته بشغف. وجدت فيه حكم ومواعظ قيمة. أصبح هذا الكتاب مرجعي المفضل في الدراسة والحياة. , غادي ناخد هاد الصنف ديال الكتب حيت كاينين فيه المعلومات اللي خاصني. من بعد ما جبت الكتاب، شديت في قرايتو بالحماس. لقيت فيه عبر وحكم زوينة. هاد الكتاب ولا المرجع لي كنفضل ف القراية وف الحياة. ,Moroccan
 إنني سعيد جداً لأنني تمكنت من المجيء إلى هذا البلد. وبما أنني هنا، قررت أن أتعلم اللغة والتقاليد. استطعت أن أكون صداقات جديدة وأشعر بأنني جزء من المجتمع. لقد أصبحت هذه الأرض بمثابة وطن جديد لي. , أنا فرحان بزاف حيت قدرت نجي لهاد البلاد. وحيت أنا هنا، قررت نتعلم اللغة والعوايد. تعرفت على ناس جداد وحسيت بلي وليت جزء من المجتمع. هاد الأرض ولات كيف وطن جديد ليا. ,Moroccan
 في أحد الأيام، وجدت رسالة قديمة مطوية تحت باب منزلي. اسمي وعنواني موجودين عليها. تفاجأت بالخط الأنيق والحبر الأزرق الذي لا يزال يحتفظ بلمعانه. فتحت الرسالة بفضول لأكتشف أسرار الماضي التي ستغير حياتي. , واحد النهار، لقيت بريد قديم مطوي تحت باب داري. سميتي وعنواني مكتوبين عليه. تعجبت من الخط الزوين والحبر الأزرق اللي باقي براق. حليت البريد بفضول باش نكتشف أسرار ديال العهد القديم اللي غادي تبدل حياتي. ,Moroccan
" وقف الرجل في المحطة وهو يحمل عدة حقائب ثقيلة. فجأة، تدحرجت إحدى حقائبه بعيداً، فنادى شاباً قريباً قائلاً ""هل لك أن تساعدني في الوصول إلى حقيبتي؟"" بعد أن ساعده الشاب في استرجاع حقيبته، شكره الرجل بحرارة ودعاه لتناول القهوة كعربون شكر. "," كان الراجل واقف في المحطة وكايشد بزاف ديال الكيسان الثقيلة. فجأة، طاحت وحدة من كيسانو بعيد، شاف شي ولد حداه وقال ليه ""أش كاين، قادر تعاوني نوصل لكيس ديالي؟"" مللي الولد عاونو ورجع ليه الكيس، الراجل شكره بزاف وعزمو على قهوة باش يرد ليه الجميل. ",Moroccan
" كان علي يتجول في السوق القديم عندما لاحظ حجراً لامعاً بين البضائع. تقدم ليسأل البائع ""أي نوع من الأحجار هذه؟"" فأجابه البائع بأنها حجر العقيق الأثري. أصابت علي الدهشة وقرر شراء الحجر ليضيفه إلى مجموعته. "," كان علي كيتسارى ف السوق القديمة ولاحظ بريق حجرة وسط السلع. قرب للبايع وسولو ""شنو هاد الحجر؟"" جاوبو البايع بللي هو حجر العقيق القديم. علي تفاجأ وقرر يشري الحجر باش يزيدو ف مجموعتو. ",Moroccan
 في إحدى القرى البعيدة، حيث السكينة تعم المكان، كانت هناك مجموعة من الناس تعيش على صناعة القوارب الخشبية. , هؤلاء العمال الجدد كانوا يعملون بجد ونشاط، لكنهم وجدوا صعوبة في الاندماج مع سكان القرية الأصليين. ,Moroccan
 من هذا الجبل، تستطيع رؤية المدينة بأكملها. خلال هذا الموسم العديد من أنواع الزهور تزدهر، إنها تبدو جميلة جداً. ومع كل صباح، يأتي السكان لاستنشاق الهواء النقي والاستمتاع بالمنظر الخلاب. الأطفال يلعبون بين الأزهار، والكبار يتذكرون أيام شبابهم. , من هاد الجبل، قادر تشوف المدينة كاملة. فهاد العواشر، بزاف ديال الزهور كتفتح وكتكون زوينة بزاف. وكل صبح، الناس كيجيو يشمو الهوا الصافي ويستمتعو بالمنظر البهي. الدراري كيلعبو حدا الزهور، والكبار كيرجعو بالذاكرة لأيام الشباب ديالهم. ,Moroccan
" اتبعني إلى الغابة حيث الأشجار العالية تخفي أسراراً عديدة. وجدنا هناك كوخاً صغيراً مخبأ بين الأوراق. دققت الباب وهمس الريح بألحان غريبة. فتح لنا رجل عجوز وابتسم قائلاً ""لقد انتظرتكما"". "," تبعوني للغابة فين الشجر الكبير كيخبي بزاف ديال الأسرار. لقينا تماك كوخ صغير مستخبي وسط الوراق. دقينا الباب والريح كانت كتهمس بألحان غريبة. واحد الشيخ فتح لينا وابتسم وقال ""كنت كانتسناكم"". ",Moroccan
 من فضلك أخبريه أنت يامادا قد اتصل. في اليوم التالي، انتظرت مادا الرد لساعات طويلة. وعندما جاء الرد أخيرًا، كان صوته مليئًا بالحماس. قرروا أن يلتقوا ويناقشوا مستقبلهم سويًا. , عافاك قولي ليه نتي يا مادا تاصل بيا. لعيوم ديال مورا، مادا بقات كاتسنى الجواب ساعات طوال. وملي جا الجواب أخيرا، كان صوتو معمر بالحماس. تواعدو باش يتلاقاو ويهضرو على مستقبلهم معا. ,Moroccan
 هل ستقوم بعمل الترتيبات مقدماً؟ سألت سارة وهي تنظر إلى الخريطة بحماس. فردّ جاسم قائلاً: بالطبع، سأحجز الفندق والرحلات السياحية قبل أسبوع من السفر. وفي الأسبوع التالي، جلسا يخططان للمواقع التي يرغبان بزيارتها. وعندما حان وقت الرحلة، كان كل شيء مُعدّاً بإتقان لمغامرة لا تُنسى. , غادي تدير الترتيبات من قبل؟ سولت سارة وهي كتشوف فالخريطة بفرح. جاسم جاوبها: آه، غادي نحجز الفندق والجولات السياحية قبل السفر بسيمانة. وف السيمانة لي بعدها، جلسو يخططو للأماكن لي بغاو يزوروها. وملي جا وقت الرحلة، كان كلشي مهيأ مزيان لمغامرة ماكتنساش. ,Moroccan
 حسناً، من فضلك ضع هذه البيانات هنا. هل كانت حقيبة واحدة؟ جاء عمر إلى المطار محملاً بحقيبتين ثقيلتين. أثناء التفتيش، سأله الموظف عن عدد الحقائب فأجاب بتوتر. تبين لاحقاً أن إحدى الحقائب ليست له. , واخا، عافاك حط هاد البيانات هنا. واش كانت غير شي وحدة ديال الفاليز؟ عمر مشى للمطار وهو شايل جوج فاليزات ثقال. وقت لي داز من التفتيش، العامل سولو على قداش من فاليز عندو فجاوب بالارتباك. تالي تبان بللي واحد من الفاليزات ماشي ديالو. ,Moroccan
" في يومٍ مشمس، سأل الأب أولاده: ""هل ترغبون في تناول لحم بقري، دجاج، أم أسماك؟"" فأجاب الأولاد بحماس، ""نريد أسماكاً!"" فذهبوا جميعاً إلى السوق لشراء الأسماك الطازجة. أعد الأب الطعام بعناية وتمتع الجميع بوجبة شهية على وقع أصوات الطبيعة. "," فنهار مشرق، البا سول ولادو: ""بغيتو تاكلو لحم بقر، دجاج ولا حوت؟"" الدراري جاوبو بشوق: ""بغينا حوت!"" مشاو كاملين للسوق باش يشريو الحوت الفريش. البا طيب الكلشي بالدقة وكلشي استمتعو بوجبة ديال الزين على صوت الطبيعة. ",Moroccan
 كان أحمد يفضل دائمًا استكشاف طرق جديدة في طريقه للعمل. في أحد الأيام، قرر أن يأخذ طريقاً غير مألوفٍ لعودته إلى البيت. على الطريق، اكتشف مقهى صغيرًا جذابًا كان مخبأً بين الأزقة الضيقة. ومنذ ذلك اليوم، أصبح يزور هذا المقهى بانتظام، مستمتعًا بتجاربه المختلفة في الذهاب والعودة. , أحمد كان كيعجبو ديما يجرب طرق جديدة فطريقو للخدمة. فنهار، قرر يدير طريق ماعمرو مشا منو باش يرجع لدارو. فالطريق، كشف قهوة صغيرة وزوينة كانت مخبية فزنقة ضيقة. ومن داك النهار، ولا كيمشي لهاد القهوة بالدوام، كيستمتع بتجاربو المختلفة اللي كيدير فالمشي والرجوع. ,Moroccan
" كان يحيى يبحث عن مكان لتناول وجبة خفيفة، فسأل أحدهم: ""هل يوجد مطعم للوجبات الخفيفة هنا؟"" فأجابه الرجل مشيرًا إلى مطعم صغير في نهاية الشارع. شعر يحيى بالامتنان وتوجه نحو المطعم، ووجد أن الطعام هناك كان لذيذًا ومغذيًا. "," يحيى كان كيقلب على بلاصة باش يتعشى شي سناك خفيف، سول واحد: ""كاين شي ريسطورا للسناكات هنا؟"" الراجل دلو على واحد الريسطورا صغير فآخر الزنقة. يحيى حمد الله ومشى للريسطورا، وتما لقى الأكل بنين ومزيان للصحة. ",Moroccan
 عذراً يا سيدي، أود استطلاع بعض الأماكن السياحية الموجودة في بوسطن. فقد جاء محمود من مصر لزيارتها. ولطالما حلم برؤية جامعة هارفارد والتجول في حديقة بوسطن العامة. سار معه صديقه يوسف الذي يعيش في بوسطن ليدله على أهم المعالم. , سمحلي سيدي، بغيت نشوف شي بلايص سياحية ف بوسطن. محمود جا من مصر باش يزورها. كان كيحلم يشوف جامعة هارفارد ويتمشى فالحديقة العامة ديال بوسطن. يوسف صاحبو اللي ساكن تما خداه يعرفو بأهم النقط. ,Moroccan
 في أحد الأيام، قرر أحمد أن يتعلم اللغة اليابانية. بدأ بالبحث عن معاهد متخصصة ووجد واحدة قريبة من منزله. انضم إلى دورة مكثفة وكان يدرس بجد كل يوم. بعد عدة أشهر، أصبح قادرًا على التحدث باليابانية بطلاقة وأعد قائمة بها ليثبت تقدمه. , واحد النهار، أحمد قرر يتعلم اليابانية. بدا يقلب على معاهد مختصة ولقى وحدة قريبة من دارو. سجل فكور ديال التكثيف وكان كيقرا بزاف كل نهار. من بعد شهور، ولا قادر يهضر باليابانية مزيان وجمع ليستة بيها باش يبين التقدم ديالو. ,Moroccan
 إنها الواحدة وخمس دقائق. استيقظ أحمد متأخرًا جدًا عن موعد عمله. ارتدى ملابسه بسرعة وخرج مسرعًا من المنزل. وصل إلى العمل وقد عبّر مديره عن استيائه. لكن أحمد قدّم عرضًا ممتازًا أبهر الجميع واستعاد ثقة مديره. , هي الواحدة وخمس دقائق. أحمد فاق معطل بزاف على خدمتو. لبس حوايجو بالزربة وخرج كايجري من الدار. وصل للخدمة والمدير ديالو مقلق عليه. ولكن أحمد قدم عرض قوي خلا الجميع مبهورين ورجع لقا ثقة مديرو. ,Moroccan
" في يوم عاصف، وجد علي نفسه بحاجة إلى المساعدة لإصلاح سقف منزله الذي تضرر من الرياح الشديدة. جاء جاره محمد ليقدم له يد العون، وسوياً بدآ بالعمل على إعادة بناء ما تهدم. ومع انتهاء العمل، شعر علي بالامتنان الشديد فقال لمحمد: ""تقدم إلىّ المساعدة، شكراً لك."" رد محمد بابتسامة، مؤكداً أن الجيران لبعضهم في السراء والضراء. "," فنهار عاصف، علي لقى راسو محتاج المساعدة باش يصلح سطح دارو اللي تشرط من الرياح القوية. جارو محمد جا عندو باش يعاونو، ومع بعضياتهم شرعو يخدمو على رجاع اللي تخرب. وملي سالاو الخدمة، علي حس بالشكر الكبير وقال لمحمد: ""جيتي في وقت الشدة، شكراً بزاف."" محمد بتسم وقاليه بلي الجيران خاصهم يكونوا مع بعضياتهم في الزين والشين. ",Moroccan
 لطالما كان جميل يعاني من الألم الذي لا يطاق في ركبته. في يوم من الأيام، قرر أن يذهب إلى الطبيب ليجد حلاً. بعد الفحص، وصف له الطبيب مسكناً قوياً للألم. شعر جميل بالراحة بعد تناوله للدواء، واستعاد نشاطه مرة أخرى. , جميل كان كيعاني من ألم خايب في ركبتو ديما. واحد النهار، قرر يمشي للطبيب باش يلقى حل. الطبيب، بعد ما فحصو، وصف ليه دوا قوي باش يهنيه من الألم. جميل حس براحة كبيرة من بعد ما شرب الدوا، ورجع لحياتو العادية. ,Moroccan
 كانت منى الممثلة المفضلة لدى أحمد. كل مساء، يجلس أحمد لمشاهدة أفلامها ومسلسلاتها. شعر بإعجاب شديد لموهبتها وأسلوبها الفريد. حلم أحمد ذات يوم بأن يلتقي بها ويعبر عن إعجابه. , منى كانت هي الممثلة لي كيعجب بها أحمد بزاف. كل عشية، كان كيجلس يتفرج في أفلامها ومسلسلاتها. كان معجب بموهبتها وستيل ديالها بزاف. أحمد ديما كان كيحلم يلقاها ويقول ليها على إعجابه. ,Moroccan
" في يوم من الأيام، قرر أحمد أن يشتري هدية لوالدته. ذهب إلى السوق وطلب من البائع ""أريد واحدة بيضاوية الشكل"". اختار له البائع قلادة جميلة تلمع تحت أشعة الشمس. عاد أحمد إلى المنزل وقدم الهدية لوالدته التي عبرت عن فرحتها بابتسامة عريضة. "," واحد النهار، أحمد قرر يشري هدية باش يفاجئ مّو. مشى للسوق وقال للبائع ""بغيت وحدة على شكل بيضاوي"". البائع عطاه قلادة زوينة كتبري تحت شعاش الشمس. أحمد مشى للدار وعطى الهدية لمّو اللي طلع ليها الفرحة في وجهها بابتسامة كبيرة. ",Moroccan
 في أحد الأيام، سأل خالد صديقه عن نوع الموسيقى التي يعزفونها في الحفلة. فأجابه صديقه بأنها موسيقى الجاز. شعر خالد بالحماس لأنه يعشق موسيقى الجاز. فقررا الذهاب معاً ليستمتعا بأجواء الحفلة الموسيقية. , واحد النهار، خالد سول صاحبو على النوع ديال الموسيقى اللي كيعزفوها في الحفلة. صاحبو جاوبو بأنها جاز. خالد تحمس بزاف حيت كيبغي الموسيقى ديال الجاز. قررو يمشيو مع بعضياتهم باش يتمتعو بأجواء الحفلة الموسيقية. ,Moroccan
 لا أحب هذا اللون ، من فضلك أرني لوناً آخر. فذهب البائع وأحضر لوناً جديداً. نظرت إليه السيدة بتمعن وابتسمت برضا. وأخيراً، اختارت ثوبها المفضل باللون الجديد وغادرت المتجر سعيدة. , ما كانحملش هاد اللون، عافاك جيب ليا لون آخر. مشى البايع جاب لون جديد. شافتو المدام مزيان وتبسمت مرتاحة. وفي الأخير، اختارت الفستان اللي بغات باللون الجديد وخرجت من الحانوت مسرورة. ,Moroccan
" كان هناك رجل يعيش في مدينة صغيرة وكان يحب أن يذهب إلى السوق كل صباح. ذات يوم، قابل صديقًا قديمًا وقال له: ""من فضلك خذني إلى السوق الصباحية."" فوافق الصديق بسرور وأخذه في جولة بين الأكشاك. تجولا وتبادلا الأحاديث واشتريا بعض الحاجيات قبل أن يعودا إلى منازلهما سعيدين. "," كان كاين واحد راجل ساكن فمدينة صغيرة وكل صباح كان كيمشي للسوق. واحد النهار, لقى صاحبو القديم وقال ليه: ""عافاك جيبني للسوق ديال الصباح."" صاحبو وافق بالزربة وخده يدور بين الطوابل. دارو وتسالاو وشراو شي حوايج قبل ما يرجعو لدارهم مبسوطين. ",Moroccan
 الإطار الخاص بنظارتي قد كسر. ذهبت إلى المحل لإصلاحه ولكن كان مغلقًا. اضطررت أن أنتظر حتى اليوم التالي. وعندما أصلحوها، شعرت بالراحة لأني استطعت أن أرى بوضوح مجددًا. , الإطار ديال نضارتي تكسر. مشيت للحانوت باش نصلحو ولكن لقيتو مسدود. خصني نتسنى للغد ليه. وملي صلحوها، حسيت براحة حيت قدرت نشوف مزيان مرة أخرى. ,Moroccan
 في يوم حار من أيام الصيف، بدأت الساعة تقترب من الثالثة بعد الظهر. كان الأطفال يلعبون في الحديقة، والشمس تلقي بظلالها الطويلة على الأرض. عندما دقت الساعة الثالثة، اجتمع الجميع ليحتفلوا بعيد ميلاد سارة. الضحكات ملأت المكان، والبالونات الزاهية تتطاير مع نسيم العصر اللطيف. , فنهار شاد شمس من أيام الصيف، الساعة كانت كتقرب لتلاتة ديال العشية. الدراري كانو كيلعبو فالحديقة، والشمس كترمي ظلالها الطويلة على الأرض. ملّي ضربات الساعة تلاتة، جمعو كاع الناس باش يحتافلو بعيد ميلاد سارة. الضحكات عمرو المكان، والبالونات الملونة كتطير مع نسمة العشية الزوينة. ,Moroccan
 عظيم. لدي مقعد بجوار النافذة. آه، إذا كنت ترغبين في تبادل المقاعد بعد ذلك، يا آنسة. أبدت الآنسة اهتمامًا ووافقت على تبادل المقاعد مع الرجل. خلال الرحلة، نظرت من النافذة وأعجبت بالمناظر الخلابة. عند الوصول، شكرت الرجل على لطفه وتمنت له رحلة سعيدة. , مزيان. عندي بلاصة حدا النافذة. إيوا، إلى بغيتي نبدلو البلايص من بعد، آ الآنسة. الآنسة وافقات وقبلات تبدل البلاصة مع الراجل. طوال الرحلة، شافت من النافذة وتحمقات بالمناظر الزوينة. ملي وصلات، شكراتو على اللطف ديالو وتمنات ليه رحلة ممتعة. ,Moroccan
 لقد استمتعت بجولة الاستطلاع للأماكن السياحية في نيويورك بالأمس. وقد بدأت اليوم بزيارة تمثال الحرية، والتقطت العديد من الصور التذكارية. ثم توجهت إلى جسر بروكلين حيث شاهدت منظر الغروب الخلاب. اختتمت جولتي بعشاء شهي في أحد المطاعم المطلة على نهر هدسون. , بارح تمتعت بدورة الاستكشاف ديال الأماكن السياحية فنيويورك. بديت نهاري بزيارة لتمثال الحرية وصورت بزاف ديال الصور التذكارية. من بعد مشيت لقنطرة بروكلين وتفرجت على منظر الغروب الرائع. وساليت دورتي بعشا بنين في واحد الريسطورانت على جنب نهر هدسون. ,Moroccan
 لاحظت عيون أحمد الحقيبة الزرقاء المعروضة في الواجهة وأعجبته كثيراً. قرر أن يدخر المال لشرائها. بعد شهر من العمل الجاد، تمكن من جمع المبلغ اللازم. فرح أحمد بشراء الحقيبة واستخدمها في رحلاته العديدة. , أحمد شاف الكارطة الزرقة فالفيترين وعجباتو بزاف. قرر يخبي الفلوس باش يشريها. بعد شهر ديال الخدمة لي دازت، جمع الدرهم الكافي. فرح بزاف بالكارطة بعدما شراها وصار يستعملها في جميع مشاويره. ,Moroccan
 اتصل أحمد بصاحب المبنى عندما انقطعت الكهرباء فجأة. فوجئ بسرعة استجابته وإصلاح العطل في وقت قياسي. شعر بالامتنان لحسن تصرف صاحب المبنى. ومنذ ذلك الحين، أصبحا صديقين يعتمدان على بعضهما في الشدائد. , دار أحمد مكالمة لمول العمارة ملي قطعات الضو بلا موعد. تعجب من السرعة لي جاوب بيها وصلح الخلل في وقت قصير. حس بالامتنان لمول الدار لي تصرف مزيان. ومن ديك الساعة، ولات بيناتهم صداقة وكيعتامدو على بعض فالمشاكل. ,Moroccan
" كان لدى أحمد شعر طويل وفوضوي، فذهب إلى الحلاق ليحصل على قصة جديدة. قال للحلاق: ""اغسله بالشامبو وقم بتصفيفه كما هو الآن، من فضلك."" بعد الغسيل والتصفيف، أصبح شعر أحمد يلمع ويبدو رائعًا. خرج من الصالون وهو يشعر بالثقة والسعادة بمظهره الجديد. "," أحمد كان شعرو طويل ومشوش، مشا للحلاق باش يديرلو قصة جديدة. قال للحلاق: ""غسلو بالشامبوان وكونشيه كيفما هو دابا، عافاك."" من بعد ما غسلو وصاوبو، شعر أحمد ولا يلمع ويبان زوين. خرج من الصالون وهو مرتاح وفرحان بالستيل الجديد ديالو. ",Moroccan
 عندما تصل هناك أسأل شخص آخر ، من فضلك. ولما وصل، وجد الساحة مليئة بالناس. تردد في البداية لكنه تذكر النصيحة. سأل رجلا عجوزا ودودا، فأرشده بابتسامة إلى المكان الذي يبحث عنه. , ملي توصل تماك سول شي حد آخر، عافاك. وملي وصل، لقا الساحة عامرة بالناس. تزعزع شوية فاللول ولكن تفكر فالنصيحة. سول واحد الشايب سمح، لي دار ليه بسمة ودلو على البلاصة اللي كيقلب عليها. ,Moroccan
 في يوم مشمس، سأل رجل عابر الطريق عن أسرع طريق للوصول إلى سان فرنسيسكو. أشار له أحدهم إلى طريق الساحل الذي يمر بمناظر خلابة. بينما كان يقود، شعر بالسعادة لاختياره هذا الطريق الممتع. وأخيرًا، وصل إلى وجهته بعد رحلة ممتعة ومريحة. , فنهار مشرق، واحد الراجل سول على أسرع طريق باش يمشي لسان فرنسيسكو. شي واحد دلو على طريق الساحل اللي كاين فيه مناظر زوينة. وهو كايسوق، حس بالفرحة حيت اختار هاد الطريق اللي جايب الراحة. وأخيرا، وصل للوجهة ديالو بعد رحلة ممتعة ومريحة. ,Moroccan
" في إحدى الفنادق العريقة، سأل النزيل الموظف بأدب ""هل أستطيع الحصول على مفتاح الحجرة رقم اثنان خمس عشرة؟"" بابتسامة، أعطاه الموظف المفتاح وأخبره عن خدمة الغرف المتميزة. شعر النزيل بالراحة والأمان بعد دخوله الغرفة الواسعة والمريحة. وفي الصباح، شكر النزيل الموظفين على حسن ضيافتهم ووعد بالعودة مرة أخرى. "," فواحد من الفنادق العتيقة، الزبون سول الموظف بأدب ""واش نقدر ناخد المفتاح ديال البيت نمرة جوج خمسطاش؟"" بابتسامة، عطاه الموظف المفتاح وقاليه على الخدمة ديال الغرف لي كاينة. الزبون حس بالراحة والأمان منين دخل للغرفة الكبيرة ومرتاحة. وفي الصباح، شكر الزبون الموظفين على الضيافة الزوينة وعاود ليهم بللي غادي يرجع مرة أخرى. ",Moroccan
" في يوم جميل ومشمس، ذهبت فاطمة إلى الحديقة للاستمتاع بالأجواء اللطيفة. وهناك، التقت برجل كان يمسك بكاميرا احترافية. فاطمة اقتربت منه وسألت بأدب ""معذرة، هل يمكنك أن تلتقط صوراً لي؟"" ابتسم الرجل ووافق، والتقط لها عدة صور رائعة جعلت يومها أكثر بهجة. "," فنهار زوين والشمس طالعة، فاطمة مشات للحديقة باش تبرع بالجو. تماك، لقات واحد كيشد بكاميرا بروفيسيونال. فاطمة دارت عندو وقالت بلطف ""سمح ليا، واش يمكن ليك تصور ليا شي بورتريهات؟"" الولد تبسم وقبل، وصور ليها شي صور زوينين خلات نهارها فرحان. ",Moroccan
 فقط أكتب رقم غرفة ووقع هنا. وبعد أن وقع الرجل، نظر إلى الموظف بتوتر. لم يكن يعلم أن توقيعه سينقله إلى عالم غريب. وجد نفسه في غرفة مليئة بالألغاز وعليه حلها ليعود. , غير دوّن رقم البيت ووقّع هنا. وملي سالا السيد، شاف في الموظف بالخلعة. ما كانش عارف أنه الإمضاء ديالو غادي ينقلو لعالم غريب. لقى راسو في بيت مليان بالألغاز خاصو يحلهوم باش يرجع. ,Moroccan
" في محل لبيع الملابس، اشترى أحمد قميصاً جديداً ولكنه اكتشف أن المقاس غير مناسب. عاد إلى المحل وقال للبائع: ""اللون مقبول، لكن المقاس غير صحيح. هل من الممكن أن تقوم بتغييرها في خلال ساعة؟"" استجاب البائع لطلبه ووعده بتبديل القميص بالمقاس الصحيح. شعر أحمد بالرضا لأن الخدمة كانت سريعة ومريحة. "," فدكان ديال الحوايج، أحمد شرى قميجة جديدة ولكن شاف أن القياس ماشي مناسب. دار للدكان وقال للبائع: ""اللون مزيان، ولكن القياس ماشي صحيح. واش ممكن تبدلها ليا فوقت قصير؟"" البائع قبل وعده بالتبديل ديال القميجة بالقياس الصحيح. أحمد حس بالفرحة حيت الخدمة كانت سريعة وما تعطلش. ",Moroccan
 سنكون في انتظارك في ذلك اليوم. وعندما تصل، ستجدنا قد جهزنا لك مفاجأة كبيرة. ستحتفل معنا بأروع الأوقات، وستكون الذكريات التي سنصنعها سوياً خالدة في الأذهان. , غادي نكونو كنتسناو فيك في داك النهار. وملي توصل، غادي تلقى عندنا مفاجأة كبيرة مجهزينها ليك. غادي تدير الفرحة معانا بأجمل الأوقات، والذكريات لي غادي نصنعو مع بعضنا غادي تبقى ديما فالبال. ,Moroccan
 لدينا ما يكفينا للاستمرار لمدة يومين. ومع ذلك، قررت المجموعة البحث عن مصادر غذاء إضافية. خلال رحلتهم، وجدوا شجرة فاكهة غنية. فشعروا بالامتنان وتأملوا في مستقبل أفضل. , عندنا لي يكفينا نبقاو لمدة يومين. ولكن، الجماعة قررو يقلبو على موارد أكل زيادة. فالطريق، لقاو شجرة معمرة بالفواكه. حسو بالشكر وتمناو يكون الأمور غادي تتحسن. ,Moroccan
 لا أستطيع أن أفهم ذلك. ذهب علي إلى الطبيب ليسأله عن سبب حالته. فسر الطبيب المشكلة بطريقة مبسطة. عاد علي إلى البيت وقد امتلأ قلبه بالفهم والراحة. , ما قادرش نفهم هاد الشي. علي مشا عند الطبيب باش يسولو على الحالة ديالو. الطبيب فسر ليه المشكل بطريقة ساهلة. علي رجع لدارو مرتاح وفاهم كلشي. ,Moroccan
" كان يحيى في رحلة بعيدة عن موطنه، وضل الطريق ذات مرة. تساءل ""كيف أستطيع أن أرجع مرة أخرى إلى وجهتي والمكان المقصود؟"" استعان بخريطة قديمة وجدها بحقيبته، واستطاع بعد جهد أن يجد طريق العودة. "," كان يحيى مسافر بعيد على بلادو، وتهت في واحد الوقت. سول راسو ""كيفاش نقدر نرجع مرة أخرى لبلاصة لي بغيت نمشي ليها؟"" دار معاه خريطة قديمة لقاها في صاكو، وبشوية ديال الجهد عرف يلقى طريق الرجوع. ",Moroccan
" كان تاجر يسأل محاسبه: ""هل هذا معفى من الضرائب؟"" فأجابه المحاسب بأن القانون يعفي بعض السلع. فقرر التاجر حينها التوسع في تجارة السلع المعفاة لزيادة أرباحه. ومع الوقت، أصبحت تجارته الأكثر نجاحًا في المدينة. "," كان كاين واحد التاجر كيسول محاسب ديالو: ""واش هادشي معفي من الضرائب؟"" جاوبو المحاسب أن القانون كيعفي بعض السلع. هكذا قرر التاجر يكبر في تجارة السلع اللي معفية باش يزيد فالربح ديالو. ومع الوقت، ولا تجارتو هي الأكثر نجاح في المدينة. ",Moroccan
 كان الفريقان متعادلين، والوقت يمضي. حسناً، إن عليهم أن يقوموا بلعب أدوار إضافية حتى يتم إنهاء حالة التعادل. بذل اللاعبون جهوداً مضاعفة، والجمهور يهتف بحماس. وأخيراً، سجل أحمد الهدف الحاسم مختتماً المباراة بفوز مثير. , الفرقتين كانو متعادلين، والوقت كيدوز. يلاه، خاصهم يلعبو دورات إضافية باش يساليو التعادل. اللاعبين عطاوها بزاف، والجمهور كان كيشجع بالزاف. وفالأخير، أحمد سجل الهدف لي حسم اللعبة وسالا بانتصار شهي. ,Moroccan
 كان هناك شاب يريد الامتداد أربع وعشرون ساعة. قضى وقته في البحث عن طرق لتحقيق ذلك. وجد في النهاية ساعة سحرية تمنحه ما يريد. أصبح يعيش يومه بسعادة، لكنه تعلم أن الوقت لا يزال ثمينًا. , كان كاين شاب بغا يطول النهار لـ ٢٤ ساعة. قضا وقتو كيقلب على كيفية يقدر يوصل لهاد الشي. فالأخير لقا ساعة سحرية لي تعطيه اللي بغا. ولا كيعيش نهارو بفرح، ولكن تعلم بلي الوقت باقي ثمين. ,Moroccan
" في يومٍ ما، طلب الأستاذ من تلاميذه أن يتهجوا كلمة ""مغامرة"". رفع يوسف يده وبدأ يتهجى الكلمة بثقة. وبعد انتهائه، صفق له الأستاذ معجباً بقدرته على التهجي. شعر يوسف بالفخر، وتشجع باقي التلاميذ على المشاركة بحماس. "," فواحد النهار، الأستاذ طلب من التلامذ يهجيو كلمة ""مغامرة"". يوسف شد الراية وبدا كيهجي الكلمة بثقة. وملي سالا، الأستاذ صفق ليه معجب بالقدرة ديالو على الهجاء. يوسف حس بالفخر، والتلامذ الآخرين تزاد عندهم الحماس وشاركو بجدية. ",Moroccan
 ذهب أحمد إلى المتجر ليشتري بعض الحاجيات. عندما أنهى، قدم البائع له الفاتورة. تفضل هذان دولاران، قال أحمد، واحتفظ بالباقي. شكره البائع على كرمه وودعه بابتسامة. , مشا أحمد للحانوت باش يشري شي حوايج. ملي سالا، البياع عطاه الفاتورة. خود هاد الدرهمين، قال أحمد، وخلي الباقي ليك. البياع شكره على سخاوته وودعو بالضحكة. ,Moroccan
" كان خالد جائعًا للغاية فسأل أمه: ""متى الغداء؟"" فابتسمت وأجابت: ""بعد نصف ساعة يا ولدي."" فقرر خالد الانتظار في الحديقة وهو يقرأ كتابه المفضل. وعندما حان وقت الغداء، نادته أمه ليجد مائدة عامرة بأشهى الأطباق. "," خالد كان جوعان بزاف، سول مّو: ""إمتى غادي يكون الغدا؟"" دّيك الساعة دارت ليه ابتسامة وقالت ليه: ""غادي يكون واجد فنص ساعة يا ولدي."" حتى يجي وقت الغدا، خالد بقى فالجردة كايقرا فكتابو اللي كايعجبو. وملي جا الوقت، مّو نادت عليه ولقى الطابلة معمرة بألذ الأطايب. ",Moroccan
" كان هناك رجل أراد شراء سيارة جديدة، لكن عندما رأى الأسعار قال ""أسف، هذا كثير بالنسبة لي"". فقرر بدلاً من ذلك أن يقوم بتصليح سيارته القديمة. بعد الإصلاح، بدت السيارة كأنها جديدة. وأدرك أن القيمة لا تكمن فقط في الجديد، وإنما في ما يخدمنا بشكل جيد. "," كان هناك واحد بغا يشري طوموبيل جديدة، ولكن ملي شاف الثمن قال ""سمح ليا، هادشي بزاف عليا"". حتى هو قرر يصاوب طوموبيلتو القديمة. بعد التصليح، ولات الطوموبيل كدايرة بحال جديدة. وعرف باللي القيمة ماشي غير فالجديد، ولكن فيما كيخدم مزيان. ",Moroccan
 بدأت رحلتي مبكراً لأصل إلى ميدان يونيون، ولكنني وجدت صعوبة في تحديد الاتجاه. سألت أحد المارة وقد أرشدني بلطف إلى الطريق الصحيح. وبعد مسيرة طويلة، وصلت إلى الميدان والسعادة تغمرني لأنني لم أتأخر. , بديت سفرتي بكري باش نوصل لساحة يونيون، ولكن صعب عليا نعرف الطريق. سولت شي واحد من الناس اللي كانوا غاديين وهو دلني بالزين على الطريق الصحيح. ومورا ما مشيت بزاف، وصلت للساحة وأنا فرحان حيت ما تعطلتش. ,Moroccan
 في يومٍ مشمس، قرر أحمد أن يستأجر سيارة لاستكشاف المدينة. يمكن أن تستفسر من مكتب التأجير الموجود هناك. بعد التجول والاستمتاع بمعالم المدينة، وجد أحمد مطعماً تقليدياً لتناول العشاء. انتهى يومه بقصة رائعة ليحكيها لأصدقائه. , ف نهار شمسي، أحمد قرر يكري طوموبيل باش يشوف المدينة. يقدر يسول ف مكتب الكراء اللي تماك. مورا ما دار بزاف ديال البلايص وتمتع، لقى أحمد شي مطعم بلدي باش يتعشى. سالا نهارو بواحد القصة زوينة يحكيها لصحابو. ,Moroccan
 ذهب ماجد ولينا لجمع الأشياء المطلوبة. حملا الأكياس الثقيلة بصعوبة. وصلا إلى عمال النظافة وسلماهم الأغراض. شكرهم العمال على المساعدة وابتسموا. , ماجد ولينا مشاو يجمعو الأغراض لي طلبو منهم. شدو الكيسان الثقال بزز. وصلو لعمال النظافة وعطاوهم الحوايج. شكروهم العمال على المساعدة وتبسمو. ,Moroccan
 في أحد الأيام، قررت أن أذهب في إجازة إلى الجبال. وجدت نفسي أتنفس الهواء العليل وأستمتع بمنظر الطبيعة الخلاب. خلال تجوالي، صادفت قرويين ودودين دعوني لتناول الشاي. شعرت بالسعادة الغامرة وتمنيت لو أن الإجازة لا تنتهي. , واحد النهار، قررت نمشي نقضي عطلة في الجبال. لقيت راسي كنتنشق هوا صافي وكنتمتع بمنظر الطبيعة الزوينة. وأنا كندور، تلاقيت مع شي فلاحين خوتنا عزموني على أتاي. حسيت بفرحة كبيرة وتمنيت العطلة ماتساليش. ,Moroccan
 لا . أنا أخطط لزيارة باريس في طريق عودتي إلى وطني . قررت أن أستغل الفرصة لأرى برج إيفل وأتمشى على ضفاف نهر السين. سأبحث أيضاً عن أشهى المأكولات الفرنسية وأتذوق النكهات المحلية. في نهاية الرحلة، سأشتري الهدايا التذكارية لعائلتي وأصدقائي. , لا . كانخطط نمشي لباريس فطريق الرجوع لبلادي . غادي نستغل الفرصة باش نشوف برج إيفل ونتمشى حدا نهر السين. غادي نقلب على ألذ الأكلات الفرنسية ونذوق النكهات المحلية. فالأخير، غادي نشري الهدايا التذكارية للعائلة والأصحاب. ,Moroccan
 كان أحمد يفكر في إمكانية اصطحاب أخته معه في رحلته إلى القاهرة. هل ستأخذها معك أم سيكون علينا أن نرسلها؟ سألت والدته بقلق. قرر أحمد في النهاية أن يأخذها معه لتستمتع بالمغامرة. وهكذا، أصبحت الرحلة أكثر متعة بوجودها. , كان أحمد كيفكر إمتى يدير أختو معاه فالسفر ديالو للقاهرة. غادي تاخدها معاك ولا خاصنا نبعثوها؟ سولاتو مو بالقلق. فالأخير، قرر أحمد يديها معاه باش تستمتع بالمغامرة. وهاكاك، السفرة ولات أحسن بزاف بوجودها. ,Moroccan
 حدث مؤخراً انتشار في خبراء الطعام، أليس كذلك؟ لاحظ محمود الزيادة في عدد البرامج التلفزيونية المخصصة للطبخ. قرر أن يصبح واحداً من هؤلاء الخبراء وبدأ في تعلم فنون الطهي. عمل بجد حتى أتقن بعض الوصفات العالمية. وأخيراً، استطاع أن يظهر في برنامج تلفزيوني مشهور يعرض مهاراته. , لاحظ محمود كيفاش كثرت البرامج ديال الطبخ فالتلفزة. قرر يولي واحد من دوك الطباخين لي كيشهرو وبدا يتعلم الطبخ بجهد. تعلم مزيان وصفات من كل بلاصة فالعالم. وفالأخير، تمكن يطلع فواحد البرنامج التلفزيوني معروف ويوري الناس شنو درس. ,Moroccan
 قد حدثت منذ حوالي ست ساعات من الآن حادثة غير متوقعة. كان هناك سارق يحاول اقتحام بيت في الحي القديم. لكن جار البيت كان يقظًا ولاحظ الحركة الغريبة. فاتصل بالشرطة على الفور، وتم القبض على السارق بسرعة. , وقعات شي حادثة ماتتوقعش من شي ست ساعات. كان شي حرامي كيحاول يدخل يسرق شي دار فالحومة القديمة. ولكن الجار كان فايق وشاف الحركة الغريبة. داير الاتصال بالبوليس دغيا، وتشد الحرامي بسرعة. ,Moroccan
 رحلة الخطوط الجوية دلتا رقم واحد واحد اثنان تم تأخير موعد الركوب. انتظر المسافرون في الصالة بترقب شديد. بدأت الأعصاب تتوتر مع مرور الوقت. أعلنت الشركة عن موعد جديد للإقلاع. في النهاية، تمكن الجميع من الصعود إلى الطائرة وبدأت الرحلة. , الرحلة ديال دلتا نمرة واحد واحد جوج طارت موعد الركوب ديالها. المسافرين تسناو في القاعة بتوتر كبير. مع الوقت لي كيدوز، بداو الأعصاب ديالهم تتوتر. الشركة علنات على وقت جديد للإقلاع. فالأخير، الجميع طلع للطيارة وبدات الرحلة. ,Moroccan
" في إحدى الليالي الباردة، طرقت امرأة باب الفندق وسألت البواب ""هل يمكنك أن تعطني اثنين لليلة؟"" فأجابها البواب بابتسامة ودودة ""بالطبع، يمكننا توفير غرفة مزدوجة لكما"". شكرته المرأة وأخبرته بأنها وزوجها يحتفلان بذكرى زواجهما العاشرة. في الصباح التالي، تركت المرأة ملاحظة شكر عند الاستقبال وغادرت الفندق مع زوجها وقد بدت عليهما علامات السعادة والرضا. "," في واحد الليلة شتاء، واحد المرا دقات على باب الفندق وسولت البواب ""واش يمكن ليك تعطيني جوج لليلة؟"" البواب تبسم وقال ليها ""أكيد، يمكن لينا نعطيوكم شي غرفة دوبل"". المرا عطاتو الشكر وقالت ليه بللي هي وراجلها كيحتافلو بعشر سنين ديال زواج. فالصباح لي بعدو، خلات المرا ورقة شكر عند الاستقبال وغادرات الفندق مع راجلها وكان باين عليهم الفرح والرضا. ",Moroccan
 في يومٍ صيفي حار، اكتشف السيد خالد أن شركة التأمين الخاصة به قد تعرضت للسرقة. استشاط غضباً وقرر أن يبلغ الشرطة على الفور. بعد التحقيق، تبين أن الموظف الجديد كان وراء الحادثة. استعاد خالد الأموال المسروقة وشعر بالامتنان لسرعة استجابة الشرطة. , فوقت من الصيف شاد شوب، السي خالد كشف بللي شركة ديالو للتأمين تعرضات لسرقة. طلع ليه الدم وقرر يبلغ البوليس بلا تأخير. بعد التحقيق، تبين بللي الموظف الجديد هو لي دار السرقة. السي خالد استرجع الفلوس لي تسرقو وحس بالامتنان للبوليس لي جاو سريع. ,Moroccan
 بما أنني غير ماهر باستخدام الكاميرا، فقد قررت شراء واحدة جديدة تتميز بالبساطة وسهولة الاستخدام. وبعد البحث والمقارنة، وجدت النوع المثالي الذي يلبي احتياجاتي. لقد كانت النتائج مذهلة، فقد تمكنت من التقاط صور رائعة دون عناء. وبفضل هذه الكاميرا، أصبحت التصوير هوايتي المفضلة وطورت مهاراتي بشكل كبير. , حيت أنني ماشي ماهر بزاف في استعمل الكاميرا، قررت نشري وحدة جديدة ساهلة فالاستعمال. من بعد ما دورت وقارنت، لقيت النوع لي كيجاوب ليا. النتائج كانو مدهلين، قدرت نصور صور زوينة بلا مجهود. وبهاد الكاميرا، ولى التصوير هوايتي المفضلة وتحسنت فيه بزاف. ,Moroccan
" وصل الشاب المسافر إلى المحطة متأخرًا، ولم يعرف إن كان قد اختار الرصيف الصحيح. سأل أحد المارة: ""هل هذا هو الرصيف الصحيح لنيويورك؟"" فأجابه الرجل مبتسمًا وأشار إلى القطار الذي كان يستعد للانطلاق. شعر الشاب بالارتياح وصعد القطار في اللحظة الأخيرة، متجهًا نحو مغامرته الجديدة في نيويورك. "," واحد الشاب اللي كان غادي لنيويورك وصل لمحطة معطل وما عارفش واش هادا هو الرصيف الصحيح. سول واحد السيد: ""واش هذا هو الرصيف لنيويورك؟"" الراجل ضحك وقاليه آه وشير ليه للقطار لي كان غادي يمشي. الشاب حس بالراحة وركب القطار فلحظة الأخيرة، متوجه لمغامرتو الجديدة في نيويورك. ",Moroccan
 في يوم مشمس جميل، قرر أحمد استغلال إجازته والذهاب في رحلة إلى الشاطئ. استمتع بإجازتك، قالت له أمه وهي تودعه. على الشاطئ، قام ببناء قلعة رملية عظيمة وشارك في مباراة كرة طائرة. عاد إلى المنزل مع شعور بالسعادة والاسترخاء الذي طال انتظاره. , فنهار شمسي زوين، أحمد قرر يستاغل عطلتو ويمشي للبلاج. استمتع بعطلتك، گالت ليه أمو ملّي كانت كتودعو. فالبلاج، درا قصر رملي كبير وشارك فماتش كورة الطاير. رجع لدار مع شعور ديال الفرحة والراحة لي كان كيتسنى. ,Moroccan
 كان هناك رجل يبحث عن شاش ليصلح خيمته. فذهب إلى السوق ليجد بائعاً متخصصاً. وجد الرجل الشاش المناسب وبسعر جيد. فاشتراه وعاد ليصلح الخيمة بنفسه. , كان كاين راجل بغا يجيب شي شاش باش يصلح خيمتو. مشى للسوق باش يلقى شي بائع مختص. لقى الشاش لي بغا وبثمن مزيان. شراه ورجع يصلح الخيمة بيديه. ,Moroccan
 كان هناك رجل جائع جداً، فقرر أن يطلب بطاطس مشوية من مطعمه المفضل. وعندما وصلت البطاطس، وجدها مغطاة بقشدة حامضة شهية. استمتع بكل قضمة، وشعر بالرضا التام. ومنذ ذلك الحين، أصبحت البطاطس المشوية وجبته المفضلة. , كان كاين واحد مجوع بزاف، قرر يطلب بطاطا مشوية من المطعم اللي كيعجبو. وملي وصلات البطاطا، لقاها مغطية بكريمة حامضة لذيذة. استمتع بكل قضمة، وحس برضى كبير. ومن ديك الساعة، ولات البطاطا المشوية الأكلة المفضلة ديالو. ,Moroccan
 كان هناك رجل ينظر إلى ساعته كل عشر دقائق بقلق شديد. كان ينتظر مقابلة مهمة ستغير مجرى حياته. مع مرور الوقت، بدأ يشعر بالتوتر والقلق يزداد. وأخيراً، وصل الشخص المنتظر وابتسم الرجل بارتياح. , كان كاين شي واحد كيشوف في ساعتو كل عشر دقائق وهو مضطرب بزاف. كان كيتسنى موعد مهم غادي يبدل حياتو. مع دوزان الوقت، بدا يحس بالقلق كيتزاد. أخيراً، جا الشخص لي كان كيتسناه والراجل تبسم بارتياح. ,Moroccan
" وصل الشاب إلى الكافيتيريا جائعاً، وطلب من النادل: ""واحد هامبرجر وواحد شيز برجر، من فضلك"". وبينما كان ينتظر، شاركه صديق قديم الطاولة وتبادلا الأحاديث. ضحكا ملء الصدر وتناولا الطعام معاً بسعادة، فالطعام يجمع الأصدقاء دائماً. "," الشاب دخل لقهوة كيجوع وقال للسرباي: ""بغيت واحد هامبرجر وواحد شيز برجر، عافاك"". وهو كيتسنى، جا صاحبو القديم جلس معاه فوق الطابلة ودارو حديث. ضحكو بالزاف وكلو مع بعضياتهم بفرحة، حيت الأكل كيجمع الأصدقاء ديما. ",Moroccan
" جاء أحمد إلى الاستوديو مبكرًا ليطور صور الفيلم. سأله المدير: ""كم تتقاضى لتطبيق صور الفيلم؟"" فأجاب أحمد بثقة: ""أتقاضى مائة دولار لكل ساعة عمل."" وافق المدير على الفور وأشاد بمهارة أحمد. "," أحمد مشى للأستوديو بكري باش يصاوب صور الفيلم. المدير سولو: ""شحال كتاخد باش تصاوب صور الفيلم؟"" جاوب أحمد بثيقة: ""كناخد مية دولار لكل ساعة خدمة."" المدير قبل مباشرة ومدح في خدمة أحمد. ",Moroccan
 كلا منا يريد أن يحاسب على وجبته. في يوم من الأيام، قررت مجموعة من الأصدقاء الذهاب إلى مطعم فاخر. بعد الانتهاء من تناول الطعام، أصر كل منهم على دفع الفاتورة. تطور الأمر إلى موقف محرج حيث تسابق الجميع لإخراج محافظهم. , كل واحد فينا باغي يخلص على وجبتو. فنهار، قررت شي جماعة ديال صحاب يمشيو لشي مطعم فاخر. ملّي سالاو من الأكل، كل واحد فيهم تسابق باش يخلص الحساب. وتقلب الموقف لموقف محرج بزاف وهوما كيتسابقو يجبدو المحافظ ديالهم. ,Moroccan
 استيقظ أحمد مبكراً ليدفع الفاتورة كما وعد. وجد الشوارع خالية والجو بارداً. دخل المحل وسلم النقود للبائع بابتسامة. شعر بالرضا لأنه أوفى بوعده. , أحمد فاق بكري باش يخلص الفاتورة بحال ما وعد. لقا الزناقي خاويين والجو بارد. دخل الحانوت وعطى الفلوس للبايع بابتسامة. حس براحة حيت نفذ الوعد ديالو. ,Moroccan
" كان أحمد ينوي الذهاب إلى السوق لشراء بعض الحاجيات. صادف في طريقه جاره محمد، فاقترح عليه محمد الذهاب معًا. وافق أحمد على الفكرة مبتسمًا، وقال ""إني ذاهب إلى هناك، أيضا. ما رأيك أن نأخذ سيارة أجرة معًا؟"". فتشاركا الرحلة وتبادلا الأحاديث الشيقة طوال الطريق. "," كان أحمد غادي للسوق باش يشري شوية ديال الضروريات. فالطريق تلاقى مع جارو محمد، وباش يوفرو فالوقت، محمد عرض عليه يمشيو معا. أحمد ضحك ووافق، وقال ""راني غادي لتماك، حتى أنا. واش ما نديروش طاكسي معا؟"". وهكاك دازو الطريق كيتجاذبو الأحاديث. ",Moroccan
" جاء خالد إلى منزل صديقه أحمد وتلقى ترحيبًا حارًا. ""تفضل كرسي وخذ راحتك. هل أتي لك بشيء لتشربه؟ قهوة، شاي أم صودا؟"" قال أحمد بابتسامة. اختار خالد قهوة فاخرة وجلسا يتحدثان عن ذكريات الطفولة. انتهى اليوم بشعور عميق من الصداقة والألفة. "," جا خالد لدار صاحبو أحمد وتوصل بترحاب حار. ""تفضل الكرسي وخود راحتك. بغيتي نجيب لك شي حاجة تشرب؟ قهوة، أتاي ولا سودا؟"" قال أحمد بابتسامة. خالد اختار القهوة الفاخرة وقعدو يهدرو على أيام الزمان. سالا اليوم بإحساس قوي ديال الصحبة والمعزة. ",Moroccan
" في يوم مشمس، قال الطفل لوالدته: ""أنه شيء رائع منك أن تقولي ذلك"". فابتسمت الأم بحنان وعانقته بقوة. شعر الطفل بالسعادة والأمان في أحضان أمه. ومنذ ذلك اليوم، وعدا نفسيهما أن يشاركا مشاعرهما الإيجابية دائمًا. "," فنهار مشرق، الولد قال لمه: ""هاد الشي زوين منك باش تگولي هاكا"". الأم ضحكات بحنان وعنقاتو بقوة. الولد حس بالفرحة والأمان فحضن مه. ومن ديك الساعة، واعدين راسهم يبقاو ديما كيشاركو المشاعر الزوينة. ",Moroccan
 المكان كان على كرسي في البهو. وجدت سيدة حقيبة جلدية متروكة خلف الكرسي. نادت الحارس ليتحرى عن صاحب الحقيبة. بعد ساعات، جاء رجل مسرعاً يبحث عن حقيبته المفقودة وشكر الجميع على أمانتهم. , البلاصة كانت فوق كرسي فالرواق. واحدة مدام لقات صاك جلدي تْخلى مور الكرسي. صوتت على الگاردي باش يتسائل على مول الصاك. شي ساعات وجا واحد كيجري كيقلب على صاكو اللي تفقد وشكر الناس كاملين على نزاهتهم. ,Moroccan
 في مطعم راقي، طلب أحمد طبق لحم بقري مشوي. وبينما هو ينتظر، شعر بعبق البهارات المنبعث من المطبخ. جاء النادل حاملاً الطبق المُعد بعناية، وعندما تذوق أحمد اللحم، أغمض عينيه مستمتعاً بالنكهة الرائعة. ترك أحمد بقشيشاً سخياً شاكراً الطاهي على مهارته الفائقة. , فواحد الريسطوران فخم، أحمد طلب طبق ديال اللحم البقري المشوي. وهو كيتسنى، شم ريحة البزار اللي خارجة من الكوزينة. الكارسون جاب الطبق لي توجد بالزربة، وملي ذاق أحمد اللحم، سد عينيه كيتمتع بالطعمة الزوينة. أحمد عطا شي بكشيش مزيان شكراً للكوك على مهارتو العالية. ,Moroccan
" كان الجميع في البيت يستعدون لقدوم الضيوف. قامت الأم بطهي الأطباق الشهية والحلويات، بينما كان الأب يزين الصالون. سألت الجدة بفضول: ""ستكون المائدة جاهزة؟"" فأجاب الجميع بصوت واحد: ""نعم، ستكون جاهزة في الوقت المحدد"". "," كولشي فدار كان كيوجد باش يستقبلو الضياف. الأم دارت الطياب والحلويات، والبا كان كيزوق الصالون. الجدة سولت بفضول: ""غادي تكون المائدة واجدة؟"" جاوبو كاملين بصوت واحد: ""إيه، غادي تكون واجدة فالوقت لي حددنا"". ",Moroccan
