MSA,Algerian,lang
" ذهب خالد إلى المطعم وطلب محار الصخر. بعد لحظات من التفكير، سأل النادل ""هل لازال متاح لي أن أغير طلبي؟ أفضل سمك موسى بدلا من محار الصخر."" ابتسم النادل وأكد له أنه يمكن تغيير الطلب. شعر خالد بالسعادة وتطلع لتذوق سمك موسى الشهي. "," خالد مشى للمطعم وطلب محار الصخر. واحد اللحظة من التفكير، قال للقرسون ""واش راك تحكم، نقدر نبدل طلبي ولا لا؟ راني نفضل سمك موسى على محار الصخر."" القرسون تبسم وقالو عادي تبدل طلبك. خالد فرح وقعد يتسنى في سمك موسى. ",Algerian
" في يوم حار من أيام الصيف، دخل العم أحمد متجر الصرافة حاملاً يداً من الدولارات. طلب من الصراف تحويلها إلى جنيهات مصرية قائلاً ""من فضلك غير هذه الينات إلى جنيهات"". بابتسامته المعهودة، قام الصراف بعملية التحويل بسرعة وكفاءة. شكر العم أحمد الصراف وخرج من المتجر وقد ارتسمت على وجهه ابتسامة الرضا. "," فوقت شاطح من الصيف، الحاج أحمد دخل لمحل تبديل الفلوس وهو يشيل بوقالة دولارات. قال للصراف ""عافاك غيرلي هاذي الدولارات لدينارات"". الصراف بتبسمو اللي عادتنا عليه، درب العملية ديال التبديل بلا مطروف. الحاج أحمد شكر الصراف وخرج من المحل وعلى وجهو ابتسامة التهناية. ",Algerian
 أجرى الطبيب عملية استئصال الزائدة الدودية بنجاح. بعد العملية، استراح المريض في غرفته وكانت حالته تتحسن تدريجيًا. خلال فترة التعافي، حرص الطاقم الطبي على رعايته بشكل ممتاز. وأخيرًا، غادر المريض المستشفى بصحة جيدة وشعور بالامتنان العميق. , الدكتور دار عملية لقطع الزائدة الدودية وربحها. بعد العملية، المريض استراح في بيتو وحالتو كانت تتحسن بالتدريج. طول مدة الشفاء، طاقم الطب كانوا يعتنو بيه مليح. وفي الآخر، خرج المريض من السبيطار بصحة مليحة وبشكر كبير. ,Algerian
 ذهب محمد إلى المستشفى ليستلم فواتير علاجه الطبي. سأل الطبيب إذا ما كانت الفواتير تشمل كل التفاصيل. أكد الطبيب أن كل شيء موثق بدقة. شعر محمد بالارتياح لأنه سيتمكن من تقديم الوثائق لشركة التأمين. , محمد راح للسبيطار باش يجيب فواتير العلاج ديالو. سقسى الطبيب واش الفواتير تاعو فيهم كامل التفاصيل. الطبيب ضمنلو أن كلش مدون مليح. محمد حس بالاطمئنان حيت غادي يقدر يعطي الوراق لشركة التأمين. ,Algerian
 كان أحمد يبحث عن قاموس جيب في المكتبة ليساعده في دراسته للغة الإنجليزية. وجد واحدًا مناسبًا، فقد كان صغيرًا وعمليًا. دفع ثمن القاموس وشعر بسعادة لأنه سيكون مفيدًا في رحلته القادمة. استعمله كل يوم وتحسنت لغته الإنجليزية بشكل ملحوظ. , أحمد كان يقلب على قاموس جيب في المكتبة باش يعاونو في قرايتو للإنجليزية. لقى واحد ملاح، صغير وعملي. خلص عليه وحس بالفرحة لأنو غادي يجيبو معاه في سفرتو الجاية. استعملو كل نهار وطلعت لغتو الإنجليزية واعرة. ,Algerian
 حسناً، أنا لا أعلم ماذا حدث بالضبط، ولكن يبدو أن القط قد تسلق الشجرة ولم يستطع النزول. استدعينا رجال الإطفاء لمساعدته. وبعد جهود حثيثة، تمكنوا من إنقاذه. شكرتهم كثيرًا لأنهم أعادوا القط إلى أرض الأمان. , واخا، أنا ما نعرفش شكون صرا بالضبط، ولكن يظهر أن القطوس طلع للشجرة وما قدرش يهبط. صونينا لرجال الاطفاء باش يعاونوه. وبعد مجهود كبير، تمكنوا من إنقاذو. شكرتهم بزاف حيت رجعو القطوس للأمان. ,Algerian
 مبروك، علمت أنه قد تم ترقيتك إلى نائب رئيس. في يوم الترقية، استعد خالد بكل حماس ليذهب إلى العمل. وعند وصوله، استقبله زملاؤه بالتصفيق والتهاني. شعر بالفخر والسعادة لهذا الإنجاز، وعزم على مواصلة العمل بجد وإخلاص. , مبروك، عرفت بلي ترقيت لمنصب نائب الرئيس. نهار الترقية، خالد وجد روحو بكل حماس باش يمشي للخدمة. وقت اللي وصل، زملاه استقبلوه بتصفيق وتهاني. حس بالعزة والفرحة على هاد الإنجاز، وعاهد روحو يستمر يخدم بجدية وإخلاص. ,Algerian
 مساء بعد غد، سيعقد القرية احتفالاً كبيراً يشمل الألعاب النارية والرقص. وسيجتمع الناس من كل أنحاء المنطقة لمشاركة الفرح والمأكولات التقليدية. ستقدم الفرق الموسيقية عروضاً حية، وستكون الموسيقى ساحرة تملأ الأجواء. وبينما تغرب الشمس، ستضاء السماء بألوان الألعاب النارية، معلنة نهاية يوم لا يُنسى. , العشية بعد غدوة، القرية رايحة تدير حفلة كبيرة فيها لعاب نارية ورقصة. الناس يجو من كل بلاصة باش يشاركو في الفرحة وياكلو الأكل التقليدي. الفرق الموسيقية رايحين يقدمو عروض حية، والموسيقى رايحة تكون ساحرة تملى الجو. وملي تغيب الشمس، السماء رايحة تضوى بألوان اللعاب النارية، وتعلن نهاية يوم ما ينتساش. ,Algerian
 في جنوب اليابان حيث البحار الدافئة، يوجد صياد قديم يعيش وحيدًا في بيت صغير. كل صباح، يأخذ قاربه الخشبي الصغير ويبحر بحثًا عن الأسماك. يتميز بالصبر والهدوء، ويعتبر البحر صديقه الوحيد. في المساء، يعود إلى قريته حاملاً ما اصطاده، ويشارك قصص البحر مع الأطفال. , فالجنوب ديال اليابان وين البحار دافية، كاين صياد عجوز يعيش بوحدو في دار صغيرة. كل صباح، ياخد قاربو الخشبي الصغير ويمشي يقلب على الحوت. هو صبار وهادي، ويشوف البحر كصاحبو الوحيد. فالعشية، يرجع للقريتو ويجيب معاه اللي صاد، ويقص للصغار قصص البحر. ,Algerian
 اشترى أحمد تذكرة ذهاب وعودة إلى شيكاغو لحضور مؤتمر علمي. وصل إلى المدينة واستمتع بزيارة المعالم الشهيرة. التقى هناك بباحثين من مختلف دول العالم. عاد إلى وطنه مليئاً بالأفكار والخبرات الجديدة. , أحمد شرى تيكي شيكاغو عرجة ورجعة باش يحضر في كونغري علمي. وصل لشيكاغو وبرع بزيارة البلايص المعروفة. تلاقى مع باحثين من دول كثيرة. رجع لبلادو وهو معبي بأفكار وتجارب جديدة. ,Algerian
 في يوم من الأيام، قرر أحمد أن يجرب وجبة جديدة في المطعم المحلي. عندما قرأ القائمة، وجد خيارًا يحتوي على لحم خنزير مملح. ولكنه تذكر أن تناول لحم الخنزير محرم في دينه. فقرر أن يطلب طبقًا آخر يحتوي على الدجاج والأرز بدلًا من ذلك. , واحد النهار، أحمد قرر يجرب واحد البلاطو جديد في المطعم ديال الحومة. ملي قرا المينو، لقى فيها بلاطو فيه لحم ديال الخنزير مملح. ولكن تفكر بلي أكل لحم الخنزير حرام في ديننا. فقرر يطلب بلاطو آخر فيه الدجاج والروز بلاش داك. ,Algerian
 في يوم مشمس، ذهب أحمد إلى المكتبة للدراسة. وجد مكاناً هادئاً بين الرفوف وبدأ بقراءة كتبه. بعد ساعات، انضمت إليه صديقته سارة لمساعدته. انتهى اليوم بنجاح حيث استطاع أحمد أن يفهم ويحل جميع المسائل الصعبة. , في يوم مشمس، مشى أحمد للمكتبة باش يقرا. لقى بلاصة ساكتة بين الطاقات وبدا يقرى في كتبو. ورا وقت، جات صحبتو سارة تعاونو. سالا النهار بالنجاح وأحمد فهم وحل كل المشاكل الصعاب. ,Algerian
" في يوم عاصف، احتاجت السيدة أمينة للذهاب إلى السوق بسرعة. وجدت صعوبة في إيقاف سيارة أجرة بسبب الأمطار الغزيرة. عندما اقتربت سيارة، صرخت قائلة: ""من فضلك، أسرع!"" وأخيرًا تمكنت من الوصول إلى وجهتها في الوقت المحدد. "," في نهار برد، خاصة أمينة تروح للسوق بالسرعة. ما لقاتش طاكسي حيت الشتا كانت قاصحة. ملّي جا واحد الطاكسي قريب، صرخت: ""عافاك، خلّيها تجري!"" وفي الأخير، وصلت لبلاصتها في الوقت اللي حددت. ",Algerian
 كان تاناب ينتظر صديقه عند الساعة السابعة. وعندما وصل الشخص الآخر، بدأت بينهما محادثة مهمة. تحدثا عن مشروع مشترك كانا يخططان له. وفي نهاية اللقاء، اتفقا على الخطوات القادمة وودع كل منهما الآخر بحرارة. , كان تاناب يتسنى صاحبو في ساعة سبعة. وكيف وصل الشخص لاخر، درو مع بعضهم حديث مهم. هدروا على مشروع مشترك يخمموا يديروه. وفي الآخر، قرروا على الخطوات اللي جاية وودعو بعضهم بشوق. ,Algerian
 التكييف لا يعمل، فقرر أحمد الاتصال بالصيانة. وصل الفني وتبين أن العطل بسيط ويمكن إصلاحه. بعد ساعة من العمل، عاد التكييف للعمل بكفاءة. شعر أحمد بالارتياح وهو يستعد لقضاء باقي اليوم براحة. , المكيف ما يخدمش، حب يتصل أحمد بالصيانة. جا الفني وشاف بلي العطب ساهل ويقدر يصلحو. واحد الساعة من الخدمة ورجع المكيف يخدم مليح. أحمد حس بالارتياح وهو يستعد باش يقضي باقي النهار بالراحة. ,Algerian
 كانت تستيقظ مبكراً كل يوم اثنين لتحضير الفطور لعائلتها. تعد البيض المقلي والخبز الطازج مع الشاي الساخن. بعد الانتهاء من الفطور، تبدأ في ترتيب البيت والاهتمام بالحديقة. أنها هكذا كل يوم اثنين، تملأ البيت بالحب والدفء. , كل نهار الإثنين تفيق بكري توجد الفطور للعائلة ديالها. تحضر البيض المقلي والخبز الفريش والشاي السخون. ومن بعد ما تسالي الفطور، ترتب الدار وتعتني بالجنينة. هكاكة كل نهار الإثنين، تعبي الدار بالمحبة والدفء. ,Algerian
" وصل محمد إلى المطار مبكرًا، وهو يحمل حقيبته بين يديه. سمع صوت المذيع يطلب منه التوجه إلى قاعة المغادرة الدولية. ودع أصدقائه قائلًا: ""من فضلك اذهب على قاعة المغادرة الدولية، أتمنى لك رحلة سعيدة"". صعد إلى الطائرة متطلعًا إلى مغامرته الجديدة بكل حماس. "," محمد وصل للمطار بكري، حامل ساكو في يديه. سمع صوت المذيع يقولو يروح لقاعة الخروج الدولية. سلم على صحابو وقال: ""الله يسهل عليكم، روحو لقاعة الخروج الدولية، نتمنالكم رحلة مليحة"". طلع للطيارة وعيونو تلمع بالحماس للمغامرة الجاية. ",Algerian
" كان أحمد يرغب في زيارة باريس لمشاهدة برج إيفل. فسأل وكيل السفر: ""هل لديك أية رحلات إلى باريس عبر قطار يوروستار؟"" وكيل السفر أكد له أن هناك رحلة متاحة الأسبوع المقبل. أحمد حجز تذكرته وتحمس للغاية لبدء مغامرته. "," أحمد بغى يروح لباريس باش يشوف البرج إيفل. سقسى الوكيل: ""عندكم شي رحلات لباريس عبر قطار يوروستار؟"" الوكيل قال ليه كاينة رحلة السيمانة الجاية. أحمد ريزيرفا تذكرتو وبدا يحضر روحو للمغامرة. ",Algerian
 كانت ساعة سيكو رقمية هدية من جدي. كل يوم، كانت تذكرني بالأوقات الجميلة التي قضيتها معه. ذات يوم، ضاعت الساعة وشعرت بحزن عميق. بعد البحث المتواصل، وجدتها تحت السرير، فعادت لي الذكريات السعيدة. , ساعتي سيكو الرقمية كانت كادو من جدي. كل نهار، كانت تذكرني بلحظات الزين اللي قضيتها معاه. في واحد النهار، ضاعتلي الساعة وحسيت بحزن شديد. بعد ما دورت بزاف، لقيتها تحت النرية، ورجعتلي الذكريات الطيبة. ,Algerian
 لقد أحضرت الشهادة الطبية لطبيبي من اليابان. وعندما رآها، بدا معجبًا بالدقة والاحترافية التي كُتبت بها. ثم قرر أن يعتمد هذه الطريقة في عيادته. ومع الوقت، أصبحت العيادة مثالاً يُحتذى به في المدينة. , جبت الشهادة الطبية لطبيبي من اليابان. وملي شافها، تحير بالدقة والاحترافية اللي مكتوبة بيها. حتى هو قرر يدير نفس الأسلوب في عيادتو. وبالوقت، عيادتو صارت مثال يتبع في المدينة. ,Algerian
 ذهب محمد إلى المستشفى ليستلم فواتير علاجه الطبي. سأل الطبيب إذا ما كانت الفواتير تشمل كل التفاصيل. أكد الطبيب أن كل شيء موثق بدقة. شعر محمد بالارتياح لأنه سيتمكن من تقديم الوثائق لشركة التأمين. , محمد راح للسبيطار باش يجيب فواتير العلاج ديالو. سقسى الطبيب واش الفواتير تاعو فيهم كامل التفاصيل. الطبيب ضمنلو أن كلش مدون مليح. محمد حس بالاطمئنان حيت غادي يقدر يعطي الوراق لشركة التأمين. ,Algerian
 كان أحمد يبحث عن قاموس جيب في المكتبة ليساعده في دراسته للغة الإنجليزية. وجد واحدًا مناسبًا، فقد كان صغيرًا وعمليًا. دفع ثمن القاموس وشعر بسعادة لأنه سيكون مفيدًا في رحلته القادمة. استعمله كل يوم وتحسنت لغته الإنجليزية بشكل ملحوظ. , أحمد كان يقلب على قاموس جيب في المكتبة باش يعاونو في قرايتو للإنجليزية. لقى واحد ملاح، صغير وعملي. خلص عليه وحس بالفرحة لأنو غادي يجيبو معاه في سفرتو الجاية. استعملو كل نهار وطلعت لغتو الإنجليزية واعرة. ,Algerian
 حسناً، أنا لا أعلم ماذا حدث بالضبط، ولكن يبدو أن القط قد تسلق الشجرة ولم يستطع النزول. استدعينا رجال الإطفاء لمساعدته. وبعد جهود حثيثة، تمكنوا من إنقاذه. شكرتهم كثيرًا لأنهم أعادوا القط إلى أرض الأمان. , واخا، أنا ما نعرفش شكون صرا بالضبط، ولكن يظهر أن القطوس طلع للشجرة وما قدرش يهبط. صونينا لرجال الاطفاء باش يعاونوه. وبعد مجهود كبير، تمكنوا من إنقاذو. شكرتهم بزاف حيت رجعو القطوس للأمان. ,Algerian
 مبروك، علمت أنه قد تم ترقيتك إلى نائب رئيس. في يوم الترقية، استعد خالد بكل حماس ليذهب إلى العمل. وعند وصوله، استقبله زملاؤه بالتصفيق والتهاني. شعر بالفخر والسعادة لهذا الإنجاز، وعزم على مواصلة العمل بجد وإخلاص. , مبروك، عرفت بلي ترقيت لمنصب نائب الرئيس. نهار الترقية، خالد وجد روحو بكل حماس باش يمشي للخدمة. وقت اللي وصل، زملاه استقبلوه بتصفيق وتهاني. حس بالعزة والفرحة على هاد الإنجاز، وعاهد روحو يستمر يخدم بجدية وإخلاص. ,Algerian
 مساء بعد غد، سيعقد القرية احتفالاً كبيراً يشمل الألعاب النارية والرقص. وسيجتمع الناس من كل أنحاء المنطقة لمشاركة الفرح والمأكولات التقليدية. ستقدم الفرق الموسيقية عروضاً حية، وستكون الموسيقى ساحرة تملأ الأجواء. وبينما تغرب الشمس، ستضاء السماء بألوان الألعاب النارية، معلنة نهاية يوم لا يُنسى. , العشية بعد غدوة، القرية رايحة تدير حفلة كبيرة فيها لعاب نارية ورقصة. الناس يجو من كل بلاصة باش يشاركو في الفرحة وياكلو الأكل التقليدي. الفرق الموسيقية رايحين يقدمو عروض حية، والموسيقى رايحة تكون ساحرة تملى الجو. وملي تغيب الشمس، السماء رايحة تضوى بألوان اللعاب النارية، وتعلن نهاية يوم ما ينتساش. ,Algerian
 في جنوب اليابان حيث البحار الدافئة، يوجد صياد قديم يعيش وحيدًا في بيت صغير. كل صباح، يأخذ قاربه الخشبي الصغير ويبحر بحثًا عن الأسماك. يتميز بالصبر والهدوء، ويعتبر البحر صديقه الوحيد. في المساء، يعود إلى قريته حاملاً ما اصطاده، ويشارك قصص البحر مع الأطفال. , فالجنوب ديال اليابان وين البحار دافية، كاين صياد عجوز يعيش بوحدو في دار صغيرة. كل صباح، ياخد قاربو الخشبي الصغير ويمشي يقلب على الحوت. هو صبار وهادي، ويشوف البحر كصاحبو الوحيد. فالعشية، يرجع للقريتو ويجيب معاه اللي صاد، ويقص للصغار قصص البحر. ,Algerian
 اشترى أحمد تذكرة ذهاب وعودة إلى شيكاغو لحضور مؤتمر علمي. وصل إلى المدينة واستمتع بزيارة المعالم الشهيرة. التقى هناك بباحثين من مختلف دول العالم. عاد إلى وطنه مليئاً بالأفكار والخبرات الجديدة. , أحمد شرى تيكي شيكاغو عرجة ورجعة باش يحضر في كونغري علمي. وصل لشيكاغو وبرع بزيارة البلايص المعروفة. تلاقى مع باحثين من دول كثيرة. رجع لبلادو وهو معبي بأفكار وتجارب جديدة. ,Algerian
 في يوم من الأيام، قرر أحمد أن يجرب وجبة جديدة في المطعم المحلي. عندما قرأ القائمة، وجد خيارًا يحتوي على لحم خنزير مملح. ولكنه تذكر أن تناول لحم الخنزير محرم في دينه. فقرر أن يطلب طبقًا آخر يحتوي على الدجاج والأرز بدلًا من ذلك. , واحد النهار، أحمد قرر يجرب واحد البلاطو جديد في المطعم ديال الحومة. ملي قرا المينو، لقى فيها بلاطو فيه لحم ديال الخنزير مملح. ولكن تفكر بلي أكل لحم الخنزير حرام في ديننا. فقرر يطلب بلاطو آخر فيه الدجاج والروز بلاش داك. ,Algerian
 في يوم مشمس، ذهب أحمد إلى المكتبة للدراسة. وجد مكاناً هادئاً بين الرفوف وبدأ بقراءة كتبه. بعد ساعات، انضمت إليه صديقته سارة لمساعدته. انتهى اليوم بنجاح حيث استطاع أحمد أن يفهم ويحل جميع المسائل الصعبة. , في يوم مشمس، مشى أحمد للمكتبة باش يقرا. لقى بلاصة ساكتة بين الطاقات وبدا يقرى في كتبو. ورا وقت، جات صحبتو سارة تعاونو. سالا النهار بالنجاح وأحمد فهم وحل كل المشاكل الصعاب. ,Algerian
" في يوم عاصف، احتاجت السيدة أمينة للذهاب إلى السوق بسرعة. وجدت صعوبة في إيقاف سيارة أجرة بسبب الأمطار الغزيرة. عندما اقتربت سيارة، صرخت قائلة: ""من فضلك، أسرع!"" وأخيرًا تمكنت من الوصول إلى وجهتها في الوقت المحدد. "," في نهار برد، خاصة أمينة تروح للسوق بالسرعة. ما لقاتش طاكسي حيت الشتا كانت قاصحة. ملّي جا واحد الطاكسي قريب، صرخت: ""عافاك، خلّيها تجري!"" وفي الأخير، وصلت لبلاصتها في الوقت اللي حددت. ",Algerian
 كان تاناب ينتظر صديقه عند الساعة السابعة. وعندما وصل الشخص الآخر، بدأت بينهما محادثة مهمة. تحدثا عن مشروع مشترك كانا يخططان له. وفي نهاية اللقاء، اتفقا على الخطوات القادمة وودع كل منهما الآخر بحرارة. , كان تاناب يتسنى صاحبو في ساعة سبعة. وكيف وصل الشخص لاخر، درو مع بعضهم حديث مهم. هدروا على مشروع مشترك يخمموا يديروه. وفي الآخر، قرروا على الخطوات اللي جاية وودعو بعضهم بشوق. ,Algerian
 التكييف لا يعمل، فقرر أحمد الاتصال بالصيانة. وصل الفني وتبين أن العطل بسيط ويمكن إصلاحه. بعد ساعة من العمل، عاد التكييف للعمل بكفاءة. شعر أحمد بالارتياح وهو يستعد لقضاء باقي اليوم براحة. , المكيف ما يخدمش، حب يتصل أحمد بالصيانة. جا الفني وشاف بلي العطب ساهل ويقدر يصلحو. واحد الساعة من الخدمة ورجع المكيف يخدم مليح. أحمد حس بالارتياح وهو يستعد باش يقضي باقي النهار بالراحة. ,Algerian
 كانت تستيقظ مبكراً كل يوم اثنين لتحضير الفطور لعائلتها. تعد البيض المقلي والخبز الطازج مع الشاي الساخن. بعد الانتهاء من الفطور، تبدأ في ترتيب البيت والاهتمام بالحديقة. أنها هكذا كل يوم اثنين، تملأ البيت بالحب والدفء. , كل نهار الإثنين تفيق بكري توجد الفطور للعائلة ديالها. تحضر البيض المقلي والخبز الفريش والشاي السخون. ومن بعد ما تسالي الفطور، ترتب الدار وتعتني بالجنينة. هكاكة كل نهار الإثنين، تعبي الدار بالمحبة والدفء. ,Algerian
" وصل محمد إلى المطار مبكرًا، وهو يحمل حقيبته بين يديه. سمع صوت المذيع يطلب منه التوجه إلى قاعة المغادرة الدولية. ودع أصدقائه قائلًا: ""من فضلك اذهب على قاعة المغادرة الدولية، أتمنى لك رحلة سعيدة"". صعد إلى الطائرة متطلعًا إلى مغامرته الجديدة بكل حماس. "," محمد وصل للمطار بكري، حامل ساكو في يديه. سمع صوت المذيع يقولو يروح لقاعة الخروج الدولية. سلم على صحابو وقال: ""الله يسهل عليكم، روحو لقاعة الخروج الدولية، نتمنالكم رحلة مليحة"". طلع للطيارة وعيونو تلمع بالحماس للمغامرة الجاية. ",Algerian
" كان أحمد يرغب في زيارة باريس لمشاهدة برج إيفل. فسأل وكيل السفر: ""هل لديك أية رحلات إلى باريس عبر قطار يوروستار؟"" وكيل السفر أكد له أن هناك رحلة متاحة الأسبوع المقبل. أحمد حجز تذكرته وتحمس للغاية لبدء مغامرته. "," أحمد بغى يروح لباريس باش يشوف البرج إيفل. سقسى الوكيل: ""عندكم شي رحلات لباريس عبر قطار يوروستار؟"" الوكيل قال ليه كاينة رحلة السيمانة الجاية. أحمد ريزيرفا تذكرتو وبدا يحضر روحو للمغامرة. ",Algerian
 كانت ساعة سيكو رقمية هدية من جدي. كل يوم، كانت تذكرني بالأوقات الجميلة التي قضيتها معه. ذات يوم، ضاعت الساعة وشعرت بحزن عميق. بعد البحث المتواصل، وجدتها تحت السرير، فعادت لي الذكريات السعيدة. , ساعتي سيكو الرقمية كانت كادو من جدي. كل نهار، كانت تذكرني بلحظات الزين اللي قضيتها معاه. في واحد النهار، ضاعتلي الساعة وحسيت بحزن شديد. بعد ما دورت بزاف، لقيتها تحت النرية، ورجعتلي الذكريات الطيبة. ,Algerian
 لقد أحضرت الشهادة الطبية لطبيبي من اليابان. وعندما رآها، بدا معجبًا بالدقة والاحترافية التي كُتبت بها. ثم قرر أن يعتمد هذه الطريقة في عيادته. ومع الوقت، أصبحت العيادة مثالاً يُحتذى به في المدينة. , جبت الشهادة الطبية لطبيبي من اليابان. وملي شافها، تحير بالدقة والاحترافية اللي مكتوبة بيها. حتى هو قرر يدير نفس الأسلوب في عيادتو. وبالوقت، عيادتو صارت مثال يتبع في المدينة. ,Algerian
 في الطائرة المتجهة إلى بيروت، قرر ماجد تصفح مجلة الرحلة. وجد فيها قائمة المشروبات، واختار عصير البرتقال. جاءت المضيفة مبتسمة لتقدم له الشراب مع وجبة الغداء. شعر ماجد بالرضا وهو يتناول طعامه ويتأمل السحاب خارج النافذة. , فالطيارة لي رايحة لبيروت، ماجد فتح مجلة الرحلة باش يقرا. لقى لاليست ديال المشروبات واختار عصير ليمون. المضيفة جات بابتسامة وقدمتلو الشراب معا الغدا. ماجد حس بالراحة وهو ياكل ويشوف السحاب من الطاقة. ,Algerian
" في يوم من الأيام، سأل الطفل الغريب العجوز في الحديقة: ""هل تعيش بالقرب من هنا؟"" فأجاب العجوز بابتسامة عريضة ودعا الطفل لزيارته في منزله الصغير الذي يقع خلف الحديقة مباشرة. ومنذ ذلك اليوم، أصبح الطفل يزور العجوز يومياً، وتعلم الكثير من حكاياته وخبراته. تحولت الصداقة بينهما إلى قصة ملهمة لجميع سكان الحي. "," واحد النهار، ولد سقسى الشيخ اللي قاعد في الجنينة: ""تسكن حدا هنا؟"" الشيخ تبسم وعزمو يجي يزورو في دارو الصغيرة اللي ورا الجنينة مباشرة. من داك النهار، ولد صار يجي عند الشيخ كل يوم، وتعلم بزاف من حكاياتو وخبرتو. الصحبة بيناتهم ولات قصة يستلهم منها كل سكان الحي. ",Algerian
" كان أحمد يملك متجر هدايا صغير وأراد أن يرسل بعض المنتجات إلى اليابان. تحدث مع شركة الشحن وسألهم: ""هل يمكنك أن ترسلها إلى اليابان؟"" وافقت الشركة وأخبرته بكافة الإجراءات اللازمة. بعد أيام قليلة، تلقى أحمد تأكيدًا بأن الهدايا وصلت إلى اليابان بسلام. "," كان أحمد يملك محل صغير للهدايا وحب يرسل بعض البضايع لليابان. هضر مع شركة الشحن وسقساهم: ""تقدرو ترسلوها لليابان؟"" شركة الشحن وافقت وعلموه بكل الإجراءات اللي يحتاج. بعد أيام، تلقى أحمد تأكيد بلي الهدايا وصلت لليابان بخير. ",Algerian
 ذهب يوسف إلى المول ليبحث عن محل الهدايا. وجده بعد بحث طويل في الطابق الثاني. اشترى هدية لأخته وكانت سعيدة جداً بها. عاد إلى البيت مسروراً بما اختار. , يوسف راح للسانتر كوميرسيال يقلب على دار الكادوات. لقاها بعد ما دار بزاف في الطابق الثاني. شرا كادو لختو وهيا فرحت بزاف بيه. رجع للدار مفرح باللي اختار. ,Algerian
 وافقت نورا على الالتقاء بصديقها يوم الجمعة. وعندما جاء ذلك اليوم، استيقظت مبكرًا وأعدت نفسها للخروج. ولكنها تلقت رسالة من صديقها يعتذر فيها عن التأخير. فقررت نورا أن تستغل الوقت في قراءة كتابها المفضل. , نورا وافقت تلقى صاحبها نهار الجمعة. يوم جا، فاقت بكري وحضرت روحها باش تخرج. ولكن جاتها ميساج من صاحبها يعتذر على التأخر. حبست نورا تستغل الوقت وتقرا في كتابها المفضل. ,Algerian
 حسنا، دعني أتثبت من المفقود والموجود. أي نوع من الكاميرات هي؟ فتح الدرج ليجد أن الكاميرا القديمة قد اختفت. تذكر أنه رآها آخر مرة على الطاولة بجانب النافذة. بحث في كل زاوية من المنزل، شعر بالقلق. في النهاية، وجدها مخبأة تحت كومة من الكتب القديمة. , أوكي، خليني نتأكد من اللي راح واللي فضل. شنو نوع الكاميرات هذيك؟ حل الطيروة لقى الكاميرا القديمة ماكاش. تفكر بلي شافها لآخر مرة على الطابلة حدا الشرجم. دار تقليب في كل ركن في الدار، حس بالقلق. في الأخير، لقاها مخبية تحت كومة من الكتب القدام. ,Algerian
 أنا أسف جدا، نحن نجهز لك الغرفة التي طلبتها. لقد وصل الرجل متأخراً إلى الفندق بسبب عطل في سيارته. بعد اعتذار موظف الاستقبال، أخبره أن الغرفة ستكون جاهزة بعد دقائق. شعر الرجل بارتياح لأن الخدمة كانت سريعة وكفؤة. أخيراً، استراح في غرفته متأملاً جمال الإطلالة من النافذة. , أنا آسف بزاف، رانا نوجدولك البيت اللي طلبت. الراجل وصل متأخر للفندق بسبب عطب في طوموبيلتو. بعد الاعتذار من موظف الاستقبال، قالو لو أن البيت حيكون جاهز في دقايق. الراجل حس بالراحة لأن الخدمة كانت سريعة وكفؤة. في الأخير، استراح في بيتو وهو يتأمل الجمال اللي يبان من النافذة. ,Algerian
 وجدت أحمد خريطة قديمة في السوق، وسأل البائع إذا يمكنه الاحتفاظ بها. أظهرت الخريطة محطات مترو الأنفاق ومحطات الحافلات بوضوح. أخبره البائع أن الخريطة تعود لزمن كانت المدينة في أوج عمرانها. شعر أحمد بشغف لاكتشاف تاريخ المدينة من خلال هذه الخريطة. , لقا أحمد خريطة قديمة في السوق، وسقسى البايع واش يقدر يخليها لروحو. الخريطة كانت واضحة فيها محطات الميترو والبيسات. قالو البايع هذي الخريطة راجعة لوقت كانت المدينة في أقصى عمرانها. حس أحمد برغبة قوية يكتشف تاريخ المدينة من خلال هذي الخريطة. ,Algerian
 آه لقد فقدت شبزوكي. بدأت البحث عنه في كل مكان، ولكن دون جدوى. شعرت بالحزن الشديد لأنه كان صديقي المفضل. في النهاية، وجدته يختبئ في الحديقة وكانت سعادتي لا توصف. , آه لقدتلي شبزوكي. درت قلبة عليه فكل بلاصة، ولكن ما لقيتوش. حسيت بالحزن الكبير حيث كان خويا المفضل. في الأخير، لقيتو مخبي في الجردة وكانت فرحتي ما تنوصفش. ,Algerian
 كنت أسير على الطريق الرئيسي بجانب خليج موروا عندما شاهدتُ غروب الشمس الساحر. فجأة، لمحتُ قارب صيد قديم يقترب من الشاطئ. اقتربتُ لألقي نظرة أفضل ووجدتُ رجلاً عجوزاً يحكي قصص البحار. قضيتُ الساعات القادمة أستمع إلى حكاياته المثيرة وأتأمل جمال الطبيعة المحيطة. , كنت نمشي في الطريق الكبير حدا خليج موروا وشفت الغروب شحال من مليح. فجأة، شفت قارب صيد قديم كيفاش يقترب من الشاطئ. نقرب باش نشوف مليح ولقيت راجل كبير في السن يحكيلي على الحواديت ديال البحر. بقيت نسمع لحكاياتو المثيرة ونتأمل في جمال الطبيعة اللي حوالينا. ,Algerian
 نعم، نحن لدينا منهج نصف يوم، ومنهج ليوم كامل. في المدرسة، كان الطلاب يختارون المنهج الذي يناسبهم. طارق اختار المنهج الكامل ليستفيد أكثر. وبعد سنة، استطاع طارق التفوق بفضل جهده والمنهج المتكامل. , اه، عندنا برنامج لنص نهار، وبرنامج لليوم كامل. في المدرسة، التلاميذ يقدروا يختارو البرنامج اللي يعجبهم. طارق اختار البرنامج الكامل باش يستافد بزاف. ومن بعد عام، طارق قدر يتفوق بفضل مجهودو والبرنامج المتكامل. ,Algerian
 كان هناك طائر جميل يحلق في السماء الزرقاء، وكان يحبذ أن يطير عالياً ليرى العالم من حوله. في يوم من الأيام، وجد مكانًا مثاليًا لبناء عشه. ومع مرور الوقت، أصبح العش ملاذًا لطيور أخرى تحبذ أيضًا حلق في السماء الواسعة. , كاين طير زين يطير في السما الزرقة، وتمنى ديما يطير عالي باش يشوف العالم من حواليه. فواحد النهار، لقى بلاصة ملاح تصلح باش يبني فيها عشو. مع مرور الوقت، العش تبدل لجو ملاذ للطيور الأخرى اللي تحب تطير فوق في السما الكبيرة. ,Algerian
 ذهب محمد إلى المتجر لشراء منبه جديد. وجد العديد من الأنواع لكنه اختار واحدًا متطورًا. دفع ثمنه وعاد إلى البيت مسرورًا. في اليوم التالي، استيقظ مبكرًا بفضل المنبه الجديد. , محمد مشى للحانوت باش يشري ريفي جديد. لقى بزاف الأنواع ولكن اختار واحد سوفيستيكي. خلص ورجع للدار مفرح. ليوم لي بعدو، فاق بكري بفضل الريفي الجديد. ,Algerian
" في أحد الأيام، قرر محمد إلغاء حجزه في فندق الواحة لأنه وجد مكانًا أقرب إلى موقع العمل. اتصل بالفندق وقال، ""أريد إلغاء حجزي، من فضلك."" تفهم موظف الاستقبال الوضع وألغى الحجز دون رسوم إضافية. شعر محمد بالراحة لأنه سيوفر الوقت والمال في التنقلات. "," فواحد النهار، محمد قرر يلغي حجزو في فندق الواحة حيت لقى بلاصة أقرب لخدمتو. عيط للفندق وقال، ""بغيت نلغي حجزي، من فضلكم."" الموظف فالاستقبال فهم الموقف ولغى لو الحجز بلا ما يخلص زيادة. حس محمد بالراحة حيت غادي يوفر الوقت والفلوس فالتنقل. ",Algerian
" في يوم من الأيام، كان هناك رجل يتساءل ""ما هو نظام الاسترداد؟""، فقرر البحث عن إجابة. وبعد جهد وبحث طويل، اكتشف أن نظام الاسترداد عبارة عن مجموعة من الإجراءات التي تسمح للمستهلكين بإعادة السلع أو الحصول على تعويض في حالة وجود عيب. شعر بالرضا لأنه أصبح يعرف حقوقه كمستهلك، وقرر أن يشارك معلوماته هذه مع الآخرين ليستفيدوا. "," في واحد النهار، شي واحد كان يتساءل ""واش هو نظام الاسترداد؟""، قرر يقلب على الجواب. وبعد معاناة وتقليب طويل، لقى أن نظام الاسترداد هو مجموعة من الإجراءات اللي تخلي الزبائن يرجعو السلع أو ياخدو تعويض إذا كان فيه عيب. حس بالراحة لأنه عرف حقوقو كزبون، وقرر يشارك المعلومة هاذي مع الناس باش يستفادو. ",Algerian
 في إحدى الليالي المظلمة، اكتشف أحمد أن الإضاءة لا تعمل في منزله. حاول إصلاحها بنفسه، لكن دون جدوى. دعا الكهربائي الذي وجد مشكلة في الأسلاك. بعد الإصلاح، عادت الأنوار لتضيء المنزل مجددًا. , في واحدة من الليالي المظلمة، اكتشف أحمد بلي الضوء ما يخدمش في دارو. حاول يصلحه بوحدو، ولكن ما عرفش. جاب الكهربائي اللي لقى العطب في الأسلاك. ومن بعد ما صلح، الضوء رجع يخدم في الدار. ,Algerian
 بالمناسبة، اسمي هيروشي إيجيما، وأنا باحث ياباني مقيم في القاهرة. جئت إلى هنا لدراسة اللغة العربية وآثار الفراعنة. في كل يوم، أذهب إلى المكتبة لأقرأ الكتب النادرة. وقد وجدت صديقًا مصريًا يشاركني شغفي بالتاريخ. , على فكرة، سميتي هيروشي إيجيما، وأنا باحث ياباني ساكن في القاهرة. جيت لهنا باش نقرا في لغة العربية وآثار الفراعنة. كل نهار، نمشي للمكتبة باش نقرا الكتب القديمة. وتلاقيت مع صاحب مصري يشاركني حب التاريخ. ,Algerian
 كان أحمد يعمل مع شركة دولية وكان عليه أن يعقد اجتماعاً مع زملائه في طوكيو. فتساءل ما هو فارق التوقيت بين طوكيو وهنا. بعد البحث عرف أن الفارق هو ٩ ساعات. فاضطر أحمد لضبط منبهه ليستيقظ في منتصف الليل لحضور الاجتماع. , أحمد كان خدام مع شركة عالمية وكان خاصو يدير ميتينڨ مع زمايلو في طوكيو. حبس يتساءل شحال هي الفرقة في الوقت بين طوكيو وهنا. ملي بحث عرف بلي الفرق هو ٩ ساعات. فأحمد ضروري يضبط الريفيل باش يفيق في نصف الليل باش يحضر الميتينڨ. ,Algerian
 في يوم مشمس، استقل محمد القطار متوجهاً إلى لاك فورست. وأثناء الرحلة، تعرف على راكب بجانبه يدعى أحمد. بدأ الاثنان بتبادل الحديث عن وجهتهما وما يخططان لفعله هناك. وعندما اقترب القطار من المحطة، تأكد محمد من أن القطار يتوقف في لاك فورست، فأومأ أحمد برأسه مؤكداً. , في نهار شمسي، محمد ركب القطار باش يمشي لاك فورست. وفي الطريق، تعرف على واحد حداه اسمو أحمد. دارو حديث بيناتهم على وين رايحين وشنو يديرو هناك. وقتلي القطار وصل قريب للمحطة، محمد بغى يتأكد بلي القطار يوقف في لاك فورست، وأحمد هز راسو بالإيجاب. ,Algerian
" في أحد الأسواق الشعبية، سأل رجل تاجراً عن سعر بعض البضائع، فأجابه التاجر بابتسامة، ""كم السعر الإجمالي؟""، فأخرج الرجل محفظته وأعطى التاجر النقود بعد أن حصل على إجابة. "," في واحد السوق الشعبي، واحد الزوالي سأل حانوتي قداه تمن هادي الحوايج، الحانوتي تبسم وقال ليه ""شحال كلشي؟""، هكاكا جبد الزوالي فلوسو وعطاهم للحانوتي بعد ما سمع الجواب. ",Algerian
 شكراً يا سيدي، لقد أنقذت حياتي. عندما سقطت في النهر، جاء الرجل الشجاع وأمسك بيدي. بعد أن أخرجني من الماء، قدم لي بطانية دافئة وشاياً ساخناً. لن أنسى معروفه طوال حياتي. , شكراً سيدي، راك ساويتلي الكبير. وقت اللي طحت في الواد، جا واحد الراجل الشجاع وشد في يدي. بعد ما نتشلني من المي، جابلي كوفرطة دافية وأتاي يحرق. حياتي ما ننسى الخير اللي دارلي. ,Algerian
 تقدم للأمام واتجه يمينًا عند الناصية الثالثة، فوجد بابًا خشبيًا قديمًا. دق الباب بحذر، ففتحت له عجوز تحمل مصباحًا. طلب منها المساعدة فأشارت إلى كتاب على الطاولة. كان الكتاب مفتاحًا لألغاز كثيرة كان يبحث عنها منذ سنوات. , راح لقدام ودار يمين في الناصية الثالثة، لقى باب خشب قديم. طق الباب بالشوية، فتحتلو واحدة العجوزة جابت معاها فانوس. سقساها باغي مساعدة، دارتلو إشارة لكتاب على الطابلة. هذا الكتاب كان السر لألغاز بزاف كان يدور عليهم من زمان. ,Algerian
 في أحد الأيام، استيقظ يوسف وهو يشعر بألم حاد في معدتيه. حاول تجاهل الألم وتناول بعض الأدوية المسكنة، لكن بلا فائدة. اضطر أخيرًا إلى زيارة الطبيب، الذي أخبره بأنه يعاني من التهاب حاد في المعدة ويحتاج إلى الراحة والعلاج. بعد اتباع التعليمات والراحة لعدة أيام، شعر يوسف بتحسن كبير وعاد إلى حياته اليومية بصحة جيدة. , في يوم من الأيام، فاق يوسف وحس بألم خايب في كرشو. حاول ينسى الألم وشرب شوية دوا، ولكن ما فيهش فائدة. تلزم يروح للطبيب في الأخير، اللي قال لو أنو فيه التهاب قوي في المعدة وخاصو يستريح ويتعالج. بعد ما سمع النصايح واستراح ليه شوية أيام، حس يوسف بتحسن كبير ورجع لحياتو العادية بصحة مليحة. ,Algerian
 كان هناك شاب ياباني يعشق الأخطبوط والحبار، لذلك قرر أن يتعلم فن طهيهما ببراعة. بعد سنوات من التدريب، أصبح الشاب طاهيًا مشهورًا في طوكيو. كانت مطعمه يجذب السياح من جميع أنحاء العالم لتذوق أطباقه الفريدة. وفي كل مرة يزور فيها الناس مطعمه، كانوا يشيدون بمهارته في تحضير الأخطبوط والحبار. , كاين شاب ياباني كان يموت على الأخطبوط والكلمار، حب يتعلم كيفاش يطيبهم بطريقة ماهرة. ورا بزاف ديال السنين، ولا الشاب طايب معروف في طوكيو. مطعمو كان يجيب السياح من كل بلاصة باش يذوقو الأطباق لي يخرجهم. وكل مرة الناس يروحو لمطعمو، كانو يثنيو على يديه في تحضير الأخطبوط والكلمار. ,Algerian
" في أحد الأيام وأثناء سيري في الحديقة، شاهدت طائراً نادراً يقف على غصن شجرة. استوقفني جماله وألوانه الزاهية فوقفت أتأمله. تساءلت في نفسي ""هل رأيت ذلك من قبل؟"" لأنني لم أرَ مثله في حياتي. بقيت هناك لوقت طويل أراقب الطائر حتى طار بعيداً. "," فواحد النهار وأنا نتمشى في الحديقة، شفت طير نادر واقف على غصن شجرة. جمالو وألوانو الزاهية خلوني نوقف نتفرج فيه. سولت روحي ""شفت هادا قبل؟"" لأنني ما شفتش بحالو في حياتي. بقيت تماك نشوف في الطير حتى طار بعيد. ",Algerian
" أحضر محمد هدية مميزة لعيد ميلاد صديقه العزيز. طلب من البائع أن يقوم بتغليفها بعناية فائقة. قال البائع مبتسمًا: ""أنها هدية. هل يمكنك أن تقوم بلف هذه الهدية لي؟"" فوافق محمد على الفور وشعر بسعادة غامرة لتقديمها. "," محمد جاب كادو خاص لعيد ميلاد صاحبو المقرب. طلب من البايع يديرلو التغليف بشكل حنين. البايع ضحك وقال: ""هذي كادو. تقدر تغلفهالي؟"" محمد قاله علاش لا وفرح بزاف بنية يعطيها. ",Algerian
 مساء الخير، السيدة كنت. لم نلتقي منذ زمن بعيد. في ذلك اليوم، كان الجو باردا والسماء صافية عندما التقت السيدة كنت بصديقة قديمة في الحديقة. تبادلا الأخبار والذكريات، وضحكا على الأيام الخوالي. قررتا بعد ذلك أن يجددا العهد بلقاءات دورية ليحافظا على الصداقة القوية. ومع غروب الشمس، ودعتا بعضهما بابتسامة دافئة، عازمتين على عدم ترك الزمن يفرق بينهما مجددا. , مساء الخير، مدام كنت. راه طويلة ما شفناكش. فذاك النهار، كان الجو بارد والسماء صافية لما مدام كنت تلاقات مع صاحبتها القديمة فالحديقة. درجوا الحديث وتبادلوا الذكريات، وضحكوا على الأيام اللي فاتوا. حددوا بعدها يتعاودوا اللقاء بصفة منتظمة باش يحافظوا على صداقتهم القوية. ومع الغروب، توادعوا بابتسامة حارة، مصممين ما يخلوش الزمن يفرقهم مرة أخرى. ,Algerian
" في يوم حار، ذهب خالد إلى المحطة ليحجز تذكرتين إلى شيكاغو. وقف عند الشباك وسأل بأدب: ""هل يمكنني الحصول على تذكرتين درجة ثانية لشيكاغو، من فضلك؟"" ابتسم الموظف وأعطاه التذاكر، متمنياً له رحلة سعيدة. شعر خالد بسعادة غامرة وهو يتطلع إلى الرحلة. "," في نهار شاعل، خالد راح للمحطة باش يحجز تذكرتين لشيكاغو. واقف قدام الشباك وسقسا بلادب: ""يمكن ناخذ تذكرتين ثاني درجة لشيكاغو، من فضلك؟"" الموظف ضحك وعطاه تذاكر، وقاليه ""تسافر بالفرحة."" خالد حس بفرحة كبيرة وكان حابس يروح الرحلة. ",Algerian
" كان هناك رجل يشعر بالتعاسة دائمًا. ذات يوم، قرر أن يغير من نظرته للحياة ويبحث عن السعادة. بدأ بمساعدة الآخرين واكتشف أن ذلك يجعله سعيدًا. في نهاية المطاف، تحولت حياته وأصبح يقول دائمًا ""أنا أسعد"". "," كان هناك واحد دايما ماهوش مرتاح. واحد النهار، قرر يبدل في طريقة تفكيره ويدور على السعادة. شرع في مساعدة الناس واكتشف بلي هذا يخليه فرحان. في الأخير، تبدلت حياتو وولا ديما يقول ""أنا أسعد"". ",Algerian
 لقد ذهبت إلى نيويورك. وأثناء تجولي في شوارع المدينة، شعرت بالإثارة لرؤية ناطحات السحاب. التقيت بأشخاص من مختلف الثقافات، وتناولت أشهى الأطعمة. في نهاية الرحلة، وجدت نفسي مغرمًا بعبق التاريخ وحداثة المدينة. , رحت لنيويورك. وفي قلب المدينة، حسيت بشوق كبير وأنا نشوف العمارات العالية. تلاقيت مع ناس من ثقافات مختلفة، ودوقت أحسن الأكلات. في الآخر، لقيت روحي معجب بالتاريخ والحداثة ديال المدينة. ,Algerian
 قررت ليلى تغيير حجزها للرحلة الجوية رقم 205 لتفاجأ بأن التذاكر قد نفدت. بحثت بكل جهد عن رحلة بديلة ووجدت واحدة تغادر في اليوم التالي. اتصلت بالشركة فوراً وتمكنت من حجز مقعد في اللحظة الأخيرة. شعرت بالامتنان لأنها ستستطيع اللحاق بموعد مهم في الثاني من أكتوبر. , قررت ليلى تبدل حجزها للرحلة رقم 205 وتفاجأت كي لقات بلي التذاكر خلاص تمو. حوست بكل قوتها على رحلة أخرى ولقات وحدة تمشي اليوم اللي بعده. صونات للشركة ديراكت وتمكنت من حجز بلاصة في آخر لحظة. حست بالشكر الكبير حيت غادي تقدر تحضر لموعد مهم في الثاني من أكتوبر. ,Algerian
" في أحد أيام الصيف الحارة، توجه محمد إلى المطار حاملاً حقائبه متجهًا نحو مكتب الاستعلامات وسأل الموظف: ""ما هو رقم الرحلة الجوية؟"". ابتسم الموظف وأخبره بأن رحلته ستقلع بعد ساعتين. شعر محمد بالارتياح وقرر قضاء بعض الوقت في متجر الكتب بالمطار. عندما حان وقت الصعود إلى الطائرة، كان محمد متحمسًا لبدء مغامرته الجديدة. "," في واحد من الأيام الشاطحة تاع الصيف، محمد مشى للعيروبور حامل كاباتو وتوجه لبيرو ديال الإستعلامات وسقسى الواعر: ""شحال رقم الفول ديال الطيارة؟"". الواعر ضحك وقال لو أن الفول ديالو غادي يطلع من بعد ساعتين. محمد حس بالفرحة وقرر يقضي وقتو في محل الكتب في العيروبور. يوماشي جا وقت يركب للطيارة، محمد كان متشوق باش يبدا المغامرة ديالو الجديدة. ",Algerian
" وجد أحمد نفسه في مطار مزدحم يبحث عن طاولة التسجيل الخاصة بشركة دلتا. بعد جولة من التخبط, استطاع أخيرا أن يجدها في زاوية بعيدة. سجل حقيبته بسرعة وتنفس الصعداء. انطلق بعدها صوب بوابة الصعود للطائرة، متحمسًا لرحلته القادمة. ", أحمد لقى روحو في مطار مليان، كان يقلب على طاولة تسجيل دلتا. بعد دورة كبيرة، لقاها في كونة بعيدة. سجل باغاجو بالسرعة وشهد الراحة. من بعد مشا للباب الطيارة، حامس للفوياج الجديد. ,Algerian
" كان يعقوب يتبع حمية غذائية خاصة بسبب مشاكل في ضغط الدم. فسأل الطباخ في المطعم: ""هل هذه وجبة منخفضة الصوديوم؟"" اطمأن عندما أكد له الطباخ ذلك. ومنذ ذلك اليوم، أصبح يعقوب يزور هذا المطعم بانتظام. "," يعقوب كان يتبع ريجيم خاص على خاطر عندو مشاكل في الضغط. سول الطباخ: ""واش هادي وجبة قليلة في الملح؟"" لما الطباخ طمّنو، يعقوب ولى يروح لهاد المطعم بزاف. ",Algerian
 هذا البند غير مسموح به في السوق، فقد حظرته الحكومة بسبب مخاطره. كان علي الحاج أن يبحث عن بديل يمكنه تداوله. بعد جهد وتفكير، وجد سلعة أخرى مربحة وقانونية. أصبح بعد ذلك من أشهر التجار في البلدة. , هاذ الشيء ماهوش مسموح بيه في السوق، حيت الحكومة حرمتو بسباب الخطر ديالو. خاص الحاج يقلب على شي حاجة أخرى يقدر يخدم بيها. مور مجهود وتفكير، لقى بضاعة أخرى رابحة وقانونية. ولّى بعد هاك من أشهر التجار في البلاصة. ,Algerian
 أعتقد أننا نستطيع. ها هي ورقتك. في تلك اللحظة، شعر أحمد بأن كل جهوده قد تكللت بالنجاح. أخذ الورقة بيد مرتعشة، وعيناه تلمعان بالدموع. قرأ النتيجة بصوت عالٍ أمام أصدقائه المتجمعين، والجميع يهتفون فرحين بنجاحه. وفي الخارج، كانت أمه تنتظر بفارغ الصبر لتحتفل مع ابنها النابغة. , نقدرو نديروها. ها هي ورقتك. في داك الوقت، حس أحمد بلي كلشي عملو توج بالنجاح. خذا الورقة بيديه المرتجفة، وعيونو كانت تبرق بالدموع. قرا النتيجة بصوت عالي قدام صحابو اللي جمعو، وكلهم كيفرحو ويهتفو بنجاحو. وفي الخارج، يماه كانت تسنى بفارغ الصبر باش تفرح مع ولدها المتفوق. ,Algerian
 في ليلة باردة، خلع يوسف قميصه الثقيل قبل أن يذهب للنوم. وضعه بعناية فوق الكرسي الخشبي المتهالك. تسلل البرد إلى جسده، لكنه شعر براحة بالغة تحت الأغطية الدافئة. أغمض عينيه واستسلم للنوم العميق بعد يوم طويل وشاق. , في ليلة بردانة، يوسف حيد قميجتو الثقيلة قبل ما يروح يرقد. حطها فوق الكرسي القديم بالحرص. البرد دخل ليه للعظام، ولكن تحت اللحاف الدافي حس براحة ناصعة. سد عيونو واستسلم للنوم العميق بعد يوم طويل وصعيب. ,Algerian
" وصل عمر إلى الفندق متأخرًا وكان متعبًا، فطلب من الاستقبال إيقاظه مبكرًا. قال للموظف: ""لا، سوف أخذها خلال فترة إقامتي""، مشيرًا إلى الصحيفة المجانية. استيقظ عمر باكرًا وتناول القهوة بينما يقرأ الأخبار. عند تسجيل الخروج، شكر الموظفين ووعدهم بالعودة في المرة القادمة. "," عمر وصل للهوتيل متعب بزاف وطلب من الاستقبال يفيقوه بكري. قالهم: ""لا، غادي نشد الجريدة طول ما نكون هنا""، كاينة وحدة مجانية كان يقصد. عمر فاق بكري، شرب قهوتو وهو يقرا الأخبار. وقت اللي غادي يخرج، شكر العمال وقالهم يرجع المرة الجاية. ",Algerian
" كانت قطعة القماش تتغير ألوانها حسب الضوء، فأحياناً تبدو زرقاء وأحياناً خضراء. لاحظ الخياط هذه الظاهرة فسأل نفسه ""هل هو ثابت اللون؟"" قرر أن يختبر القماش تحت أنواع مختلفة من الإضاءة. وجد أن القماش يحتفظ بخاصية التغير مهما تعددت مصادر الضوء. "," القطعة ديال القماش كتبدل ألوانها مع الضوء، مرات تشوفها زرقاء ومرات خضراء. الخياط لاحظ هاد الشي وسول راسو ""هل هو ثابت اللون؟"" قرر يجرب القماش تحت أنواع مختلفة ديال الضوء. درك لقى بلّي القماش كيحافظ على قدرتو في التبدل مهما تبدلت مصادر الضوء. ",Algerian
 في أحد أحياء المدينة العتيقة، كانت توجد بوابة زمنية تنقل من يعبرها إلى الماضي. السكان المحليون اعتبروها خاصية خاصة بهذا الحي. يوماً ما، قرر شاب مغامر العبور من خلالها، فاكتشف عوالم لم يكن يعلم بوجودها. عاد محملاً بالحكايات والأسرار التي جعلت الحي مشهوراً ومحط أنظار العالم. , في واحد من أقدم أحياء المدينة، كان فيه باب زماني ينقل لي يعبرو للماضي. الناس اللي ساكنين هناك عتبرو هذي خاصية خاصة بحومتهم. واحد الشاب المغامر قرر يتعدى منو، واكتشف عوالم ما كانش يعرف بوجودهم. رجع مليان بقصص وأسرار خلّت حومتهم مشهورة ومركز انتباه العالم. ,Algerian
 كان هناك طفل يدعى عمر يحب البسكويت كثيرًا. في كل مرة يزور فيها جدته، كانت تعد له أطيب أنواع البسكويت. ذات يوم، قرر عمر أن يتعلم كيفية صنع البسكويت بنفسه. بعد عدة محاولات، أصبح عمر يصنع البسكويت بمهارة وأصبحت وصفاته مشهورة بين أصدقائه. , كان فيه ولد اسمو عمر يحب البسكويت بزاف. كل مرة يروح لجدته، كانت تديرلو أحسن بسكويت. في نهار، قرر عمر يتعلم كيفاش يدير البسكويت بوحدو. بعد عدة محاولات، ولا عمر يصنع البسكويت بمهارة والوصفات تاعو ولات مشهورة بين صحابو. ,Algerian
" في يوم مشمس، قرر أحمد أن يسافر إلى نيويورك ليحقق حلمه بزيارة تمثال الحرية. بعد التخطيط لأسابيع، وجد نفسه واقفًا أمام مكتب حجز التذاكر يقول ""واحد لنيويورك، من فضلك"". خلال الرحلة، التقى بمسافرين من مختلف الثقافات وتبادل معهم القصص والخبرات. وعند وصوله، شعر أحمد بالإثارة والنشوة وهو ينظر إلى المدينة التي لطالما حلم بزيارتها. "," في يوم مع الشمس، أحمد قرر يروح لنيويورك باش يشوف تمثال الحرية اللي ديما كان يحلم بيه. بعد ما خلص كامل التحضيرات، وقف قدام الكَيش وقال ""واحد لنيويورك، عفاك"". في الطيارة، تلاقى مع ناس من ثقافات مختلفة وتبادل معاهم الحكايات. وملي وصل، حس بشعور عظيم وهو يتأمل في المدينة اللي طول عمرو يحلم يزورها. ",Algerian
 لعدة أيام قليلة، بقي الطائر صغيراً في عشه ينتظر عودة أمه. في اليوم الخامس، لاحظ أن الغابة أصبحت هادئة بشكل غريب. شعر بالجوع الشديد، فقرر أن يخرج بحثاً عن الطعام. وخلال رحلته، وجد صديقاً جديداً يعلمه كيف يطير. , لبعض الأيامات القلال، طير صغير بقى في عشو يستنى في ميمتو ترجعلو. في النهار الخامس، لاحظ بلي الغابة ولات هادية بطريقة غريبة. حس بالجوع الشديد، قرر يخرج يقلب على الأكل. وفي سيرتو، لقى صاحب جديد يعلمو كيفاش يطير. ,Algerian
 في يوم حافل بالأحداث، وجد خالد نفسه في طابور طويل أمام مكتب البريد. وبعد انتظار طويل، حان دوره ليقترب من الشباك. ذكره الموظف بأن يتبع التعليمات المعلقة على الجدار. فنظر خالد إلى الإرشادات وتقدم الثاني من على اليسار. , في يوم كانت فيه الحركة بزاف، خالد وجد روحو في طابور طويل قدام مكتب البريد. وبعدما صبر بزاف، جا دورو باش يقرب للشباك. الموظف قال لو يتبع الإرشادات لي معلقين على الحيط. خالد شاف الإرشادات وتقدم التاني على اليسار. ,Algerian
 في يوم من الأيام، وجدت قطة صغيرة تائهة في الشارع، يبدون في حجم صغير جداً. اقترب منها صبي صغير وقرر أن يأخذها إلى بيته. عندما وصلوا، أطعمها واعتنى بها. ومع مرور الوقت، أصبحت القطة الصغيرة جزءًا لا يتجزأ من عائلته. , في نهار، لقى قطوس صغير ضايع في الزنقة، كان بان صغير بزاف. واحد الدري صغير جا عندها وقرر يديها لدارهم. يوما وصلو، طعمها وعتنى بيها. ومع مرور الوقت، القطوس الصغير ولا جزء من العائلة ديالهم. ,Algerian
 في إحدى البطولات القوية، وجد اللاعب نفسه أمام تحديات كبيرة. كانت الجولات معقدة وكل خصم أقوى من الآخر. تمكن بعزيمة وتصميم من تخطي الصعوبات. وفي النهاية، ارتفعت يداه معلنًا فوزه المستحق. , في واحد من المنافسات القوية، لقى اللاعب روحو قدام تحديات كبيرة. الدورات كانو معقدين وكل خصم قوى من لي قبلو. بالعزيمة والإصرار تمكن يتجاوز الصعوبات. وفي الأخير، طلعت يديه فوق يعلن فوزو اللي يستاهلو. ,Algerian
" في يوم مشمس، قرر أحمد السفر إلى المدينة المجاورة. عندما وصل إلى المحطة، طلب من الموظف: ""أريد مقعدًا بالقرب من النافذة، من فضلك"". جلس أحمد بجوار النافذة، يتأمل الطبيعة الخلابة خلال رحلته. وصل إلى وجهته مستمتعًا بجمال الريف الذي لاحظه خلال الطريق. "," في يوم مشرق، حسم عمر رأيه يروح للمدينة اللي جنبنا. ملّي وصل لمحطة القطار، طلب من العون: ""حبّيت نقعد حدا الطاقة، عافاك"". جلس عمر حدا الطاقة، يتأمل في مناظر الطبيعة الفاتنة طول الطريق. وصل للوجهة متهني بالجمال اللي شافو من القرى والحقول على جنبات الطريق. ",Algerian
 كان أحمد يتساءل إن كان بإمكانه استخدام تذكرة اشتراك القطار الأوروبي في رحلته. فذهب إلى المحطة وسأل الموظف، فأكد له أن التذكرة صالحة. شعر أحمد بالسعادة لأنه سيوفر الكثير من المال. ومنذ ذلك الحين، أصبح يستخدم القطار دائمًا في تنقلاته الأوروبية. , أحمد كان يحوس يعرف واش يقدر يستعمل الباس ديال القطار الأوروبي في سفرتو. مشى للمحطة وسقسى العون، اللي قال لو تذكرتو صحيحة. فرح بزاف حيت غادي يقدر يخلص قل من الثمن. ومن ديك الساعة، ولات القطارات هي وسيلة السفر ديالو الدائمة في أوروبا. ,Algerian
 سأل أحمد صديقه عن الوقت اللازم للسفر إلى اليابان. فأجابه صديقه أن الرحلة تستغرق حوالي عشر ساعات طيران. شعر أحمد بالحماسة لزيارة طوكيو والتعرف على ثقافتها. بدأ في التخطيط لرحلته وجمع المعلومات اللازمة لهذه المغامرة. , أحمد سقسى صاحبو شحال يحتاج باش يوصل لليابان. صاحبو جاوبو بلي يحتاج حوالي عشر سوايع في الطيارة. أحمد تحمس بزاف باش يروح لطوكيو ويتعرف على الثقافة تاعهم. بدا يخطط للفوياج ديالو ويجمع المعلومات اللي يحتاجها لهاد المغامرة. ,Algerian
" كان الرجل يخطط لرحلة في الصحراء وسأل العابر، ""هل لديك خرائط للطرق؟"" فأجاب العابر ""نعم، ويمكنني مساعدتك في التخطيط لمسارك."" شكره الرجل وبدأ يدرس الخرائط بعناية. وبفضل المساعدة التي حصل عليها، تمكن من إكمال رحلته بنجاح. "," واحد الراجل كان حاب يروح سفرية في الصحراء وسقسى واحد، ""عندك شي خرائط للطرقان؟"" جاوبو الراجل ""ايه، ونقدر نعاونك تخطط لطريقك."" شكره الراجل وبدا يشوف فالخرائط بالدقة. وبالعون اللي جاب، قدر يخلص سفرتو بلا مشاكل. ",Algerian
 أوه، نعم. لقد قرأت عنه في الدليل. فقررت أن أزور ذلك المكان العجيب. وعندما وصلت، وجدت تحفًا فنية قديمة أذهلتني. بقيت هناك لساعات أتأمل الجمال والإبداع الإنساني. , أه، إيه. قريت عليه فالدليل. حبيت نزور هذا المكان العجيب. وملي وصلت، لقيت أعمال فنية قديمة خلتني منبهر. بقيت تماك ساعات نتأمل فالجمال والإبداع ديال الإنسان. ,Algerian
 لقد طلبت ثلاثة أكواب من الشاي، لكن لم يأتِ إلا اثنين فقط. فغضبتُ من النادل واشتكيتُ للمدير. فاعتذر النادل بأدب وشرح أن هناك خطأ في المطبخ. وفي النهاية، أحضر لي كوب الشاي الثالث مع حلوى مجانية تعويضًا. , طلبت ثلاثة كيسان من الأتاي، ولكن جاتني غير جوج. تعصبت على السرفور وشكيت للمدير. السرفور عتذر بأدب وقال لي فيه غلط في المطبخ. وفي اللخر، جاب لي الكاس الثالثة وحلوى بلاش كتعويض. ,Algerian
 في مدينة صغيرة، وجدت مريم الأجهزة الكهربائية رخيصة جداً، فاشترت كل ما تحتاجه لمنزلها الجديد. لكنها اكتشفت أن مصاريف الأكل والسكن مرتفعة جداً، مما جعل ميزانيتها محدودة. بدأت مريم بالبحث عن عروض خاصة للطعام والسكن. واستطاعت أخيراً أن تجد توازناً مالياً يسمح لها بالعيش براحة. , في مدينة صغيرة، مريم لقات الأجهزة الكهربائية بثمن رخيص بزاف، علاش اشرات كلش لدارها الجديدة. ولكن تفاجأت بلي مصاريف الأكل والسكناية غاليين بزاف، وهذا خلا الميزانية ديالها تولي محدودة. مريم بدات تقلب على العروض الخاصة باش توفر في الأكل والسكن. وفالتالي، قدرت تلقا توازن مالي يخليها تعيش مرتاحة. ,Algerian
" في يوم مشمس جميل، قرر أحمد أن يأخذ طعامه ويتناوله في الحديقة. وجد مكانًا هادئًا تحت شجرة كبيرة وانتشرت رائحة الزهور في الهواء. بينما هو يأكل، التقى بعصفور صغير جاء يشاركه الفتات. ضحك أحمد وقال: ""سأتناولها بالخارج أكثر في المرات القادمة"". "," في نهار شمسي مليح، أحمد قرر ياخذ قوتو ويمشي يكل في الجردة. لقى بلاصة هانية تحت شجرة كبيرة وريحة الزهور عامرة في الهواء. وهو ياكل، واحد العصفور الصغير جا يشاركو في الكسرات. أحمد ضحك وقال: ""سأتناولها بالخارج أكثر في المرات الجايين"". ",Algerian
 كان علي يسافر كثيرًا بسبب عمله، وفي كل مرة يذهب إلى اليابان يتأكد من شراء بعض الملابس التقليدية. غالبًا ما أخذ مقاس اثنتي وعشرين في اليابان. وجد صعوبة في العثور على هذا المقاس في بلدان أخرى، لكن في اليابان كان الأمر أسهل. كان يعتز بتلك الملابس ويعتبرها تذكارات ثمينة من رحلاته. , علي كان يمشي بزاف بسباب خدمتو، وفي كل مرة يروح لليابان يتأكد يشري شوية لباس تقليدي. هو دايما ياخذ مقاس اثنين وعشرين في اليابان. كان يلقى صعوبة يلقى هذا المقاس فبلادان أخرى، ولكن فاليابان دايما كان أسهل. كان يعزّز بهاذيك اللبسات ويشوفهم كتذكارات قيمة من سفراتو. ,Algerian
 في يوم مشمس، سأل خالد عن ساعات عمل متحف الفن فأجابه الحارس بأن المتحف يفتح أبوابه من الثامنة صباحًا حتى السادسة مساءً. ملئ خالد بالحماس لزيارة المتحف، فقد كان يعشق الفنون بشتى أنواعها. عند وصوله، غمرته الدهشة من الأعمال الفنية العظيمة التي شاهدها، وقضى اليوم كله يتجول بين اللوحات والتماثيل. عند الخروج، شكر خالد الحارس على معلوماته وعزم على العودة مرة أخرى. , فنهار مشمس، خالد سقسى على سوايع ديال الخدمة ديال متحف الفن، الحارس جاوبو بلّي المتحف يفتح من الثمانية ديال الصباح حتى السادسة ديال العشية. خالد حمس روحو باش يزور المتحف، حيت هو يموت على الفنون بكل أنواعها. واش راح للمتحف، تهبّل بالأعمال الفنية الكبيرة اللي شاف، وقضى النهار كامل يتمشى بين اللوحات والتماثيل. وقت الخروج، شكر خالد الحارس على المعلومات ديالو وعاهد روحو يرجع مرة أخرى. ,Algerian
" كان هناك رجل يريد شراء سلعة من السوق. عندما اختار ما يحتاجه، سأل البائع ""أين يجب أن أدفع؟"". أشار البائع إلى زاوية السوق حيث كانت الصندوق. ذهب الرجل وأدى الثمن ثم غادر مسروراً بما اشترى. "," كان في واحد راجل حاب يشري حوايج من السوق. وقتلي اختار اللي يحتاج، سقسى البائع ""وين خاصني نخلص؟"". البائع دلو على ركن في السوق فين الصندوق. راح الراجل خلص الفلوس وتمشى مفرح باللي شرا. ",Algerian
 وجد أحمد كارتاً على الأرض فنظر إليه ملياً وتساءل عن صاحبه. قرر أن يبحث عن صاحب الكارت ليعيده إليه. بعد البحث والسؤال في الحي، تمكن أحمد من العثور على صاحب الكارت. سلم الكارت إلى صاحبه وشعر بالسعادة لأنه قام بعمل طيب. , لقى أحمد كارت مرمي فالأرض، شاف فيه مليح وتساءل على صاحبو. قرر يقلب على اللي ضاعلو الكارت باش يرجعو لو. بعد ما دار الحومة وسقسى الناس، حصل أحمد على صاحب الكارت. عطاه الكارت وحس بفرحة كبيرة حيت درت شي حاجة مزيانة. ,Algerian
 كانت هذه أول رحلة خارجية لأحمد. شعر بالحماس لاستكشاف ثقافات جديدة. عقد العزم على تعلم بعض كلمات اللغة الجديدة. ووجد في نهاية الرحلة أنه قد أصبح أكثر انفتاحًا وتقبلاً للآخر. , هذي كانت أول خرجة لبرا لأحمد. حس بالحماسة باش يكتشف ثقافات جداد. حدد في بالو يتعلم شوية من الكلمات ديال اللغة الجديدة. وفي الآخر، لقى روحو صار أكثر انفتاح وتقبل للناس الآخرين. ,Algerian
" كان هناك كتابان على الطاولة، أحدهما للمبتدئين والآخر للمتقدمين. سأل الطالب الجديد المعلم أيهما الخاص بمنهج المبتدئين. ابتسم المعلم وأشار إلى الكتاب ذو الغلاف الملون قائلاً: ""هذا هو لك"". شعر الطالب بسعادة وبدأ في تصفح الكتاب استعدادًا لرحلته التعليمية. "," كانت هناك جوج كتب على الطابلة، واحد للمبتدئين والآخر للي راهم متقدمين. التلميذ الجديد سأل الأستاذ أي واحد منهم للمبتدئين. الأستاذ ضحك وشار للكتاب اللي فيه الألوان وقال: ""هذا هو الخاص بيك"". التلميذ فرح وبدا يفتح في الكتاب يستعد للمشوار التعليمي دياله. ",Algerian
 بالتأكيد هذا البلد به أكثر من نوع من الفاكهة. في يوم من الأيام، قرر أحمد أن يزور السوق ليشتري بعض الفواكه المتنوعة. وجد تشكيلة واسعة من الفاكهة المحلية والاستوائية، فأحب أن يجرب الأنواع التي لم يسبق له تذوقها. انتهى به الأمر وهو يحمل أكياسًا مليئة بالفواكه الشهية التي تعكس تنوع الثقافات في بلده. , بلا شك هاذ البلاد فيها بزاف من الفواكه. واحد النهار، قرر أحمد يروح للسوق باش يشري شويا فواكه مختلفة. لقى تشكيلة كبيرة من الفواكه المحلية وتاع البلدان الاستوائية، حب يجرب الأنواع اللي ما داقهمش قبل. خلص وهو راجع لدارو ويديه مليانين بأكياس الفواكه اللي تعكس التنوع الثقافي في بلادو. ,Algerian
 وجد محمد حقيبة في الحديقة وشعر بالفضول ليعرف محتوياتها. قرر أن يأخذها إلى البيت ليتثبت منها بأمان. عند فتحها، اكتشف أنها مليئة بالكتب النادرة. شعر بالمسؤولية للبحث عن صاحب الحقيبة وإعادتها. , لقى محمد صاك في الجردة وحب يعرف شكون فيه. قرر ياخذها لدار باش يتأكد منها بالأمان. كي فتحها، تفاجأ بلي كانت مليانة بكتب نادرة. حس بالمسؤولية يقلب على صاحب الصاك ويرجعهولو. ,Algerian
 كان يحيى يتزلج على المنحدر عندما شعر بالجوع، فسأل أحد المارة عن وجود مطاعم قريبة. أخبره الرجل أن هناك مقهى صغير على قمة التل. توجه يحيى نحو المقهى واستمتع بوجبة دافئة مع إطلالة رائعة. شعر بالسعادة والامتنان لذلك اليوم المثالي. , كان يحيى كي يسكي في العقبة وحس بالجوع، فسقسى واحد من الناس إلا كانوا تماك على شي مطعم قريب. الراجل قال لو كاين قهوة صغيرة فوق الجبل. راح يحيى للقهوة وتمتع بوجبة دافية ومنظر يهبل. حس بالفرحة والامتنان لهاد النهار الي كان توب. ,Algerian
 لقد نسيت خالد مفتاحه داخل البيت وأغلق الباب خلفه. طرق الأبواب المجاورة بحثاً عن مساعدة. استجاب له جاره العجوز وأعطاه مفتاحاً احتياطياً. شعر خالد بالامتنان لوجود جيران مثل هذا الرجل الطيب. , خالد نسى مفتاحو في الدار وسكر الباب وراه. طق على بيوت الجيران باش يلقى مساعدة. الجار العجوز رد عليه وعطاه مفتاح الاحتياط. خالد حس بالامتنان لوجود جيران كيما هذا الراجل الطيب. ,Algerian
" في أحد الأيام، ذهب خالد إلى محل صرافة ليحول بعض الدولارات الأمريكية إلى الين الياباني. وقف في الطابور ينتظر دوره، متأملاً في كيف ستساعده هذه العملة في رحلته القادمة إلى طوكيو. عندما وصل دوره، قال للصراف: ""حول هذه الدولارات الأمريكية إلى الين الياباني، من فضلك"". ابتسم الصراف وأنجز المعاملة بسرعة، وهكذا بدأت مغامرة خالد في اليابان بخطوة أولى ناجحة. "," واحد النهار، خالد مشى لواحد البيرو دتبديل الفلوس باش يبدل شوية دولارات أمريكانية للين الياباني. وقف في الصف يتسنى في دورو، يحوس في بالو كيفاه هاد الفلوس يقدرو يعاونوه في سفرتو الجاية لطوكيو. يوما جا دورو، گال للصراف: ""بدلي هاد الدولارات للين الياباني، عافاك"". الصراف تبسم وخدم الخدمة بالزربة، وهكذا بدا خالد مغامرتو في اليابان بخطوة لولة مزيانة. ",Algerian
" وجد أحمد نفسه في المطار، يحتضن صديقه الذي سيسافر إلى بلد بعيد. شعر بثقل في قلبه والدموع تتجمع في عينيه. حاول أن يبتسم لكن عيناه خانتاه. وفي النهاية، لم يستطع سوى همس ""من الصعب قول كلمة وداعاً"". "," وجد أحمد روحو في المطار، يعانق صاحبو اللي رايح لدولة بعيدة. حس بثقل فقلبو والدموع بداو يتجمعو في عينيه. حاول يبتسم ولكن عيونو خانوه. وفي الأخير، ما قدرش يقول كان همس ""صعيب نقول كلمة الوداع"". ",Algerian
" في إحدى المدن الصغيرة، سأل رجل مارًّا: ""هل هذا مكتب الاستقبال؟ هل يوجد عيادة قريبة؟"" فأجابه المارّ بأدب: ""نعم، توجد عيادة خلف هذا البناء مباشرةً."" شكره الرجل وتوجه إلى العيادة، وهناك تلقى الرعاية الطبية التي كان يحتاجها. "," في وحدة من البلايص الصغيرة، واحد الراجل سقسى واحد اللي ماشي: ""هذا مكتب الاستقبال؟ كاينة عيادة قريبة؟"" اللي ماشي جاوبو بالأدب: ""ايه، تلقى عيادة خلف هاذ البناية مباشرة."" الراجل شكر ومشى للعيادة، وتما تلقى العلاج اللي كان يحتاج. ",Algerian
" في أحد المطاعم الشهيرة، جلس أحمد بجانب شخص غريب ولاحظ طبقاً شهياً أمامه. لم يتمالك أحمد نفسه فسأل بفضول: ""معذرة، هل لي أن أستفسر منك عن اسم طبقك؟ إنه يبدو لذيذاً."" ابتسم الغريب وأجاب: ""إنها وصفة عائلية خاصة، تُسمى الكبسة العربية."" شعر أحمد بالإعجاب وطلب الوصفة ليجربها في المنزل. "," في واحد من المطاعم المعروفة، جلس أحمد حدا واحد غريب ولاحظ طبق شهي قدامو. ما قدرش يصبر وسقساه بفضول: ""سمحلي، نقدر نسولك شنو اسم طبقك هذا؟ باين بنين."" الغريب تبسم وجاوبو: ""هذا وصفة عائلية، يسموها الكبسة العربية."" أحمد حس بالإعجاب وطلب الوصفة باش يجربها في داره. ",Algerian
 ذهب محمد إلى الطبيب شاكيًا من ألم شديد في ظهره. قال الطبيب إن سبب الألم هو الجلوس الطويل أمام الكمبيوتر. نصحه الطبيب بأخذ استراحات منتظمة وممارسة الرياضة. بدأ محمد بتنفيذ النصائح وشعر بتحسن كبير. , محمد راح للطبيب يشكي من ألم كبير في ظهرو. الطبيب قاله بلي الألم جاي من القعدة الطويلة قدام الكمبيوتر. نصحو الطبيب بالإستراحة دوريا ويلعب الرياضة. محمد بدا يطبق النصائح وحس بتحسن بزاف. ,Algerian
" في تلك الليلة المظلمة، وجد خالد نفسه يائسًا في مطار مجهول. تاه بين البوابات، وأخيرًا توقف أمام بوابة رقم 7 وهمس ""أية بوابة أتوجه إليها بعد ذلك؟"". وبينما هو غارق في حيرته، ظهرت له سيدة مسنة تبتسم، وأرشدته إلى الطريق الصحيح. بفضلها، استطاع الوصول إلى وجهته، مدركًا أن الأمل يمكن أن يأتي من حيث لا يحتسب. "," في ليلة ظلمة، خالد لقى روحو تايه في مطار ما يعرفوش. تاه بين البوابات، حتى وقف قدام بوابة رقم سبعة وهمس ""أية بوابة نروح ليها توا؟"". وهو مزالو في حيرته، طلعتلو واحدة العجوزة تبتسم، ووراتو الطريق الصح. بشكرها، تمكن يوصل للوجهة متاعو، وعرف بلي الأمل يجي منين ما تحسبش. ",Algerian
 وجد محمد في جيبه عشرة دولارات فقط، وتساءل إن كانت كافية لركوب التاكسي. استوقف تاكسي وسأل السائق عن الأجرة. أجابه السائق بأن الرحلة ستكلف خمسة عشر دولارًا. شعر محمد بالاحباط لعدم مقدرته على الذهاب إلى العمل بالتاكسي بسبب نقص المال. , محمد لقى في جيبو غير عشرة دولارات، وتساءل واش يكفو باش يروح بالتاكسي. شد تاكسي وسقس الشيفور على الثمن. الشيفور قالو راح تكلف خمسة عشر دولار. محمد حس بالإحباط حيت ما عندوش الفلوس الكافية باش يمشي للخدمة بالتاكسي. ,Algerian
 أعتقد أنها كانت ممتازة. تمثيل جيد وحبكة جيدة. لذا قررت مشاركة الفيلم مع أصدقائي. جلسنا معًا وبدأنا بمشاهدة العرض. كل منهم أثنى على اختياري للفيلم. أصبحت ليلتنا مليئة بالضحك والتعليقات الممتعة. , نحسب بللي كانت ملاح. التمثيل كان بنين والقصة كانت مزيانة. علاش قررت نشوف الفيلم مع صحابي. جلسنا كامل وبدينا نتفرجو في العرض. كل واحد منهم شكرني على اختيار الفيلم. ليلتنا ولات مليانة بالضحك والتعاليق الحلوة. ,Algerian
" في يومٍ مشمسٍ، خرج يوسف ليشتري هدية لأمه تقديرًا لجهودها. وجد سوقًا قريبًا يبيع الهدايا الجميلة والزهور الفواحة. اختار باقة وردٍ جميلة وعلبة شوكولاتة فاخرة. عندما عاد إلى المنزل وأعطى أمه الهدية، قالت: ""يا، شكراً جزيلاً."" "," في نهار شمسي، يوسف خرج باش يشري كادو ليماه باش يرد ليها الجميل. لقى سوق هايل قريب يبيع كادوهات شابة وزهور معطرة. اختار باقة ورد باهية وبويت شكولا دي لوكس. وقتاش رجع لدار وعطى لمه الكادو، قالتلو: ""يا، شكراً بزاف."" ",Algerian
" كان الفندق مزدحمًا عندما وصلت، ولم تعجبني الحجرة التي خُصصت لي. سألت موظف الاستقبال بأدب: ""هل من الممكن أن أرى حجرة أخرى؟"" استجاب العامل بلطف وأراني حجرة مطلة على البحر. شعرت بالرضا وشكرته على حسن تعاونه. "," الفندق كان عامر وقت وصلت، وما عجبتنيش الحجرة الي عطاوني. سقست الموظف في الاستقبال بلهجة مؤدبة: ""واش من الممكن نشوف حجرة أخرى؟"" الخدام استجاب بالمليح ووراني حجرة تطل على البحر. حسيت بالراحة وشكرتو على ما قدم من تعاون. ",Algerian
 كانت ليلى من أول من ارتدى الفستان الجديد، أنها أحدث موضة هذا الصيف. وسرعان ما لاحظ الجميع أناقتها الفائقة وجمال الفستان. كانت تتمايل بكل ثقة بين الحضور، وعدسات المصورين لا تفارقها. وفي نهاية اليوم، تلقت ليلى عروضاً للتمثيل في إعلانات لأشهر الماركات. , ليلى كانت من الأوائل لي لبسو الروب الجديد، هذا هو الموضة الجديدة تاع الصيف. كلشي لاحظ كيفاش كانت شيك وزوينة الروب. كانت تتمايل بالثقة وسط الناس، والكاميرات ما سكنتش منها. وفي آخر النهار، توصلت ليلى بعروض باش تمثل في الإشهارات ديال أكبر الماركات. ,Algerian
 أخذني أحمد بسيارته إلى وسط المدينة. وصلنا هناك والشوارع مزدحمة بالناس. تمكنا من العثور على مكان للركن بعد بحث طويل. تجولنا في الأسواق واشترينا الهدايا لعائلتنا. , أحمد راح بيا بالطوموبيل لوسط البلاد. وصلنا ولقينا الشوارع عامرة بالناس. دورنا بزاف حتى لقينا بلاصة نركنو فيها. تمشينا في السوايق وشرينا كادوات للفاميليا. ,Algerian
" في يوم مشمس، سأل علي الموظف في مكتب الإيجار ""هل لي أن أؤجر سيارة؟"" فأجابه الموظف بابتسامة وأشار إلى مجموعة متنوعة من السيارات. اختار علي سيارة رياضية حمراء وتجول بها في المدينة. وفي نهاية اليوم، عاد إلى المكتب معبرًا عن سعادته بتجربة القيادة الممتعة. "," فوقت جميل، علي سقسى العامل في مكتب الكراء ""يمكنلي نكري سيارة ولا لا؟"" العامل ضحك ووراه جملة من الطوموبيلات. علي اختار واحدة سبور حمراء ودار بيها تور في المدينة. وفي الآخر، رجع للمكتب وهو مبسوط برحلته اللي استمتع بيها. ",Algerian
 في يومٍ مشمسٍ، قرر سامر أن يجرب طبقاً جديداً في مطعمٍ محليّ. عند تذوقه، وجد أنه ذو مذاق غريب. فضوله دفعه لسؤال الطاهي عن المكونات. اكتشف أن الطبق يحتوي على مزيجٍ من التوابل النادرة. , في يوم شمسي، سامر قرر يجرب طبق جديد في مطعم محلي. كيما ذاقه، لقاه مذاقو غريب. حب الاستطلاع خلاه يسأل الطباخ على المكونات. كشف أن الطبق فيه مزيج من التوابل النادرة. ,Algerian
 قام أحمد بإصلاح السيارة بينما كان والده في الخارج. عندما عاد وجد كل شيء على ما يرام. شعر بالفخر لأن ابنه تحمل المسؤولية. ومن ذلك اليوم، ثقة الأب بأحمد زادت. , أحمد صلح الطوموبيل وباه كان برا. وقتاش رجع لقى كلش راهو لاباس. فرح بزاف حيت ولدو تحمل المسؤولية. ومن داك النهار، الثقة ديال البا في أحمد زادت. ,Algerian
" في أحد الأيام، زار خالد متجراً صغيراً وسأل البائع ""هل لديكم وجبات خفيفة؟"" فأجابه البائع بابتسامة وأشار إلى رف مليء بأنواع مختلفة من الوجبات الخفيفة. خالد اختار بعض الشيبس والمكسرات، وشعر بسعادة عارمة وهو يتناولها في الحديقة. أصبح هذا المتجر وجهته المفضلة كلما شعر بالجوع. "," فواحد النهار، خالد راح لمحل صغير وسقسى البايع ""عندكم قرقيعان خفاف؟"" البايع ضحك وورالو رف مليان بأنواع القرقيعان. خالد اختار شوية شيبس وفواكه جافة، وحس بفرحة كبيرة وهو ياكلهم في الحديقة. المحل هذا ولى المكان المفضل ديالو كلما كان جعان. ",Algerian
 كان هناك رجل كبير في السن يطلب دائماً من الناس التحدث ببطء لأنه كان يعاني من ضعف السمع. في يوم من الأيام، التقى بطفل صغير حاول شرح قصة ممتعة له. الرجل العجوز طلب من الطفل أن يتكلم ببطء حتى يستطيع فهم القصة جيداً. وبفضل صبر الطفل وتكراره القصة ببطء، استطاع العجوز أن يسمع القصة ويستمتع بها. , كان في راجل كبير في العمر ديما كييطلب من الناس يهدروا بالشوية لأنو كان عندو ضعف في السمع. واحد النهار، تلاقى بدري صغير حاول يقص عليه قصة مليحة. الشيخ طلب من الدري يهدر بالشوية باش يقدر يفهم القصة مليح. وبالصبر تاع الدري وتكرارو للقصة بالشوية، الشيخ قدر يسمع القصة ويستمتع بيها. ,Algerian
 سوف أحضر متأخرا ساعة. كان لدي موعد طبي لم أستطع تأجيله. عندما وصلتُ، كان الاجتماع قد بدأ بالفعل. استمعوا إليّ بانتباه وأنا أشرح سبب تأخري. بالنهاية، تفهم الجميع الظروف وتابعنا الاجتماع بسلاسة. , راح نجي متأخر بعد ساعة. عندي واحد الرانديفو مع الطبيب ما قدرتش نروحلو قبل. وقتاش وصلت، لقيت الجماعة شرعو في الاجتماع. سمعولي مليح وأنا نفسر علاش تأخرت. في الأخير، الكل فهم الوضعية وكملنا الاجتماع على خير. ,Algerian
 كان هناك رجل يعيش وحيدًا في بيت صغير على طرف القرية. ذات يوم، وجد قطة جميلة عند عتبة بابه فقرر أن يعتني بها. أصبحت القطة صديقته المفضلة وأضافت البهجة إلى حياته. مرت الأيام وانتشرت قصة الرجل وقطته في القرية، وأصبح معروفًا بكرمه وطيبة قلبه. , كان في واحد راجل عايش بوحدو في دار صغيرة في طرف القرية. في نهار، لقى بسة حلوة عند بابو وقرر يهتم بيها. البسة ولات صاحبتو المفضلة ودخلت الفرحة لحياتو. الأيام دازت وقصة الراجل والبسة عرفها كلشي في القرية، وصار معروف بالجود والقلب الكبير. ,Algerian
" نظر محمد إلى الساعة وتذكر أنه لم يأكل منذ الصباح. قال لصديقه: ""نعم. انتظر، سوف أحضر لك واحدة."" ذهب إلى البائع واشترى لهما سندويشين. عاد ومعه الطعام، فتناولاه بشهية. "," محمد شاف في الساعة وتفكر بلي ماكلاش من الصباح. قال لصاحبو: ""إيه. استنى، راني جايبلك وحدة."" مشى للبايع وشرالهم سندويشات. رجع ومعاه الأكل، وكلاو بزاف ديال الشهية. ",Algerian
 في يومٍ مشمسٍ، ذهب أحمد إلى المقهى المفضل لديه. نادله المعتاد كان هناك يبتسم كالعادة. طلب أحمد فنجان قهوته الساخنة وجلس يستمتع بالأجواء. بينما هو يشرب، التقى بصديق قديم ودار بينهما حديث شيق. , فنهار مشمس، مشى أحمد لقهوتو المفضلة. السرفور لي ديما يخدمو كان تماك يضحك كيف العادة. طلب أحمد قهوتو السخونة وجلس يستمتع بالجو. وهو يشرب، تلاقى مع صاحب قديم ودارو حديث ممتع. ,Algerian
 كان الجو غائماً والسماء تكاد تبكي، فقد أخبرت الأرصاد الجوية بأن الأمطار ستتساقط طوال الأسبوع. استعد الناس بالمعاطف والأحذية المطاطية، وأصبحت المظلات صديقاً لا يفارقهم. الأطفال فرحوا بالبرك المائية التي شكلتها الأمطار، ولعبوا تحت قطرات الماء بمرح وسعادة. , الجو كان غايم والسما باغية تبكي، الأرصاد الجوية قالو أنها راح تشتي طول السيمانة. الناس تحضرت بالمانطوات والصباط المطاط، والمظلات ولات صاحبة ماتفارقهمش. الدراري فرحو بالبرك الماي اللي صنعتها الشتا، ولعبو تحت قطرات الماي بفرحة وهنا. ,Algerian
 وجد أحمد نصف زجاجة عطر متروكة على الرصيف، فقرر أن يأخذها معه. عندما وصل إلى المنزل، رش منها قليلاً وسأل أمه عن رائحتها. أخبرته أمه أن العطر يذكرها بوالده الذي كان يستخدم نفس النوع قبل أن يسافر. شعر أحمد بلحظة من الحنين وقرر الاحتفاظ بالزجاجة كذكرى عزيزة. , لقى أحمد نص قرعة عطر متروكة على الرصيف، قرر ياخذها معاه. وصل للدار، رش شوية وسقسى يماه على الريحة. يماه قالتلو العطر كيفاش يفكرها بباه اللي كان يستعمل نفس العطر قبل ما يهاجر. أحمد حس بالحنين وقرر يحتفظ بالقرعة كذكرى غالية. ,Algerian
" في إحدى الأمسيات الموسيقية، سأل خالد صديقه: ""هل لديهم عروض حية؟"" فأجابه بحماس: ""نعم، واليوم ستكون هناك فرقة مشهورة."" فقررا الذهاب معاً واستمتعا بأجواء الحفل الرائعة. عادا إلى المنزل وقد امتلأت قلوبهما بالموسيقى والسعادة. "," في واحدة من السهرات الموسيقية، خالد سقسي صاحبو: ""واش، عندهم عروض حية؟"" صاحبو جاوبو بشوق: ""إيه، وهاد الليلة غادي يكون فيه فرقة معروفة."" قررو يمشيو مع بعض واستمتعو بالجو الحفلة الزين. رجعو للدار وقلوبهم مليانة بالموسيقى والفرح. ",Algerian
" ذهبت سارة إلى السوق لتشتري حقيبة جديدة. وعندما رأت واحدة أعجبتها، سألت البائع ""هل بإمكاني رؤية هذه الحقيبة؟"" أخرج البائع الحقيبة بابتسامة وأشاد بذوقها الرفيع. بعد أن فحصتها جيدًا، قررت سارة شراء الحقيبة. "," سارة راحت للسوق باش تشري لحقيبة جديدة. ولما شافت وحدة عجبتها، سولت البائع ""واش راني قادرة نشوف هاد الصاك؟"" البائع هز الحقيبة بابتسامة ومدح في ذوقها العالي. بعد ما تفحصتها مليح، سارة قررت تشري الحقيبة. ",Algerian
" في أحد الأيام، سأل الزبون البائع، ""هل لديك شيء آخر؟"" فأجاب البائع بابتسامة وأحضر له قطعة نادرة. شعر الزبون بالسعادة لأنه وجد ما كان يبحث عنه. ومنذ ذلك اليوم، أصبح ذلك الزبون زبونًا دائمًا للمتجر. "," فواحد النهار، الزبون سقسى البايع، ""عندك شي حاجة أخرى؟"" البايع ضحك وجابلو قطعة نادرة. الزبون فرح بزاف حيت لقى اللي كان كيقلب عليه. ومن ديك الساع، ولات عند الزبون ديما يجي لهاد الحانوت. ",Algerian
" في يوم من الأيام، كان هناك رجل يعمل بجد ولا يعرف متى يتوقف. ومع مرور الوقت، بدأ يشعر بالإرهاق الشديد. قالت له زوجته ذات مساء: ""أنت بحاجة للراحة."" استمع لنصيحتها وقرر أخذ إجازة ليستعيد نشاطه. "," في يوم، كان هناك واحد الراجل يخدم بزاف وما يعرفش إمتى يوقف. مع الوقت، حس بتعب كبير. في واحد الليلة، قالتلو مرتو: ""أنت في حاجة للراحة."" سمع كلامها وقرر ياخذ كونجي باش يستعيد قواه. ",Algerian
 من فضلك إملأ بطاقة الوصول التالية واستمارة الجمارك. وصل أحمد إلى المطار وفي يده حقيبته الثقيلة. بعد إنهاء الإجراءات، توجه إلى مكتب الاستقبال حيث قابل صديقه القديم. تبادلا الأحاديث والذكريات، ثم اتجها معاً إلى مدينتهما العزيزة. , عافاك عمر هاد الكارطة وثبت ديتاي في الدوان. أحمد وصل للعيروبور ومعاه كابا ديالو الثقيلة. سالا كلشي من الإجراءات، وتما توجه للبيرو ديال الاستقبال وتلاقى بصاحبو القديم. دارو شوية ديال الحديث وفرحو بالذكريات، ومن بعد راحوا لمدينتهم الغالية سوا. ,Algerian
" وقف يحيى على جانب الطريق ينتظر السيارة المتجهة إلى سيتل. عندما مرت السيارة، أشار إليها يحيى متسائلاً ""هل هذه السيارة متجهة إلى سيتل؟"" فأومأ السائق بالإيجاب وتوقف ليقله. شعر يحيى بالامتنان وهو يجلس في السيارة متجهين إلى وجهته. ","  وقف يحيى على جانب الطريق يستنى في الطوموبيل اللي رايحة لسيتل. كيف جات الطوموبيل، سقسا يحيى ""هل هذه الطوموبيل رايحة لسيتل؟"" الشوفور إشارلو بالإيجاب ووقف باش يشدّو. يحيى حس بالراحة وهو راكب في الطوموبيل متوجهين للوجهة ديالو. ",Algerian
 ذهب أحمد للجامعة ليسجل في دورة اللغة الإنجليزية، ولكنه فوجئ بارتفاع الرسوم. سأل الموظف إذا كان بالإمكان دفع جزء من الرسوم الآن. وافق الموظف وابتسم قائلاً إن هذا ممكن. شعر أحمد بالسعادة لأنه سيتمكن من البدء في الدورة دون تأخير. , أحمد راح للجامعة باش يسجل في دورة الإنجليزية، ولكن تفاجأ بلي الرسوم غالية بزاف. سقسى الموظف واش يقدر يخلص جزء من الرسوم دابا. الموظف قال ليه بابتسامة أن هذا يمكن. أحمد حس بالفرحة لأنه غادي يقدر يبدا في الدورة بلا تأخير. ,Algerian
 هذا السؤال دار في ذهن يوسف لدى رؤيته للوردة الجميلة. إنها تبدو حقيقية بألوانها الزاهية وأوراقها الناعمة، لكن شيئا ما يجعله يشك. قرر يوسف أن يقترب ويمسك الوردة ليكتشف الحقيقة. وبمجرد لمسها ابتسم، فالوردة كانت طبيعية وعطرها يفوح في الأجواء. , هاد السؤال دار في بال يوسف ملي شاف الوردة الزينة. تبان حقيقية بألوانها الفاقعة وأوراقها الرطبة، ولكن كاين شي يخليه يشك. يوسف قرر يدنى ويشد الوردة باش يكتشف الحقيقة. وملي لمسها تبسم، الوردة كانت طبيعية وريحتها تعطر الهواء. ,Algerian
" في يوم من الأيام، سأل الفتى صديقه بقلق: ""هل ستنتظرني هنا؟"" وعد الصديق بالإنتظار، ولكن مرت الساعات ولم يعد الفتى. ظل الصديق واقفًا ينتظر حتى غروب الشمس، وأدرك أخيرًا أن الوعود أحيانًا لا تُصان. "," فوقت من الأيام، سقسى الولد صاحبو بالخلعة: ""واش راك غادي تستناني هنا؟"" صاحبو وعده بالإنتظار، ولكن مرت الساعات وما رجعش الولد. صاحبو بقى واقف يستنى حتى غابت الشمس، وتأكد في الاخير بلي الوعود بعض المرات ما تتحققش. ",Algerian
 آه شكراً كنت أبحث عنها منذ قليل. وجدتها أخيرًا تحت كومة الكتب القديمة. كنت أحتاجها لإتمام بحثي العلمي. فرحت كثيرًا لأنها من النوادر. أعدتها إلى مكتبتي بحرص شديد. , أه شكرًا، كنت نقلب عليها منذ شوية. لقيتها أخيرًا تحت ركام الكتب القديمة. كنت نحوس عليها باش نكمل بحثي العلمي. فرحت بزاف لأنها من النوادر. رجعتها لمكتبتي بكل حرص. ,Algerian
" في يوم من الأيام، ذهب أحمد إلى المتجر لشراء هاتف جديد. عندما وصل إلى الصندوق، سأله البائع ""نقداً أم على بطاقة الائتمان؟"". فكر أحمد للحظة ثم قرر الدفع نقداً لتجنب رسوم الفائدة. شعر بالسعادة وهو يغادر المتجر حاملاً هاتفه الجديد دون أي ديون. "," واحد النهار، أحمد مشى للمحل باش يشري تيليفون جديد. وقت لي وصل للكاش، البائع سقساه ""كاش ولا بالكارت؟"". أحمد فكر شوية وقرر يخلص كاش باش ما يتعرضش للفوائد. فرح وخرج من المحل وهو يحمل التيليفون الجديد بلا ديون. ",Algerian
 في يوم مشمس، وجد محمود نفسه في مدينة لم يزرها من قبل. كان ينظر حوله بدهشة، فالمباني كانت ذات طراز فريد والناس يتحدثون بلهجات مختلفة. شعر بالضياع ولكنه كان متحمسًا لاكتشاف هذا المكان الجديد. في نهاية اليوم، تمكن من التعرف على بعض السكان الودودين الذين عرضوا عليه المساعدة. , في واحد النهار مع الشمس، محمود لقى روحو في بلاصة مازارهاش قبل. كان كي يشوف حواليه بالتعجب، حيت العمارات كانو بستايل غريب والناس تتهدر بلهجات مختلفة. حس براسو ضايع ولكن متشوق يكتشف هاد المكان الجديد. في آخر النهار، تمكن يتعرف على شوية ناس مليحين اللي عرضولو يساعدوه. ,Algerian
" كان أحمد يبحث عن هدية مناسبة لصديقه، ولكنه لم يكن يملك الكثير من المال. وجد ساعة جميلة في أحد المحلات ولكنها كانت مكلفة. تذكر كلمات صديقه ""ليس تماماً. فقط شيء ما غير غالي الثمن"". فاشترى كتاباً كان صديقه يتمنى الحصول عليه. "," أحمد كان يقلب على كادو مناسب لصاحبو، ولكن ما كانش عندو بزاف دي فلوس. لقى ساعة زوينة فواحد الحانوت ولكن كانت غالية. تفكر قال صاحبو ""ماشي لازم. غير شي حاجة ماشي غالية بزاف"". عليه اشترى كتاب كان صاحبو يتمنى يحصل عليه. ",Algerian
 اشترت أميرة فستانًا جديدًا وكانت في حيرة، هل يمكن أن يتم غسيله في المغسلة أم يدويًا في المنزل؟ قررت أن تستشير البائعة التي نصحتها بالغسيل اليدوي للحفاظ على نوعية القماش. وعلى الرغم من تحذير البائعة، قررت أميرة أن تجرب الغسيل في المغسلة لتوفير الوقت. ولكن بعد استلام الفستان من المغسلة، تفاجأت بأن الألوان قد بهتت والقماش قد تلف. , اشترت أميرة روب جديد وكانت محتارة، واش تغسلو في الكوافير ولا في الدار باليد؟ قررت تسقسي البائعة اللي نصحتها بالغسيل اليدوي باش يحافظ على الثوب. ولكن حتى مع النصيحة، قررت أميرة تجرب تغسلو في الكوافير باش توفر الوقت. ولكن، ملي رجعت تاخذ الروب من الكوافير، تصدمت بلي الألوان تبهتو والثوب تخرب. ,Algerian
" كان هناك طفل يحب الرسم كثيراً، وذات يوم نفذت ألوانه المائية فطلب من والدته شراء علبة جديدة. قال لها ""أحتاج علبة ألوان مائية من فضلك"". فابتسمت الأم ووعدته بشراء أفضل علبة لون مائي في السوق. وعندما حصل على الألوان الجديدة، أمضى الطفل ساعات يرسم لوحة زاهية شكراً لأمه. "," كان في طفل يحب يرسم بزاف، وواحد النهار خلصتلو الألوان ديالو المائية، فطلب من ماماه يشريلو علبة جديدة. قالها ""خاصني علبة ديال الألوان المائية عافاك"". الأم ضحكت ووعدتو تشريلو أحسن علبة في السوق. وملي جابتلو الألوان جداد، الطفل قعد يرسم تابلو باهي وشكر ماماه عليه. ",Algerian
" كان يمشي في السوق عندما صدم بشخص. التفت ليرى من هو، فإذا به صديقه القديم. قال له متفاجئاً: ""آسف. ماذا كنت تريد؟"" ضحك صديقه ودعاه لتناول القهوة. "," كان يتمشى في السوق ومن بعد زعما دخل في واحد. دار يشوف شكون هو، طلعلو صاحبو القديم. قالو مستغرب: ""آسف. واش كنت تحوس؟"" صاحبو ضحك وعزمو لشرب القهوة. ",Algerian
 قرر ماجد تغيير الموعد لزيارة الطبيب إلى التاسع عشر من مايو بدلاً من الخامس عشر بسبب ارتباطات عمل طارئة. عندما حل اليوم المنتظر، استيقظ مبكرًا وتوجه إلى العيادة. وجد الطبيب ينتظره، فقد كان أول المرضى في ذلك اليوم. تمت الفحوصات بسلاسة، وغادر ماجد وهو يشعر بالرضا عن قراره. , ماجد قرر يبدل وقت الرنديفو مع الطبيب للتاسع عشر ماي بلاصة الخامس عشر حيت طلع ليه شي حوايج خدمة ضرورية. يوم ما جا الموعد، فاق بكري ومشى للعيادة. لقا الطبيب تماك يتسناه، كان أول واحد لهاد النهار. دازت الفحوصات بلا مشاكل وماجد خرج فرحان بقرارو. ,Algerian
" عندما وصل خالد إلى الفندق، قُدمت له الاستقبالية ورقة وقالت: ""من فضلك وقع هنا"". وأشارت إلى الخط الأسفل ثم أعطته فاتورة بمصروفاته قائلة: ""وهذه فاتورة بمصروفاتك"". خالد تفحص الفاتورة متأنيًا، ولاحظ أن كل شيء كان على ما يرام. بعد أن وقّع، شكر الاستقبالية وتوجه إلى غرفته، مرتاحًا لتسوية الأمور بسلاسة. "," وصل خالد للفندق، الموظفة قالتلو: ""عافاك، وقّع هنا"". وراتو فين يوقع وعطاتو الفاتورة وقالتلو: ""هاذي فاتورة خلاصاتك"". خالد شاف مليح في الفاتورة وتأكد بلي كلشي صح. بعد ما وقع، شكر الموظفة وتوجه لبيتو مرتاح حيت كلشي تم بلا مشاكل. ",Algerian
 في أحد الأيام، ذهبت سارة إلى السوق لتشتري بعض الجوارب الحريمي. وجدت متجراً صغيراً يبيع ما تبحث عنه بأسعار معقولة. اشترت سارة ثلاثة أزواج من الجوارب الملونة. عادت إلى المنزل سعيدة بمشترياتها وارتدت زوجاً جديداً فوراً. , فواحد النهار، سارة مشات للسوق باش تشري جوارب حريمي. لقات حانوت صغير يبيع اللي كانت تحوس عليه بأثمنة معقولة. سارة شرات ثلاثة أطقم من الجوارب الملونة. رجعت للدار فرحانة بلي شرات ولبست واحد مباشرة. ,Algerian
 كان محمد يشعر بالجوع الشديد، فقرر أن يذهب إلى السوق ليشتري لحوم الضأن. وجد محمد الجزار المعروف بجودة لحمه واشترى منه كمية وافرة. عندما عاد إلى المنزل، شرع في تحضير وجبة شهية. جمعت العائلة حول المائدة، وتناولوا الطعام معاً وسط أجواء من البهجة والسرور. , محمد كان جيعان بزاف، حب يروح للسوق باش يشري لحم الضأن. لقى القصاب الي عندو لحم مليح وشرى منو بزاف. ورجع للدار، شرع في تحضير واحد الطاجين. العائلة جمعت على المائدة، كلو وفرحو بزوج فوقاش كان الجو عائلي وممتع. ,Algerian
 في يوم صيفي حار، وجد حسام نفسه يتجول في الأزقة القديمة بحثاً عن شيء ما، لكنه لم يكن يعلم ما هو. كانت الشمس تلفح وجهه والعرق يتصبب من جبينه، وفجأة توقف أمام متجر أنتيكات قديم. فتح باب المتجر المتآكل ودخل، وهناك وجد تمثالاً صغيراً يشع بريقاً خفياً، شعر حينها أنه ما كان يبحث عنه. , في يوم صيفي شاعل، حسام لقى روحو يتمشى في الزنقات العتيقة يقلب على شيء، ماكانش يعرف علاش يقلب. الشمس كانت تحرق وجهو والعرق يتصبب من جبينو، وفجأة وقف قدام محل عتيق للأنتيكات. فتح الباب المهتري ودخل، وتما لقى تمثال صغير يبرق، حس في ذيك الساعة بلي هذا هو اللي كان يقلب عليه. ,Algerian
 كنت أقف في المحطة، أتأمل الحافلات المتجهة إلى وجهات شتى. سألت المارة عن الحافلة المتجهة إلى محطة بين، فأشاروا إلى الحافلة رقم سبعة. صعدت إلى الحافلة وجلست أفكر في الأشياء التي سأفعلها عند الوصول. وبعد رحلة قصيرة، وصلت إلى المحطة المنشودة وبدأت يومي بحماس. , كنت واقف في المحطة، نشوف في الكار اللي رايحين لأماكن مختلفة. سقسيت الناس على الكار اللي يروح لمحطة بين، وقالولي ركب النمرة سبعة. طلعت في الكار وجلست نفكر في الحوايج اللي نديرهم كي نوصل. وبعد مشوار قزير، وصلت للمحطة اللي بغيت وبديت نهاري بعزيمة. ,Algerian
 في ليلةٍ هادئة، سمعتُ صوتًا غريبًا خارج النافذة. عندما اقتربت لأرى ما هو، وجدت قطةً صغيرة تبحث عن مأوى. فتحتُ النافذة ودعوتها إلى الداخل. ومنذ تلك الليلة، أصبحت القطة جزءًا لا يتجزأ من حياتي. , في واحد الليلة هانية، سمعت صوت غريب برا الطاقة. لما نقرب باش نشوف شنو هداك الصوت، لقيت شي قطوس صغير يقلب على بلاصة يبات فيها. فتحت الطاقة وعيطتلو يدخل. ومن ديك الساعة، ولا القطوس جزء من حياتي. ,Algerian
 ذهب محمود إلى السوق لشراء جوارب رجالية جديدة. وجد متجرًا يعرض تشكيلة واسعة من الجوارب بألوان وأنماط مختلفة. اختار ثلاثة أزواج بألوان متناسقة مع ملابسه. عاد إلى المنزل فرحًا بمشترياته وقرر أن يعود مجددًا للمتجر. , محمود راح للسوق باش يشري شرابات رجالي جدد. لقى حانوت عندو تشكيلة كبيرة من الشرابات بألوان وأنماط متنوعة. اختار ثلاثة أزواج يجو مع لبسو. رجع لدارو فرحان بلي شرا وقرر يرجع للحانوت مرة أخرى. ,Algerian
 كانت ليلى تبحث عن وجبة خفيفة لتناولها في المساء. عندما وجدت طبق السلطة، فرحت كثيراً لأن سعراتها الحرارية منخفضة جداً، فقط 30 سعر. قررت أن تجعلها وجبتها الأساسية في الرجيم. وبالفعل، ساعدتها هذه السلطة على خسارة الوزن بشكل صحي. , ليلى كانت تحوس على شي خفيف تاكلو في العشية. وقتاش لقات طبق السلاطة، فرحت بزاف حيت كاين فيها السعرات الحرارية قليلة بزاف، غير 30 سعر. حقرات تديرها الوجبة الأساسية في الريجيم ديالها. وتالي، هاد السلاطة عاونتها تنقص في الوزن بطريقة صحية. ,Algerian
 كان محمد يريد أن يسافر إلى مدينة جميلة لقضاء إجازته. ولهذا قرر أن يحجز غرفة في فندق يطل على البحر. بحث على الإنترنت ووجد مكاناً مثالياً يناسب ميزانيته. بعد إتمام الحجز، شعر بسعادة كبيرة استعداداً لرحلته. , محمد بغا يسافر لبلاصة زوينة باش يقضي فيها الكونجي ديالو. حب يحجز بيت في واحد الفندق قدام البحر. دار تشارشا في النت ولقى بلاصة ملاحة تناسب جيبو. ومن بعد ما كمّل الحجز، حس بفرحة كبيرة وهو يتحضر للفوياج. ,Algerian
" في أحد الأيام، سأل الطالب الجديد زميله في الفصل: ""من أي مكان في اليابان أنت؟"" فأجابه الزميل بابتسامة: ""أنا من كيوتو، مدينة الألف معبد."" ومنذ ذلك الحين، أصبحا صديقين مقربين وقضيا الوقت في استكشاف الثقافة اليابانية معًا. في نهاية العام الدراسي، دعا الطالب زميله لزيارة بلدته الصغيرة في أوكيناوا ليظهر له جمال الجزر الجنوبية. "," فواحد النهار، الطالب الجديد سقسى صاحبو فالقسم: ""من وين راك في اليابان؟"" صاحبو ضحك وقالو: ""أنا من كيوتو، مدينة الألف معبد."" من ديك الساعة، ولو صحاب كبار وبداو يكتشفو الثقافة اليابانية مع بعض. فآخر العام الدراسي، الطالب عزم صاحبو يجي يزورو في بلادو الصغيرة في أوكيناوا باش يوريه جمال الجزر الجنوبية. ",Algerian
 لسوء الحظ، هو مشغول جداً في ذلك اليوم. كان عند أحمد العديد من المواعيد والالتزامات التي لا يمكن تأجيلها. رغم ذلك، وجد الوقت لمساعدة صديقه المحتاج. في نهاية اليوم، شعر بالرضا لتمكنه من الجمع بين واجباته ومساعدة الآخرين. , مع الأسف، كان مشغول بزاف في هذاك النهار. أحمد عندو بزاف ديال الرانديفو والالتزامات اللي ما يقدرش يديرلهم ريبور. ولكن، لقى الوقت باش يعاون صاحبو اللي كان محتاج. في آخر النهار، حس بالرضا حيت قدر يوفق بين خدمتو ومساعدة الناس. ,Algerian
" في يومٍ ماطر، ذهبت أمل لشراء مظلة جديدة. وبينما كانت تتصفح المحل، أشار لها البائع إلى مظلة زرقاء جميلة. قالت أمل: ""في هذه الحالة ، أنصح بهذه الواحدة."" ومنذ ذلك اليوم، أصبحت المظلة رفيقة أمل الدائمة في كل الأجواء. "," في نهار تيشتشتي، أمل راحت تشري مظلة جديدة. وهي تقلب في المحل، البايع وراها مظلة زرقاء شابة. أمل قالت: ""في هذا الوضع، راني ننصح بديك المظلة."" ومن داك النهار، ولاّت المظلة صاحبة أمل ديما في كل الأحوال. ",Algerian
 في يومٍ مشمس، خرج سعيد ليبحث عن خدمة. وجد حجرة جميلة تحتاج إلى تنظيف وقرر أن يقدم خدماته. عمل بجد وأتقن العمل حتى أعجب به الجميع. وبذلك حصل على الكثير من العملاء الدائمين. , فواحد النهار يلي كان فيه الشمس طالعة، سعيد خرج يقلب على شغل. لقى بيت حلو محتاج يتنضف وقرر يعرض خدماتو. خدم بزاف وخدمته كانت نيكل، كلشي تحير بيه. وهكا صار عندو بزاف ديال الزبائن دائمين. ,Algerian
" كان في قرية صغيرة يعيش فيها أهلها بسلام، وفي يوم من الأيام، سمع الناس صوتًا عاليًا ينادي ""انتبهوا من فضلكم"". التفت الجميع ليروا رجلًا يحذرهم من خطر قادم. أخذ الأهالي النداء على محمل الجد وبدأوا بالاستعدادات لمواجهة الطارئ. وبفضل تحذير الرجل، استطاعوا أن يحموا القرية وأنفسهم من الخطر الداهم. "," كان في قرية صغيرة، الناس تعيش تماك في سلام، وفي نهار، سمعو صوت واحد يعيط ""عيطو بالكم من فضلكم"". الناس كامل تلفتو يشوفو راجل يحذرهم من خطر جاي. العباد خذو القضية بجدية وبداو يحضرو رواحهم للطارئ. وشكرا للتحذير ديال الراجل، قدرو يحمو القرية ورواحهم من الخطر اللي كان راه جاي. ",Algerian
" كانت ليلى تبحث عن فستان لحضور حفل زفاف صديقتها. وجدت واحدًا يعجبها في السوق لكنه كان ملطخًا ببعض البقع. توجهت إلى البائع وسألته ""هل تستطيع أن تخفض سعرها لوجود بعض البقع بها؟"". ابتسم البائع ووافق على تخفيض السعر مما جعل ليلى تشتريه بسعادة. "," ليلى كانت تقلب على روبة باش تمشي لعرس صحبتها. شافت وحدة شابة في السوق ولكن فيها شوية دانوب. سقست البايع ""تقدر تنقص من ثمنها حيت عندها شي بقع؟"". البايع تبسم وقبل ينقص الثمن وليلى شراتها وهي مبسوطة. ",Algerian
" في يوم مشمس، سأل الطفل جده: ""هل لديك أية طوابع تذكارية؟"" فابتسم الجد وأخرج صندوقًا قديمًا مليئًا بالطوابع من جميع أنحاء العالم. كانت كل طابعة تحكي قصة من رحلات الجد الطويلة. وبتلك الطوابع، سافر الطفل حول العالم دون أن يترك غرفته. "," في نهار شمسي، الدري صغير سقسى جدو: ""عندك تيمبرات تذكارية ولا لا؟"" الجد ديما يضحك وجاب صندوق قديم فيه تيمبرات من كل بلايص الدنيا. كل تمبرة كانت تحكي حكاية من رحلات الجد الكبار. وبهادوك التيمبرات، الدري صغير سافر لكل العالم بلا ما يخرج من بيتو. ",Algerian
" في ليلة باردة بأحد الفنادق القديمة، دخلت امرأة الغرفة رقم ثلاثة سبعة عشر مرتجفة من البرد. نظرت حولها ولاحظت أن النافذة مفتوحة، فأسرعت إلى إغلاقها. شعرت بالبرودة تخترق عظامها فنادت الموظف المسؤول قائلة ""هذه غرفة ثلاثة سبعة عشر. يمكنني أخذ بطانية أخرى؟"" أحضر لها الموظف بطانية دافئة وعرض عليها كوباً من الشاي الساخن لتدفئتها. "," في واحد الليلة باردة في واحد من الفنادق القديمة، دخلت وحدة الفام دار رقم تلاتة سبعطاش تترعش من البرد. شافت حواليها ولاحظت بلي النافذة مهبولة، قاستها بالزربة. حست بالبرد يخترق لها العظام وصرخت للموظف اللي قاعد تما قالتلو ""هادي دار تلاتة سبعطاش. يقدر ناخد بطانية أخرى؟"" جابلها الموظف بطانية سخونة وعرضلها كاس ديال الأتاي باش تتدفى. ",Algerian
 كان يحتاج خالد إلى الوصول للمحطة بسرعة ليلحق بالقطار. سأل السائق المجاور إن كان يستطيع أن يوصله في خمس عشرة دقيقة. بمهارة، تفادى السائق الزحام وسار بسرعة. وصل خالد إلى المحطة بالوقت المحدد وشكر السائق على مجهوده. , خالد كان محتاج يوصل للمحطة بالسرعة باش يلحق الطرامواي. سقسى الشافور إذا يقدر يوصلو في خمسطاش دقيقة. بمهارة، درّك الشافور بين الزحمة ومشى بالزربة. وصل خالد للمحطة في الوقت لي معين وشكر الشافور على مجهودو. ,Algerian
 اضطر محمد للبحث عن مصرف يقبل رهن العربة لأنه كان بحاجة ماسة للمال. وجد مصرفاً وافق على منحه القرض مقابل رهن السيارة. أتم محمد الإجراءات وحصل على المبلغ الذي يحتاجه. وبذلك استطاع أن يدفع مصاريف العلاج الضرورية لوالدته المريضة. , محمد كان مضطر يقلب على بنك يقبل يرهن الطموبيل حيت كان محتاج للفلوس بزاف. لقى بنك رضي يعطيه القرض بشرط يرهن الطموبيل. سالا محمد الإجراءات وجاب الفلوس اللي كان محتاجهم. وهكذا قدر يخلص لعلاج ديال ميمتو المريضة. ,Algerian
 ارتطم بي شخص في السوق المزدحم، وعندما وقعت على الأرض، ساعدني في النهوض. بعد أن رحل الشخص، تفقدت جيوبي لأجد أن محفظتي قد سرقت. شعرت بالغضب والحيرة، وتوجهت مباشرة إلى مركز الشرطة لتقديم بلاغ. , فالسوق لي كان عامر، شي واحد دفعني وملي طحت ساعدني نقوم. كيما زاد، حوست فجيوبي ولقيت البورتفي مخطوف. تعصبت وما فهمت والو، ومشيت لمركز الشرطة باش ندير بلاغ. ,Algerian
 عندما وصلت إلى الفندق، أخبرتني الاستقبالية أنه لا يوجد أماكن شاغرة بالغرف ذات السرير الواحد. لكنها اقترحت علي الإقامة في غرفة مزدوجة بنفس السعر. وافقت على العرض بسعادة واستلمت مفتاح الغرفة. وفي تلك الليلة، قابلت زميل الغرفة الجديد الذي أصبح صديقي المقرب. , وقتلي وصلت للهوتيل، السيكريتيرة قالتلي ما كاينش بلاصة فالبيوت اللي فيها نومة وحدة. ولكن عرضت عليا نبات فبيت مزدوج بنفس الثمن. وافقت بالفرحة وشديت مفتاح البيت. وفي العشية هاديك، تلاقيت بالشخص اللي سكن معايا في البيت وصار صاحبي المقرب. ,Algerian
 كان لدى علي تذكرة حفل موسيقي مهمة جدًا. تفقد التذكرة ورأى أنها ليوم محدد فقط. شعر بالقلق لأنه لم يكن متأكدًا إذا كان بإمكانه الذهاب في ذلك اليوم. قرر في النهاية الاتصال بالمنظمين ليتأكد من صلاحية التذكرة. , عندو علي تيكي ديال حفلة موسيقية مهمة بزاف. شاف في التيكي ولاحظ بلي هي غير ليوم معين. حس بالقلق حيت ما كانش متأكد واش يقدر يمشي فذاك النهار. في الأخير قرر يتصل بالمنظمين باش يتأكد واش التيكي تاعو باقي صالحة. ,Algerian
 وصل أحمد إلى ميلانو في الصباح الباكر. كانت المدينة تنبض بالحياة والأناقة. قرر أن يتجول في شوارعها ويستمتع بمعالمها. في المساء، التقى بأصدقاء قدماء وتناولوا العشاء معًا. , أحمد وصل لميلانو فالصباح الباكر. المدينة كانت مليئة بالحياة والشياكة. قرر يدور في الشوارع ويستمتع بالمناظر. فالعشية، تلاقى مع صحابو القدام وكلاو مع بعضاهم. ,Algerian
" في مكتب صغير بقلب المدينة، سأل مدير الموارد البشرية الجديد العاملين: ""هل لديكم شخص يتحدث اليابانية؟"" فرفع يوسف يده مترددًا، ليس لأنه يتقنها تمامًا ولكن لأنه كان يدرسها لبضعة أشهر. أدرك المدير أن يوسف يملك الشغف وقدرة التعلم، فقرر إعطاؤه فرصة. وبعد عام، أصبح يوسف المترجم الرئيسي لكل المراسلات مع الشركاء اليابانيين. "," في بيرو صغير في قلب البلاصة، سأل الشاف الجديد لي في الريسورس إيمان: ""عندكم شي حد يهدر ياباني؟"" يوسف رفع يده بالشوية، ماشي حيت كان يعرفها مليح ولكن حيت كان قاعد يقراها لشحال من لوقت. الشاف تفهم بلي يوسف عندو العزيمة وقادر يتعلم، فقرر يعطيه الفرصة. وبعد عام، ولا يوسف المترجم الأساسي للمراسلات مع الشركاء اليابانيين. ",Algerian
 في إحدى القرى النائية، كان هناك رجل عجوز يعزف الموسيقى الشعبية على الراديو القديم. وفي كل مساء، كانت العائلات تتجمع حول النار للاستماع إلى الألحان التي تذاع من المحطة المحلية. ذات ليلة، قرر الشاب محمود أن يتعلم العزف ليحافظ على تقاليد قريته. بمرور الوقت، أصبح محمود معلماً للموسيقى الشعبية واستمرت المحطة في البث دون انقطاع. , في واحد من القراوي البعيدة، كان هناك شيخ كبير يلعب الموسيقى الشعبية على الراديو القديم. وفي كل عشية، العائلات تجمعوا حول النار باش يسمعوا للألحان اللي تجي من الستاسيون المحلي. في واحد الليلة، الشاب محمود قرر يتعلم كيف يلعب الموسيقى باش يحافظ على التقاليد ديال القرية. مع الوقت، محمود ولا يعلم الموسيقى الشعبية والستاسيون بقات تبث بلا انقطاع. ,Algerian
 في يوم مشمس، قرر أحمد أن يسافر عبر شركة الخطوط الجوية دلتا إلى نيويورك. حجز تذكرته بسهولة عبر الإنترنت وبدأ يستعد لرحلته بحماس. وصل إلى المطار مبكرًا، ومر بإجراءات الأمن دون مشاكل. بعد الإقلاع، استمتع بخدمة الضيافة على متن الطائرة وتأمل السماء الزرقاء خلال الرحلة. , في نهار مشرق، أحمد قرر يروح بشركة الخطوط الجوية دلتا لنيويورك. حجز البيلي ديالو بسهولة على الأنترنت وبدا يستعد للفوياج بفرحة. وصل للمطار بكري، وتمر من الأمن بلا مشاكل. من بعد ما طلع الطيارة، تمتع بالخدمة وتفرج في السما الزرقاء طول الرحلة. ,Algerian
 في أحد الأيام، قرر خالد أن يشتري إبريق قهوة جديد لأن القديم قد تكسر. ذهب إلى السوق وبحث في كل مكان حتى وجد إبريقًا أنيقًا يناسب ذوقه. بعد الشراء، عاد إلى المنزل وقام بإعداد أول قهوة في إبريقه الجديد ودعا أصدقائه لتذوقها. استمتع الجميع بالقهوة وأثنوا على جودة الإبريق الجديد. , واحد النهار، خالد قرر يشري براد قهوة جديد لأن القديم تهرس. مشى للسوق وفتش في كل بلاصة حتى لقى براد شاب يناسب ذوقو. بعد ما شراه، رجع للدار وحضر أول قهوة في البراد الجديد وعزم صحابو يذوقوها. الكل تمتعوا بالقهوة ومدحوا في البراد الجديد. ,Algerian
" في يوم من الأيام، بحث علي عن بيت جديد للإيجار. عندما وصل إلى البيت الذي أعجبه، سأل صاحب العقار: ""هل تحتوي على حمام ومرحاض؟"". أجابه الرجل بابتسامة: ""بالطبع، وهما مجهزان بأحدث التجهيزات"". فأحس علي بالراحة، لأنه كان يبحث عن المرافق الحديثة في منزله الجديد. "," واحد النهار، علي كان كييفر في دار جديدة باش يكريها. وقتاش وصل للدار اللي عجباتو، سول صاحب الدار: ""واش فيها حمام وطواليت؟"". صاحب الدار ضحك وقالو: ""طبعا، كلش موجود ومجهز بالجديد"". علي تنهد بالراحة، حيت كان كيقلب على الشويات الحديثة في الدار الجديدة ديالو. ",Algerian
 كان هناك طالب يدرس للامتحان طوال الليل، وعندما جاء وقت الامتحان، شعر بالإرهاق الشديد. حاول التركيز ولكنه لم يستطع تذكر المعلومات جيداً. عندما نظر إلى الساعة، أدرك أن الوقت انتهى. شعر بخيبة أمل كبيرة وعزم على تنظيم وقته بشكل أفضل في المستقبل. , كان هناك طالب يقرا للامتحان طول الليل، وملّي جا وقت الامتحان، حس بتعب شديد. حاول يركز لكن ما عرفش يفكر مليح في المعلومات. ملّي شاف الساعة، عرف بلي الوقت سالا. حس بخيبة كبيرة وقرر ينظم وقتو أحسن للمرة الجاية. ,Algerian
 سمعت أن السيد يامادا عنده ولدان، فقررت أن أزوره في منزله الكبير. وعندما وصلت، رأيت الأولاد يلعبون في الحديقة وهما سعيدان جدا. السيد يامادا استقبلني بحفاوة وأظهر لي مكتبته الضخمة. وقبل أن أغادر، أهداني كتاباً قيماً كان يقرأه لأولاده كل ليلة. , سمعت بلي السي يامادا عندو ولدين، حبيت نزورو في دارو الكبيرة. وقتلي وصلت، شفت الولاد يلعبو في الحديقة وفرحانين بزاف. السي يامادا استقبلني مليح ووراني مكتبتو الكبيرة. وقبل ما نروح، عطاني كتاب قيم كان يقراه للولاد كل ليلة. ,Algerian
 كنت أحلم دائمًا بالإبحار في البحر الأزرق الواسع، وفي يوم مشمس، قررت أن أحقق حلمي. أود أن أستأجر قارب شراعي فبدأت بالبحث عن مكان للإيجار. وجدت المكان المثالي وتعلمت أساسيات الإبحار. أخيرًا، أبحرت وشعرت بحرية لم أشعر بها من قبل. , ديما كنت نحلم بالإبحار فالبحر الأزرق الكبير، وفي يوم مشرق، قررت نحقق حلمي. بغيت نكري قارب شراعي، باش بديت نقلب على بلاصة نكري منها. لقيت البلاصة لي تناسب وتعلمت الأساسيات ديال الإبحار. وأخيرًا، رحت للبحر وحسيت بحرية ما حسيتش بيها قبل. ,Algerian
" في يومٍ مشمس، سألت الأم ابنها: ""هل بإمكانك عمل الأطباق في وقت لاحق؟"" فأجاب الابن بابتسامة وأكمل لعبته. بعد ساعات، وقف الابن في المطبخ يغسل الأطباق بينما يستمع إلى الموسيقى. شعر بسعادة لأنه أوفى بوعده لأمه. "," في نهار شمسي، الأم قالت لوليدها: ""واش راك قادر تروح تغسل الماعون بعد شوية؟"" الولد ضحك وكمل يلعب. بعد مدة، وقف الوليد فالكوزينة يغسل الماعون وهو يسمع للموسيقى. حس بالفرحة حيت وفى بالوعد لي قال لأمه. ",Algerian
 كان أحمد في حاجة إلى موقد غاز جديد لمطبخه. ذهب إلى السوق وبحث في عدة محلات. وجد موقدًا يناسب ميزانيته واحتياجاته. قام بشرائه وعاد إلى منزله سعيدًا. , أحمد كان يحتاج لبوتاجاز جديد للكوزينة ديالو. مشى للسوق ودار لعدة حوانيت. لقى واحد مناسب لبوجيه ديالو ولبغياتو. شراه ورجع لدارو فرحان. ,Algerian
" كان يوسف يمتلك مبلغا من الدولارات الأمريكية وأراد تغييرها إلى جنيهات إسترلينية لرحلته إلى لندن. فذهب إلى مكتب الصرافة وسأل الصراف: ""هل يمكنك تغيير الدولارات الأمريكية إلى جنيهات إسترلينية؟"" فأجابه الصراف بأن السعر الحالي ممتاز للتحويل. فسر يوسف بذلك وقام بتبديل المبلغ، متطلعا لزيارة معالم لندن الشهيرة. "," يوسف كان عندو دولارات أمريكية وحب يبدلهم للجنيهات الإسترلينية باش يروح لندن. مشى لطبلية الصرافة وسقسا الصراف: ""قادر تبدلي الدولارات الأمريكية بالجنيهات الإسترلينية؟"" الصراف جاوبو بلي السعر مليح للتصريف. يوسف فرح بالخبر وبدل الفلوس، متحمس يزور العجائب ديال لندن. ",Algerian
 بالتأكيد يا سيدي. ما اسمك؟ قال الرجل العجوز وهو ينظر إليّ بعينين تملؤهما الحكمة. أجبته بأدب: اسمي عمر يا عمي. ثم سألني عن قصتي وكأنه يعرف أن هناك شيئاً ما خلف ستار الكلمات. وبعد حديث طويل، أدركت أن هذا الرجل قد يكون مفتاح حل لغز ماضي عائلتي. , طبعا سيدي. شنو اسمك؟ قال لي الراجل العجوز وهو يشوف فيا بعيون مليانة حِكمة. جاوبته بلطافة: اسمي عمر يا عمي. بعدها سقساني على قصتي كأنه يعرف بلي فيه شيء مور الكلام. وبعد مدة طويلة من الهدرة، فهمت بلي هذا الراجل يمكن يكون المفتاح لحل أسرار تاريخ عائلتي. ,Algerian
" في أحد الأيام, ذهب أحمد إلى عمله دون أن يلتزم بالزي الرسمي المعتاد. لاحظ رئيسه ذلك واستدعاه لمكتبه ليسأله عن السبب. أخبره أحمد أن ملابسه الرسمية تضررت بسبب عطل في الغسالة. تفهم الرئيس الموقف وسمح له بالعمل بملابسه العادية لهذا اليوم. "," في واحد النهار, راح أحمد للخدمة من غير ما يلبس اللباس الرسمي. لاحظو المدير وعيطلو باش يسقسيه علاه ما لبسش كيما الناس. قالو أحمد بلي اللماشين ديالو خرب وما حبسش لباسو الرسمي. المدير فهم الوضع وقالو يخدم بلباسو العادي لهاد اليوم. ",Algerian
 ارجوا أن تحضر المرة القادمة فقط. عندما جاءت الفرصة التالية، لبى أحمد الدعوة وحضر. وجد نفسه في تجمع مليء بالمثقفين والأدباء. استمتع بالحديث معهم، وتعلم الكثير. , نتمنى تجي المرة الجاية وبس. وقتاش جات الفرصة اللي بعدها، أحمد استجاب للدعوة وحضر. لقى روحو في تجمع عامر بالمثقفين والأدباء. استمتع بالدردشة معاهم وتعلم بزاف. ,Algerian
 كان يحيى غير متأكد إذا كان قد حزم ملابس كافية لرحلة مدتها ثلاثة أيام. فتح الحقيبة مرة أخرى وأضاف بعض القمصان والجوارب. لم ينسَ أخذ شاحن الهاتف والكاميرا لتوثيق اللحظات. وعندما وصل الى وجهته، شعر بالراحة لأنه أعد كل شيء بشكل جيد. , يحيى ما كانش متأكد واش راه حاكم بزاف ديال الحوايج لفوياج ديال ثلاثة أيام. حل الفاليز تاني وزاد شوية قمجات وكلاكيت. ما نساش يدي معاه شارجور ديال البورتاب والكاميرا باش يصور الذكريات. وملي وصل لوجهتو، حس بالارتياح حيت كان حاكم كلشي مليح. ,Algerian
 في يوم من الأيام، وجد أحمد عملة نادرة وقيمتها دولاران لكل واحدة. قرر بيعها في المزاد العالمي. تجمع الناس من كل مكان لرؤية العملة النادرة. وفي النهاية، بيعت العملة بألف دولار. , في نهار، لقى أحمد سكة نادرة وتساوي دولارين للواحدة. قرر يبيعها في مزاد عالمي. الناس تجمعوا من كل بلاصة باش يشوفو السكة النادرة. وفي الأخير، بيعت السكة بألف دولار. ,Algerian
 لقد تأكدنا جميعا من أن الكراسات قد أرسلت إليكم عن طريق البريد. في اليوم التالي، كان الجميع في المكتب يترقبون وصول الرد. لكن مرت الأيام ولم تأت أي إشارة من المستلم. وأخيرًا، بعد أسبوعين، وصلت برقية تؤكد استلام الكراسات وشكرهم على المحتوى القيم. , كامل تأكدنا بلي الدفاتر ترسلتلكم عبر البريد. اليوم الي بعدو، كل واحد في الإدارة كان يتسنى في الرد. ولكن مرقت الأيام وما جانا حتى إشارة من الي استلم. وأخيرًا، بعد جوج سيمانات، وصلتنا برقية تأكد استلام الدفاتر وشكرونا على المحتوى المفيد. ,Algerian
 في أحد الأيام، وجد حسام أن الكاشفات الخلفية لسيارته لا تعمل. قرر أن يفحص المشكلة بنفسه قبل الذهاب إلى الورشة. بعد فحص دقيق، اكتشف أن هناك فقط مصباح محترق. استبدله حسام وعادت الكاشفات لتعمل بكفاءة. , واحد النهار، حسام لقى بلي الفوانيس الخلفية ديال الطوموبيل ما كاينش يخدمو. قرر يشوف الخلل بنفسه قبل لا يروح للورشة. ولما دقق مليح، اكتشف بلي كاين غير مصباح محروق. بدّلو حسام والفوانيس رجعو يخدمو مليح. ,Algerian
 ذهب يوسف إلى السوق ليشتري قفازات جلدية. وجد محلاً يعرض أنواعاً مختلفة وطلب من البائع أن يريه بعضها. جرب يوسف عدة قفازات حتى وجد الزوج المناسب. شعر بالرضا عندما اشترى القفازات الجلدية المثالية. , يوسف راح للسوق باش يشري قفازات جلدية. لقى حانوت فيه بزاف الأنواع وطلب من البائع يوريه شوية. بروبا يوسف بزاف ديال القفازات حتى لقى اللي يناسبو. حس بالرضا ملي شرا القفازات الجلدية لي عجبوهم. ,Algerian
 لقد تعطلت العربة في طريق ناء. استدعى أحمد الميكانيكي على الفور. وصل الميكانيكي بأدواته وبدأ بالعمل. بعد ساعة، عادت العربة للعمل مجدداً. , الكارة توقفت في طريق بعيد. أحمد صونا للميكانيكي ديراكت. الميكانيكي جا بزربية ديالو وبدا الخدمة. واحد الساعة ولا الكارة خدمت مرة أخرى. ,Algerian
 في يوم من الأيام كان هناك طفل يدعى يوسف يبلغ من العمر ست سنوات، كان يحب القراءة كثيرًا. ذهب يوسف مع والدته إلى المكتبة ليختار كتابًا مصورًا. وجد كتابًا عن المغامرات الفضائية وأحبه من النظرة الأولى. أصبحت قصص الفضاء موضوعه المفضل وكان يحلم بأن يصبح رائد فضاء. , فـ يوم من الأيام كان في ولد سمو يوسف عندو ست سنين، كيما يحب بزاف يقرا. يوسف مشى مع ماماه للمكتبة باش يشري كتاب فيه صور. لقى واحد الكتاب على الفضاء وعجبو بزاف من أول نظرة. دابا، روايات الفضاء ولات الشيء لي يحبه وكان يحلم يولي رائد فضاء. ,Algerian
 طلب أحمد من جاره محمود أن يحفظ له أشيائه الثمينة أثناء سفره. وافق محمود على ذلك بكل سرور واعدًا بأن يعتني بها كأنها له. لكن عندما عاد أحمد، وجد أن جاره قد انتقل إلى مدينة أخرى. شعر أحمد بخيبة أمل كبيرة، لكنه تعلم درسًا قيمًا عن الثقة. , أحمد سول جارو محمود باش يخلي عندو حوايجو الثمينة وقت ما يكون مسافر. محمود وافق بالفرحة وقالو غادي نحافظ عليهم كيما لو كانو حوايجي. ولكن، كي رجع أحمد، لقى بلي محمود راح لمدينة أخرى. حس بالخيبة أحمد وتعلم درس في الثقة. ,Algerian
 مرحباً هاري. أشكرك على دعوتك لنا. استقبل هاري الضيوف بحفاوة وأعد لهم مأدبة طعام شهية. تبادل الجميع الأحاديث والذكريات، وكان الجو مليئًا بالضحك والسرور. في نهاية الليل، شكر الضيوف هاري على كرمه ووعدوا بتكرار الزيارة. , مرحبا بيك هاري. شكرا على الدعوة تاعك. هاري استقبل الضياف بشوية وجدلهم واحد العشاء بنين. جماعة تبادلو الحديث والقصص، وكان الجو مليان بالضحك والفرح. فالآخر، الضياف شكرو هاري على جوده وقالو لازم نعاودو الزيارة. ,Algerian
 ذهب ماجد إلى المطعم الفرنسي الفاخر وطلب من النادل توصية لنوع نبيذ أبيض يتماشى مع وجبته. حسناً، أود أن أجرب النبيذ الأبيض، قال ماجد وهو يشير إلى القائمة. بعد أن تذوق النبيذ، وجد أن مذاقه رائع ويكمل الطعام بشكل مثالي. انتهى العشاء وماجد شعر بالسعادة من تجربته الجديدة وقرر أن يزور المطعم مرة أخرى. , ماجد مشى لريستوران فرنسي فخم وسول الغرسون يعطيه شوية نصائح على شراب النبيذ الأبيض لي يجي مع البلاتو ديالو. هاني، بغيت نجرب النبيذ الأبيض هذا، قال ماجد وهو يشير للميني. بعد ما ذاق النبيذ، تبان ليه بنين ويكمل الأكل بطريقة مليحة. العشا سالا وماجد حس بالفرحة من هاد التجربة الجديدة وحزم أمره يرجع للريستوران مرة أخرى. ,Algerian
 في ليلة مظلمة، قرر مجموعة من الأصدقاء زيارة السينما لمشاهدة فيلم رعب جديد. وبينما هم جالسون ينتظرون بدء العرض، شعروا بأجواء غامضة تحيط بهم. إنهم في السينما حتى وقتنا هذا، يندمجون مع أحداث الفيلم المثيرة. وبعد انتهاء الفيلم، خرجوا وهم يتحدثون عن مدى روعته ويخططون لزيارة أخرى. , في واحد الليلة ظلمة، قررت واحد الجماعة من الصحاب يروحوا السينما باش يتفرجوا في فيلم خوف جديد. وهوما جالسين يستناو الفيلم يبدا، حسوا بروح غريبة تدور عليهم. هوما دابا في السينما حتى لدابا، ماصيين مع الأحداث المشوقة ديال الفيلم. وكي سالا الفيلم، خرجوا كي يهدروا على قداش الفيلم كان عظيم ويخططوا لزيارة أخرى. ,Algerian
 في يومٍ مشمس، وجد علي حقيبةً في الطريق وبداخلها مبلغ كبير من المال. شعر بالحيرة فيما يجب أن يفعل، ولكن قرر في النهاية أن يبحث عن صاحب الحقيبة. بعد أيام من البحث، عثر علي على صاحب الحقيبة الذي كان يبحث عنها بقلق. سلمها له، وكان صاحبها ممتناً جداً لأمانته، وأخبره أن بها حوالي ألف دولار. , فوقتاش الشمس طالعة، لقى علي صاك فالطريق وفيه شوية دالفلوس. حار في روحو واش يدير، ولكن قرر يلقى صاحب الصاك. بعد أيام من البحث، تعرف على صاحب الصاك اللي كان كييس عليه. عطاه الصاك، وصاحبو كان هايل فرحان بصدقو، وقال لو أن فيه حوالي ألف دولار. ,Algerian
 في يومٍ مشمسٍ، قرر أحمد الذهاب في نزهة إلى الغابة. وبينما هو يمشي، تعثر بجذر شجرة وسقط أرضاً، وهنا أدرك أن خطأه كان عدم الانتباه للطريق. وقف ونفض الغبار عن ملابسه، وابتسم متقبلاً الدرس الذي تعلمه. , فوقت الشمس شاعلة، أحمد قرر يروح يتمشى في الغابة. وهو يمشي، تعكرز بجذر شجرة وطاح على الأرض، وهنايا فهم بلي الغلط كان منو حيت ما كانش حاضي الطريق. ناض ونفض التراب من على لبسة، وتبسم مقبل الدرس اللي تعلمو. ,Algerian
 وجد محمود نفسه بحاجة لمشابك الغسيل بعد أن تساقطت الأمطار. فقد كان ينشر الغسيل في الخارج ولم يتوقع هطول الأمطار. أسرع في جمع الملابس المبتلة ولكنه اكتشف أن المشابك لم تعد كافية. توجه إلى السوق لشراء مشابك جديدة ليتمكن من نشر الغسيل مجدداً. , محمود لقى روحو محتاج لبينات الغسيل بعد ما الشتا نزلت. كان حابس الحوايج برا وما توقعش يجي الشتا. دار بسرعة يجمع الثياب اللي تبلت لكن اكتشف بلي البينات ما يكفوش. مشى للسوق باش يشري بينات جدد باش يقدر يعلق الحوايج مرة أخرى. ,Algerian
" في أحد الأيام، سأل محمد صديقه أحمد عن مصدر الأقراص المدمجة التي يبيعها في متجره. فأجاب أحمد بابتسامة، ""هذه الأقراص مستوردة من بلدان عديدة لضمان جودة عالية."" ثم تحدثا عن كيفية تأثير الجودة على رضا الزبائن. وفي النهاية، قرر محمد أن يطلب دفعة من الأقراص المدمجة لمتجره. "," واحد النهار، محمد سقسى صاحبو أحمد وين جاب السي ديهات اللي يبيع في محلو. أحمد ضحك وقالو، ""هاذو السي ديهات راهم مجيبينهم من بزاف ديال الدول باش نضمنو الجودة العالية."" وبعد، دردشو على كيفاه الجودة تأثر على رضى الزبائن. وفي الآخر، محمد قرر يجيب دفعة من السي ديهات لمحلو. ",Algerian
 قرر أحمد أن يدرس المحادثة بالإنجليزية لتحسين لغته. انضم إلى دورة مكثفة وبدأ يمارس يوميًا مع زملائه. شعر بتحسن كبير في قدرته على التواصل. بعد عدة أشهر، أصبح قادرًا على إجراء محادثات معقدة بطلاقة. , أحمد قرر يقرا الحوار بالإنجليزية باش يحسّن لغتو. دخل لقسمة مكثفة وبدا يتدرب كل نهار مع صحابو. حس بتحسن بزاف في الكلام. ورا شهور، ولا قادر يدير حديث صعيب بالإنجليزية بلا مشكل. ,Algerian
 لقد قرأت مؤخرًا كتابًا يتحدث عن الشجاعة والإصرار. كانت الشخصية الرئيسية فتاة تواجه تحديات كثيرة ولكنها لم تستسلم أبدًا. في كل مرة تسقط، تنهض أقوى مما كانت عليه. الكتاب علمني أن الإرادة يمكن أن تغير الواقع. , قريت مؤخراً كتاب على الشجاعة و الإصرار. الشخصية المركزية كانت بنت تواجه تحديات بزاف ولكن ما استسلمتش. في كل مرة تطيح، تنوض أقوى من قبل. هذا الكتاب علمني بلي الإرادة تقدر تبدل الواقع. ,Algerian
 سافر أحمد إلى نيويورك ليبدأ عملاً جديداً، وقرر أن يقيم مع صديق قديم هناك. خلال إقامته، تعرف على ثقافة المدينة الفريدة وأصبح يحب الحياة فيها. عمل جاهداً وأصبح معروفاً في مجاله. ومع الوقت، استطاع أن يحصل على شقة خاصة به في قلب المدينة. , أحمد راح لنيويورك باش يبدا خدمة جديدة، وقرر يسكن مع صاحبو القديم تماك. وهو هناك، تعرف على ثقافة المدينة اللي هي فريدة وولف بيها. خدم بزاف وصار معروف في دومينو. ومع الوقت، تحصل على دار في وسط المدينة. ,Algerian
 إذا سأل أحد عني فأخبره بأني سوف أكون بالمقهى. ذهبت إلى المقهى المعتاد لأقابل صديقا قديما. جلست أنتظره وسط رائحة القهوة العربية الزكية. ولكن مرت الساعات ولم يأت صديقي كما وعد. في النهاية، قررت أن أغادر وأنا أشعر بخيبة أمل. , إذا سأل واحد عليا قول لو راني ح نكون في القهوة. مشيت للقهوة لي نروحلها ديما باش نتلاقى مع صاحبي القديم. قعدت نستناه وسط ريحة القهوة العربية الطيبة. لكن مرقت الوقت وما جاش صاحبي كيما واعد. فالآخر قررت نمشي وأنا مخيب روحي. ,Algerian
 أنا متأكد أني وضعتها بالجيب الداخلي للمعطف. ولكن عندما بحثت عنها، لم أجدها. شعرت بالقلق وبدأت بالبحث في كل مكان. وفي النهاية، وجدتها تحت الكرسي. , أنا متأكد حطيتها في لجيب الداخلي ديال القبعة. ولكن كي فتشت عليها، ما لقيتهاش. توترت وبديت نقلب في كل بلاصة. وفي الآخر، لقيتها تحت الكرسي. ,Algerian
" وجد أحمد نفسه في مدينة جديدة، وكان يحمل أمتعة ثقيلة. سأل أحمد الحارس: ""هل عندك مكان من الممكن أن أترك فيه أمتعتي؟"" فأشار الحارس إلى غرفة صغيرة خصصت لتخزين الأمتعة. شعر أحمد بارتياح كبير عندما ترك حقائبه وبدأ يستكشف المدينة بحرية. "," أحمد لقى روحو في بلاصة جديدة، وكان يشيل معاه أمتعة ثقيلة. سقسا الحارس: ""عندك بلاصة نقدر نخلي فيها أمتعتي؟"" الحارس شار لو على بيت صغير مخصوص لحفظ الأمتعة. أحمد حس براحة كبيرة لما خلا حوايجو وشد روحو يكتشف المدينة بلا هم. ",Algerian
 جئت إلى المدينة لأنجز مهمة مهمة. في أثناء تجولي، صادفت رجلاً يحتاج المساعدة. قررت أن أقدم له يد العون، فتأخرت عن عملي. في النهاية، كانت المساعدة التي قدمتها أهم من العمل الذي أتيت لأجله. , جيت للمدينة باش نكمل مهمة مهمة. وأنا نتمشى، قابلت واحد يحتاج مساعدة. قررت نعاونو، وعلى هذا تأخرت على خدمتي. في الأخير، المساعدة الي قدمتها كانت أهم من الخدمة الي جيت على شانها. ,Algerian
 كان أحمد يبحث عن مدرسة غوص ليتعلم فيها. وجد واحدة مشهورة بمدربيها الماهرين وسجل فيها. تعلم الغوص بسرعة وأصبح من الغواصين المحترفين. الآن يعمل مدربًا في نفس المدرسة ليعلم الآخرين. , أحمد كان يقلب على مدرسة غطس باش يتعلم فيها. لقى واحدة معروفة بالمدربين تاعها الماهرين وسجل فيها. تعلم الغطس بزربة وصار من الغطاسين المحترفين. دابا يخدم مدرب في نفس المدرسة باش يعلم الناس. ,Algerian
" في أحد الأسواق الصاخبة، سأل خالد البائع: ""كم يكون السعر شاملاً الضرائب؟"" فأجابه البائع بابتسامة: ""السعر مع الضرائب سيكون مائة ريال."" شعر خالد بالرضا لأن السعر كان مناسباً، فقرر شراء القطعة على الفور. وبذلك، غادر خالد السوق وهو يحمل مشترياته، مسروراً بتجربة الشراء الناجحة. "," في سوق شوية مزدحم، خالد سقسى البايع: ""شحال يكون الثمن بالضرائب كاملة؟"" البايع ضحك وجاوبو: ""الثمن مع الضرائب غادي يكون مية دينار."" خالد حس بالراحة لأن الثمن كان معقول، حب يشري الحاجة ديريكت. وبهذا، خرج خالد من السوق وهو يحمل لي شرا، مفرح بالخدمة لي جاتو مليحة. ",Algerian
" في أحد الأيام، كان هناك رجل يأكل الشاورما بشهية كبيرة. وبينما هو منهمك في الأكل، سقطت قطعة من اللحم على قميصه الأبيض. صاح بدهشة وإزعاج: ""أعطني بعض المناديل الورقية!"" فأسرع النادل ليساعده، وابتسم الجميع لطرافة الموقف. "," في واحد النهار، كان هناك واحد راجل كيفاه ياكل في الشاورما بنهم. وهو مشغول بالأكل، طاحتلو حتة من اللحم على قميجتو البيضة. صرخ بالتعجب والعصبية: ""عطيني شوية مناديل ورقية!"" السرفور دار عجالة باش يعاونو، وضحكو كامل على الموقف. ",Algerian
 في الشقة المجاورة، يعيش شاب يحب الاستمتاع بوقته مع أصدقائه. كان دائمًا يقيم الحفلات التي تستمر حتى الصباح. أزعجت الضوضاء الدائمة الجيران الهادئين. في النهاية، قرروا التحدث معه وتوصلوا إلى حل يرضي الجميع. , في الدار اللي جنبنا، واحد الشاب عايش يحب يمرح مع صحابو. ديما كاين يدير السهرات للصباح. الضجة الكبيرة خلقت إزعاج للجيران اللي يحبو الهدوء. في الأخير، قرروا يهدروا معاه ولقاو حل يرضي الجميع. ,Algerian
 نعم ، دكتور كريبس لا يفحص أي مريض بدون موعد مسبق. في يوم من الأيام، حاول مريض الدخول بدون موعد، لكن الدكتور رفض. شعر المريض باليأس وجلس خارج العيادة ينتظر. بعد ساعات، شعر الدكتور بالرحمة وقرر فحص المريض. , أيه، الدكتور كريبس ما يفحص حتى مريض بلا موعد مسبق. في نهار، واحد حاول يدخل بلا موعد، لكن الطبيب رفضو. المريض حس باليأس وقعد برا العيادة يستنى. بعد ساعات، الطبيب تحنن عليه وقرر يفحصو. ,Algerian
 هل يمكن أن تخبرين باسم ورقم الطرف الذي تريد الاتصال به؟، فقد كانت ريم تحاول الوصول إلى صديقتها القديمة ليلى ولكنها نسيت رقمها. بحثت في دفتر عناوينها القديم دون جدوى، فقررت الاستعانة بخدمة الاستعلامات الهاتفية. استجابت الموظفة على الطرف الآخر بكل أدب وقدمت لها المعلومات اللازمة. وبفضل هذه المساعدة، تمكنت ريم أخيرًا من الاتصال بليلى واستعادتا ذكريات الأيام الجميلة التي قضتاها معًا. , وش الإسم ورقم الطرف لي حابة تتصلي بيه؟، ريم كانت تحوس توصل لصاحبتها القديمة ليلى ولكن نست رقمها. دارت تفتيش في دفتر العناوين تاعها ما لقات والو، قررت تلجأ لخدمة الاستعلامات الهاتفية. الموظفة اللي في الطرف الثاني عطاتها المعلومات بأدب، وبالمساعدة هذي، ريم قدرت تتصل بليلى ورجعو يتذكرو في الأيام الشابة اللي قضاوها مع بعض. ,Algerian
" هل هذه هدية؟ سأل الطفل والده بفضول شديد. ابتسم الأب وأعطاه الصندوق الصغير، ""نعم يا بُني، هذه لك"". فتح الطفل الهدية بحماس ليجد داخلها ساعة جميلة. شعر بسعادة غامرة وعانق والده بحب. "," هادي هدية ولا شنو؟ سقسا الدري باباه بفضول شديد. البابا تبسم وعطاه البواطة الصغيرة، ""ايه يا وليدي، هادي ليك"". فتح الدري الكادو وهو مليح مفرح لقى فيها ساعة شابة. حس بفرحة كبيرة وعنق باباه بمحبة. ",Algerian
