MSA,Sudanese,lang
" ذهب خالد إلى المطعم وطلب محار الصخر. بعد لحظات من التفكير، سأل النادل ""هل لازال متاح لي أن أغير طلبي؟ أفضل سمك موسى بدلا من محار الصخر."" ابتسم النادل وأكد له أنه يمكن تغيير الطلب. شعر خالد بالسعادة وتطلع لتذوق سمك موسى الشهي. "," خالد راح لي المطعم وطلب محار الصخر. بعد شوية تفكير، قال للجرسون ""الزول، ممكن أغير طلبي ولا شنو؟ كنت أحب سمك موسى أحسن من محار الصخر."" الجرسون ضحك وقال ليهو إنو مافي مشكلة يغير. خالد اتبسط وانتظر سمك موسى بفارغ الصبر. ",Sudanese
" في يوم حار من أيام الصيف، دخل العم أحمد متجر الصرافة حاملاً يداً من الدولارات. طلب من الصراف تحويلها إلى جنيهات مصرية قائلاً ""من فضلك غير هذه الينات إلى جنيهات"". بابتسامته المعهودة، قام الصراف بعملية التحويل بسرعة وكفاءة. شكر العم أحمد الصراف وخرج من المتجر وقد ارتسمت على وجهه ابتسامة الرضا. "," في يوم حار من الأيام، العم أحمد دخل دكان الصرافة وفي إيدو حزمة من الدولارات. قال للصراف ""من فضلك غير دي الدولارات لي جنيهات"". الصراف بابتسامتو المعروفة، عمل ليهو الصرف بسرعة وحرفية. العم أحمد شكر الصراف ومشى من الدكان وعلى وشو ابتسامة الرضا. ",Sudanese
 أجرى الطبيب عملية استئصال الزائدة الدودية بنجاح. بعد العملية، استراح المريض في غرفته وكانت حالته تتحسن تدريجيًا. خلال فترة التعافي، حرص الطاقم الطبي على رعايته بشكل ممتاز. وأخيرًا، غادر المريض المستشفى بصحة جيدة وشعور بالامتنان العميق. , الدكتور عمل عملية استئصال الزائدة الدودية ونجح فيها. بعد ما خلصت العملية، المريض استراح في حجرته وبدأ يتحسن شوي شوي. الفريق الطبي كان دايمًا جنبه واعتنوا بيهو في فترة الراحة. وفي النهاية، المريض مشى من المستشفى بصحة كويسة وممتن جدًا. ,Sudanese
 ذهب محمد إلى المستشفى ليستلم فواتير علاجه الطبي. سأل الطبيب إذا ما كانت الفواتير تشمل كل التفاصيل. أكد الطبيب أن كل شيء موثق بدقة. شعر محمد بالارتياح لأنه سيتمكن من تقديم الوثائق لشركة التأمين. , محمد راح للمستشفى يستلم فواتير علاجو. سأل الدكتور لو الفواتير فيها كل التفاصيل. الدكتور قال ليهو كل حاجة مسجلة صاح. محمد حس براحة لأنه حيقدر يوري الورق لشركة التأمين. ,Sudanese
 كان أحمد يبحث عن قاموس جيب في المكتبة ليساعده في دراسته للغة الإنجليزية. وجد واحدًا مناسبًا، فقد كان صغيرًا وعمليًا. دفع ثمن القاموس وشعر بسعادة لأنه سيكون مفيدًا في رحلته القادمة. استعمله كل يوم وتحسنت لغته الإنجليزية بشكل ملحوظ. , أحمد كان بيدور على قاموس جيب صغير في المكتبة عشان يساعدو في دراستو للإنجليزي. لقا واحد كويس كده، صغير وينفع يستخدمو في أي مكان. دفع القروش وفرح لأنو ح ينفعو في سفرتو الجاية. استخدمو كل يوم ولغتو الإنجليزية بقت أحسن كتير. ,Sudanese
 حسناً، أنا لا أعلم ماذا حدث بالضبط، ولكن يبدو أن القط قد تسلق الشجرة ولم يستطع النزول. استدعينا رجال الإطفاء لمساعدته. وبعد جهود حثيثة، تمكنوا من إنقاذه. شكرتهم كثيرًا لأنهم أعادوا القط إلى أرض الأمان. , أيوه، أنا ما عارف شنو حصل بالضبط، لكن شكلها البسة طلعت الشجرة وما قدرت تنزل. يعني جبنا ناس الإطفاء يساعدوها. وبعد تعب شديد، قدروا ينقذوها. زول كترت شكري ليهم عشان رجعوا البسة للأمان. ,Sudanese
 مبروك، علمت أنه قد تم ترقيتك إلى نائب رئيس. في يوم الترقية، استعد خالد بكل حماس ليذهب إلى العمل. وعند وصوله، استقبله زملاؤه بالتصفيق والتهاني. شعر بالفخر والسعادة لهذا الإنجاز، وعزم على مواصلة العمل بجد وإخلاص. , مبروك، عرفت إنو اترقيت لنائب الرئيس. في يوم الترقية، خالد وقف جاهز ومتحمس يمشي للشغل. لما وصل، زمايلو استقبلوهو بالتشجيع والمباركات. حس بالفخر والفرحة بالإنجاز ده، وقرر يستمر يشتغل بجد وأمانة. ,Sudanese
 مساء بعد غد، سيعقد القرية احتفالاً كبيراً يشمل الألعاب النارية والرقص. وسيجتمع الناس من كل أنحاء المنطقة لمشاركة الفرح والمأكولات التقليدية. ستقدم الفرق الموسيقية عروضاً حية، وستكون الموسيقى ساحرة تملأ الأجواء. وبينما تغرب الشمس، ستضاء السماء بألوان الألعاب النارية، معلنة نهاية يوم لا يُنسى. , مسا بعد بكرة، القرية حاتعمل حفلة كبيرة فيها شمارات ورقيص. الناس حايجو من كل ناحية في الحوش عشان يفرحو وياكلو الأكل الأصيل. الفرق المزيكية حاتعزف لايف، والمزيكة حاتكون سِحِر تملي الجو. ولما تغرب الشمس، السما حاتتضوي بألوان الشمارات، وتقول ختام ليوم ما بنتسى. ,Sudanese
 في جنوب اليابان حيث البحار الدافئة، يوجد صياد قديم يعيش وحيدًا في بيت صغير. كل صباح، يأخذ قاربه الخشبي الصغير ويبحر بحثًا عن الأسماك. يتميز بالصبر والهدوء، ويعتبر البحر صديقه الوحيد. في المساء، يعود إلى قريته حاملاً ما اصطاده، ويشارك قصص البحر مع الأطفال. , في جنوب اليابان وين البحر دافي، في زول صياد كبير في السن ساكن لوحدو في بيت صغير. كل صباح، بمشي بقاربو الخشب الصغير يجدع في البحر يدور على السمك. بتحلى بالصبر والهدوء، وبعتبر البحر ده صاحبو الوحيد. برجع المغرب لدغريتو ومعاهو السمك الجابو، وبحكي للجهال حكاوي البحر. ,Sudanese
 اشترى أحمد تذكرة ذهاب وعودة إلى شيكاغو لحضور مؤتمر علمي. وصل إلى المدينة واستمتع بزيارة المعالم الشهيرة. التقى هناك بباحثين من مختلف دول العالم. عاد إلى وطنه مليئاً بالأفكار والخبرات الجديدة. , أحمد اشترى تذاكر روحة وجية لشيكاغو عشان يحضر مؤتمر علمي. وصل هناك وانبسط بزيارة الأماكن المشهورة. قابل ناس من جميع أنحاء العالم. رجع لبلدو حامل أفكار وخبرات جديدة. ,Sudanese
 في يوم من الأيام، قرر أحمد أن يجرب وجبة جديدة في المطعم المحلي. عندما قرأ القائمة، وجد خيارًا يحتوي على لحم خنزير مملح. ولكنه تذكر أن تناول لحم الخنزير محرم في دينه. فقرر أن يطلب طبقًا آخر يحتوي على الدجاج والأرز بدلًا من ذلك. , في يوم، أحمد قرر يجرب أكلة جديدة في مطعم الحي. لما قرأ المنيو، لقى خيار فيهو لحم خنزير مملح. بس تذكر إنو أكل لحم الخنزير حرام في دينا. فقرر يطلب طبق تاني فيهو دجاج ورز بدال داك. ,Sudanese
 في يوم مشمس، ذهب أحمد إلى المكتبة للدراسة. وجد مكاناً هادئاً بين الرفوف وبدأ بقراءة كتبه. بعد ساعات، انضمت إليه صديقته سارة لمساعدته. انتهى اليوم بنجاح حيث استطاع أحمد أن يفهم ويحل جميع المسائل الصعبة. , في يوم مشمس، راح أحمد للمكتبة يذاكر. لقى زاوية هادية وسط الدواليب وقعد يقرا في كتبو. بعد كم ساعة، جاتو صاحبتو سارة تساعدو. خلص اليوم بنجاح وأحمد فهم وحل كل الأسئلة الصعبة. ,Sudanese
" في يوم عاصف، احتاجت السيدة أمينة للذهاب إلى السوق بسرعة. وجدت صعوبة في إيقاف سيارة أجرة بسبب الأمطار الغزيرة. عندما اقتربت سيارة، صرخت قائلة: ""من فضلك، أسرع!"" وأخيرًا تمكنت من الوصول إلى وجهتها في الوقت المحدد. "," في يوم هباب، كانت أمينة عايزة تمشي السوق بسرعة. الزولة ما قادرة تلقى تاكسي عشان المطرة كانت شديدة. لما جات عربية جنبها، قالت بصوت عالي: ""الله يخليك، أديني سريع!"" وفي الآخر، وصلت لي وين كانت رايحة بالظبط في الوقت. ",Sudanese
 كان تاناب ينتظر صديقه عند الساعة السابعة. وعندما وصل الشخص الآخر، بدأت بينهما محادثة مهمة. تحدثا عن مشروع مشترك كانا يخططان له. وفي نهاية اللقاء، اتفقا على الخطوات القادمة وودع كل منهما الآخر بحرارة. , كان تاناب قاعد منتظر صاحبو عند الساعة سبعة. لما جا الزول التاني، اتونسوا في حاجة مهمة. كلموا بعض عن مشروع مع بعض حايمسكوهو. وختوا النقاط على الحروف للخطوات الجاية وفارقوا بعض وهما فرحانين. ,Sudanese
 التكييف لا يعمل، فقرر أحمد الاتصال بالصيانة. وصل الفني وتبين أن العطل بسيط ويمكن إصلاحه. بعد ساعة من العمل، عاد التكييف للعمل بكفاءة. شعر أحمد بالارتياح وهو يستعد لقضاء باقي اليوم براحة. , التكيف ما شغال، قام أحمد اتصل بالصيانة. الفني جا ولقى العطل بسيط وينعمل ليهو حل. بعد ساعة من الشغل، التكيف رجع شغال تمام. أحمد حس براحة وهسي جاهز يقضي باقي اليوم مرتاح. ,Sudanese
 كانت تستيقظ مبكراً كل يوم اثنين لتحضير الفطور لعائلتها. تعد البيض المقلي والخبز الطازج مع الشاي الساخن. بعد الانتهاء من الفطور، تبدأ في ترتيب البيت والاهتمام بالحديقة. أنها هكذا كل يوم اثنين، تملأ البيت بالحب والدفء. , كل يوم اتنين تقوم بدري تعمل الفطور للعيلة. بتجهز البيض المقلي والروتي الفريش والشاي الدافئ. بعد ما تخلص الفطور، تشيل في البيت وتراعي الجنينة. هكذا هي كل يوم اتنين، بتملي الدار بالحنان والدفا. ,Sudanese
" وصل محمد إلى المطار مبكرًا، وهو يحمل حقيبته بين يديه. سمع صوت المذيع يطلب منه التوجه إلى قاعة المغادرة الدولية. ودع أصدقائه قائلًا: ""من فضلك اذهب على قاعة المغادرة الدولية، أتمنى لك رحلة سعيدة"". صعد إلى الطائرة متطلعًا إلى مغامرته الجديدة بكل حماس. "," محمد وصل للمطار بدري وشايل شنطتو بين إيديهو. سمع صوت المذيع بيقول ليهو يمشي لي قاعة المغادرة الدولية. ودع صحابو وقال ليهم: ""من فضلكم امشوا لي قاعة المغادرة الدولية، أتمنى ليكم سفرة سعيدة"". طلع للطيارة وعينيهو مليانة بالحماس للمغامرة الجديدة. ",Sudanese
" كان أحمد يرغب في زيارة باريس لمشاهدة برج إيفل. فسأل وكيل السفر: ""هل لديك أية رحلات إلى باريس عبر قطار يوروستار؟"" وكيل السفر أكد له أن هناك رحلة متاحة الأسبوع المقبل. أحمد حجز تذكرته وتحمس للغاية لبدء مغامرته. "," أحمد كان عاوز يمشي باريس يشوف برج إيفل. فسأل وكيل السفر: ""عندكم سفريات لـ باريس بـ قطار يوروستار ولا شنو؟"" وكيل السفر قال ليهو في رحلة جاهزة الأسبوع الجاي. أحمد خت تذكرتو وفرح شديد عشان الرحلة. ",Sudanese
 كانت ساعة سيكو رقمية هدية من جدي. كل يوم، كانت تذكرني بالأوقات الجميلة التي قضيتها معه. ذات يوم، ضاعت الساعة وشعرت بحزن عميق. بعد البحث المتواصل، وجدتها تحت السرير، فعادت لي الذكريات السعيدة. , الساعة السيكو الديجتال ديك كانت هدية من جدي. كل يوم، كانت تفكرني بأيام حلوة قضيتا سوا. في يوم من الأيام، اتضيعت الساعة وحسيت بحزن كبير. بعد ما دورت كتير، لقيتها تحت السرير، ورجعت لي الذكريات الحلوة. ,Sudanese
 لقد أحضرت الشهادة الطبية لطبيبي من اليابان. وعندما رآها، بدا معجبًا بالدقة والاحترافية التي كُتبت بها. ثم قرر أن يعتمد هذه الطريقة في عيادته. ومع الوقت، أصبحت العيادة مثالاً يُحتذى به في المدينة. , جبت الشهادة الطبية لدكتوري من اليابان. ولما شافها، عجب بالنضام والكتابة الفيها. بعدين قرر يطبق الطريقة دي في عيادتو. ومع الزمن، العيادة بقت مشهورة ومثال كويس في البلد. ,Sudanese
 ذهب محمد إلى المستشفى ليستلم فواتير علاجه الطبي. سأل الطبيب إذا ما كانت الفواتير تشمل كل التفاصيل. أكد الطبيب أن كل شيء موثق بدقة. شعر محمد بالارتياح لأنه سيتمكن من تقديم الوثائق لشركة التأمين. , محمد راح للمستشفى يستلم فواتير علاجو. سأل الدكتور لو الفواتير فيها كل التفاصيل. الدكتور قال ليهو كل حاجة مسجلة صاح. محمد حس براحة لأنه حيقدر يوري الورق لشركة التأمين. ,Sudanese
 كان أحمد يبحث عن قاموس جيب في المكتبة ليساعده في دراسته للغة الإنجليزية. وجد واحدًا مناسبًا، فقد كان صغيرًا وعمليًا. دفع ثمن القاموس وشعر بسعادة لأنه سيكون مفيدًا في رحلته القادمة. استعمله كل يوم وتحسنت لغته الإنجليزية بشكل ملحوظ. , أحمد كان بيدور على قاموس جيب صغير في المكتبة عشان يساعدو في دراستو للإنجليزي. لقا واحد كويس كده، صغير وينفع يستخدمو في أي مكان. دفع القروش وفرح لأنو ح ينفعو في سفرتو الجاية. استخدمو كل يوم ولغتو الإنجليزية بقت أحسن كتير. ,Sudanese
 حسناً، أنا لا أعلم ماذا حدث بالضبط، ولكن يبدو أن القط قد تسلق الشجرة ولم يستطع النزول. استدعينا رجال الإطفاء لمساعدته. وبعد جهود حثيثة، تمكنوا من إنقاذه. شكرتهم كثيرًا لأنهم أعادوا القط إلى أرض الأمان. , أيوه، أنا ما عارف شنو حصل بالضبط، لكن شكلها البسة طلعت الشجرة وما قدرت تنزل. يعني جبنا ناس الإطفاء يساعدوها. وبعد تعب شديد، قدروا ينقذوها. زول كترت شكري ليهم عشان رجعوا البسة للأمان. ,Sudanese
 مبروك، علمت أنه قد تم ترقيتك إلى نائب رئيس. في يوم الترقية، استعد خالد بكل حماس ليذهب إلى العمل. وعند وصوله، استقبله زملاؤه بالتصفيق والتهاني. شعر بالفخر والسعادة لهذا الإنجاز، وعزم على مواصلة العمل بجد وإخلاص. , مبروك، عرفت إنو اترقيت لنائب الرئيس. في يوم الترقية، خالد وقف جاهز ومتحمس يمشي للشغل. لما وصل، زمايلو استقبلوهو بالتشجيع والمباركات. حس بالفخر والفرحة بالإنجاز ده، وقرر يستمر يشتغل بجد وأمانة. ,Sudanese
 مساء بعد غد، سيعقد القرية احتفالاً كبيراً يشمل الألعاب النارية والرقص. وسيجتمع الناس من كل أنحاء المنطقة لمشاركة الفرح والمأكولات التقليدية. ستقدم الفرق الموسيقية عروضاً حية، وستكون الموسيقى ساحرة تملأ الأجواء. وبينما تغرب الشمس، ستضاء السماء بألوان الألعاب النارية، معلنة نهاية يوم لا يُنسى. , مسا بعد بكرة، القرية حاتعمل حفلة كبيرة فيها شمارات ورقيص. الناس حايجو من كل ناحية في الحوش عشان يفرحو وياكلو الأكل الأصيل. الفرق المزيكية حاتعزف لايف، والمزيكة حاتكون سِحِر تملي الجو. ولما تغرب الشمس، السما حاتتضوي بألوان الشمارات، وتقول ختام ليوم ما بنتسى. ,Sudanese
 في جنوب اليابان حيث البحار الدافئة، يوجد صياد قديم يعيش وحيدًا في بيت صغير. كل صباح، يأخذ قاربه الخشبي الصغير ويبحر بحثًا عن الأسماك. يتميز بالصبر والهدوء، ويعتبر البحر صديقه الوحيد. في المساء، يعود إلى قريته حاملاً ما اصطاده، ويشارك قصص البحر مع الأطفال. , في جنوب اليابان وين البحر دافي، في زول صياد كبير في السن ساكن لوحدو في بيت صغير. كل صباح، بمشي بقاربو الخشب الصغير يجدع في البحر يدور على السمك. بتحلى بالصبر والهدوء، وبعتبر البحر ده صاحبو الوحيد. برجع المغرب لدغريتو ومعاهو السمك الجابو، وبحكي للجهال حكاوي البحر. ,Sudanese
 اشترى أحمد تذكرة ذهاب وعودة إلى شيكاغو لحضور مؤتمر علمي. وصل إلى المدينة واستمتع بزيارة المعالم الشهيرة. التقى هناك بباحثين من مختلف دول العالم. عاد إلى وطنه مليئاً بالأفكار والخبرات الجديدة. , أحمد اشترى تذاكر روحة وجية لشيكاغو عشان يحضر مؤتمر علمي. وصل هناك وانبسط بزيارة الأماكن المشهورة. قابل ناس من جميع أنحاء العالم. رجع لبلدو حامل أفكار وخبرات جديدة. ,Sudanese
 في يوم من الأيام، قرر أحمد أن يجرب وجبة جديدة في المطعم المحلي. عندما قرأ القائمة، وجد خيارًا يحتوي على لحم خنزير مملح. ولكنه تذكر أن تناول لحم الخنزير محرم في دينه. فقرر أن يطلب طبقًا آخر يحتوي على الدجاج والأرز بدلًا من ذلك. , في يوم، أحمد قرر يجرب أكلة جديدة في مطعم الحي. لما قرأ المنيو، لقى خيار فيهو لحم خنزير مملح. بس تذكر إنو أكل لحم الخنزير حرام في دينا. فقرر يطلب طبق تاني فيهو دجاج ورز بدال داك. ,Sudanese
 في يوم مشمس، ذهب أحمد إلى المكتبة للدراسة. وجد مكاناً هادئاً بين الرفوف وبدأ بقراءة كتبه. بعد ساعات، انضمت إليه صديقته سارة لمساعدته. انتهى اليوم بنجاح حيث استطاع أحمد أن يفهم ويحل جميع المسائل الصعبة. , في يوم مشمس، راح أحمد للمكتبة يذاكر. لقى زاوية هادية وسط الدواليب وقعد يقرا في كتبو. بعد كم ساعة، جاتو صاحبتو سارة تساعدو. خلص اليوم بنجاح وأحمد فهم وحل كل الأسئلة الصعبة. ,Sudanese
" في يوم عاصف، احتاجت السيدة أمينة للذهاب إلى السوق بسرعة. وجدت صعوبة في إيقاف سيارة أجرة بسبب الأمطار الغزيرة. عندما اقتربت سيارة، صرخت قائلة: ""من فضلك، أسرع!"" وأخيرًا تمكنت من الوصول إلى وجهتها في الوقت المحدد. "," في يوم هباب، كانت أمينة عايزة تمشي السوق بسرعة. الزولة ما قادرة تلقى تاكسي عشان المطرة كانت شديدة. لما جات عربية جنبها، قالت بصوت عالي: ""الله يخليك، أديني سريع!"" وفي الآخر، وصلت لي وين كانت رايحة بالظبط في الوقت. ",Sudanese
 كان تاناب ينتظر صديقه عند الساعة السابعة. وعندما وصل الشخص الآخر، بدأت بينهما محادثة مهمة. تحدثا عن مشروع مشترك كانا يخططان له. وفي نهاية اللقاء، اتفقا على الخطوات القادمة وودع كل منهما الآخر بحرارة. , كان تاناب قاعد منتظر صاحبو عند الساعة سبعة. لما جا الزول التاني، اتونسوا في حاجة مهمة. كلموا بعض عن مشروع مع بعض حايمسكوهو. وختوا النقاط على الحروف للخطوات الجاية وفارقوا بعض وهما فرحانين. ,Sudanese
 التكييف لا يعمل، فقرر أحمد الاتصال بالصيانة. وصل الفني وتبين أن العطل بسيط ويمكن إصلاحه. بعد ساعة من العمل، عاد التكييف للعمل بكفاءة. شعر أحمد بالارتياح وهو يستعد لقضاء باقي اليوم براحة. , التكيف ما شغال، قام أحمد اتصل بالصيانة. الفني جا ولقى العطل بسيط وينعمل ليهو حل. بعد ساعة من الشغل، التكيف رجع شغال تمام. أحمد حس براحة وهسي جاهز يقضي باقي اليوم مرتاح. ,Sudanese
 كانت تستيقظ مبكراً كل يوم اثنين لتحضير الفطور لعائلتها. تعد البيض المقلي والخبز الطازج مع الشاي الساخن. بعد الانتهاء من الفطور، تبدأ في ترتيب البيت والاهتمام بالحديقة. أنها هكذا كل يوم اثنين، تملأ البيت بالحب والدفء. , كل يوم اتنين تقوم بدري تعمل الفطور للعيلة. بتجهز البيض المقلي والروتي الفريش والشاي الدافئ. بعد ما تخلص الفطور، تشيل في البيت وتراعي الجنينة. هكذا هي كل يوم اتنين، بتملي الدار بالحنان والدفا. ,Sudanese
" وصل محمد إلى المطار مبكرًا، وهو يحمل حقيبته بين يديه. سمع صوت المذيع يطلب منه التوجه إلى قاعة المغادرة الدولية. ودع أصدقائه قائلًا: ""من فضلك اذهب على قاعة المغادرة الدولية، أتمنى لك رحلة سعيدة"". صعد إلى الطائرة متطلعًا إلى مغامرته الجديدة بكل حماس. "," محمد وصل للمطار بدري وشايل شنطتو بين إيديهو. سمع صوت المذيع بيقول ليهو يمشي لي قاعة المغادرة الدولية. ودع صحابو وقال ليهم: ""من فضلكم امشوا لي قاعة المغادرة الدولية، أتمنى ليكم سفرة سعيدة"". طلع للطيارة وعينيهو مليانة بالحماس للمغامرة الجديدة. ",Sudanese
" كان أحمد يرغب في زيارة باريس لمشاهدة برج إيفل. فسأل وكيل السفر: ""هل لديك أية رحلات إلى باريس عبر قطار يوروستار؟"" وكيل السفر أكد له أن هناك رحلة متاحة الأسبوع المقبل. أحمد حجز تذكرته وتحمس للغاية لبدء مغامرته. "," أحمد كان عاوز يمشي باريس يشوف برج إيفل. فسأل وكيل السفر: ""عندكم سفريات لـ باريس بـ قطار يوروستار ولا شنو؟"" وكيل السفر قال ليهو في رحلة جاهزة الأسبوع الجاي. أحمد خت تذكرتو وفرح شديد عشان الرحلة. ",Sudanese
 كانت ساعة سيكو رقمية هدية من جدي. كل يوم، كانت تذكرني بالأوقات الجميلة التي قضيتها معه. ذات يوم، ضاعت الساعة وشعرت بحزن عميق. بعد البحث المتواصل، وجدتها تحت السرير، فعادت لي الذكريات السعيدة. , الساعة السيكو الديجتال ديك كانت هدية من جدي. كل يوم، كانت تفكرني بأيام حلوة قضيتا سوا. في يوم من الأيام، اتضيعت الساعة وحسيت بحزن كبير. بعد ما دورت كتير، لقيتها تحت السرير، ورجعت لي الذكريات الحلوة. ,Sudanese
 لقد أحضرت الشهادة الطبية لطبيبي من اليابان. وعندما رآها، بدا معجبًا بالدقة والاحترافية التي كُتبت بها. ثم قرر أن يعتمد هذه الطريقة في عيادته. ومع الوقت، أصبحت العيادة مثالاً يُحتذى به في المدينة. , جبت الشهادة الطبية لدكتوري من اليابان. ولما شافها، عجب بالنضام والكتابة الفيها. بعدين قرر يطبق الطريقة دي في عيادتو. ومع الزمن، العيادة بقت مشهورة ومثال كويس في البلد. ,Sudanese
 في الطائرة المتجهة إلى بيروت، قرر ماجد تصفح مجلة الرحلة. وجد فيها قائمة المشروبات، واختار عصير البرتقال. جاءت المضيفة مبتسمة لتقدم له الشراب مع وجبة الغداء. شعر ماجد بالرضا وهو يتناول طعامه ويتأمل السحاب خارج النافذة. , في الطيارة البتمشي لبيروت، ماجد فتح مجلة الرحلة يقراها. لقى لستة المشروبات واختار عصير قرطم. جاتو المضيفة بابتسامة وقدمت ليهو الشراب مع الغداء. ماجد حس بالراحة وهو بياكل وبيتفرج على السحاب من الشباك. ,Sudanese
" في يوم من الأيام، سأل الطفل الغريب العجوز في الحديقة: ""هل تعيش بالقرب من هنا؟"" فأجاب العجوز بابتسامة عريضة ودعا الطفل لزيارته في منزله الصغير الذي يقع خلف الحديقة مباشرة. ومنذ ذلك اليوم، أصبح الطفل يزور العجوز يومياً، وتعلم الكثير من حكاياته وخبراته. تحولت الصداقة بينهما إلى قصة ملهمة لجميع سكان الحي. "," في يوم ما، الولد سأل العجوز القاعد في الحديقة: ""إنت ساكن جنب من هنا؟"" العجوز ضحك وقال ليهو يجي يزورو في بيتو الصغير الفي وراء الحديقة. من الزمن داك، الولد صار يمر العجوز كل يوم، واتعلم حاجات كتيرة من قصصو وتجاربو. الصداقة بيناتهم صارت حكاية بتحفز كل ناس الحي. ",Sudanese
" كان أحمد يملك متجر هدايا صغير وأراد أن يرسل بعض المنتجات إلى اليابان. تحدث مع شركة الشحن وسألهم: ""هل يمكنك أن ترسلها إلى اليابان؟"" وافقت الشركة وأخبرته بكافة الإجراءات اللازمة. بعد أيام قليلة، تلقى أحمد تأكيدًا بأن الهدايا وصلت إلى اليابان بسلام. "," كان أحمد عندو دكان صغيرون للهدايا وكان عاوز يبعت حاجات لليابان. إتكلم مع ناس الشحن وقال ليهم: ""ممكن تبعتوها لليابان؟"" الشركة وافقت وقالت ليهو كل الخطوات اللازمة. وبعد يوماتي، أحمد استلم تأكيد إن الهدايا وصلت لليابان سالمة. ",Sudanese
 ذهب يوسف إلى المول ليبحث عن محل الهدايا. وجده بعد بحث طويل في الطابق الثاني. اشترى هدية لأخته وكانت سعيدة جداً بها. عاد إلى البيت مسروراً بما اختار. , يوسف مشى للمول يدور على دكان الهدايا. لقاهو بعد ما دار كتير في الدور التاني. اشترى هدية لأختو وهي فرحت بيها شديد. رجع للبيت مبسوط بالهدية الجابها. ,Sudanese
 وافقت نورا على الالتقاء بصديقها يوم الجمعة. وعندما جاء ذلك اليوم، استيقظت مبكرًا وأعدت نفسها للخروج. ولكنها تلقت رسالة من صديقها يعتذر فيها عن التأخير. فقررت نورا أن تستغل الوقت في قراءة كتابها المفضل. , نورا وافقت تقابل صاحبها يوم الجمعة. يوم جا، قامت بدري وجهزت حالا للطلعة. بس لقت رسالة منو بيعتذر عن التأخير. عشان كدا نورا قررت تقضي الوقت في قراية كتابها المحبوب. ,Sudanese
 حسنا، دعني أتثبت من المفقود والموجود. أي نوع من الكاميرات هي؟ فتح الدرج ليجد أن الكاميرا القديمة قد اختفت. تذكر أنه رآها آخر مرة على الطاولة بجانب النافذة. بحث في كل زاوية من المنزل، شعر بالقلق. في النهاية، وجدها مخبأة تحت كومة من الكتب القديمة. , خلاص، خليني أشوف المفقود والموجود. الكاميرات دي منوع؟ فتح الدرج لقى الكاميرا البالية ما لاقيها. افتكر إنه شافها آخر مرة جنب الشباك فوق الطربيزة. دوّر في كل زولية في البيت، حس بالهم. وأخيرًا، لقاها مستخبية تحت ركام من الكتب القديمة. ,Sudanese
 أنا أسف جدا، نحن نجهز لك الغرفة التي طلبتها. لقد وصل الرجل متأخراً إلى الفندق بسبب عطل في سيارته. بعد اعتذار موظف الاستقبال، أخبره أن الغرفة ستكون جاهزة بعد دقائق. شعر الرجل بارتياح لأن الخدمة كانت سريعة وكفؤة. أخيراً، استراح في غرفته متأملاً جمال الإطلالة من النافذة. , أنا آسف خالص، حنجهز ليك الأوضة اللي طلبتها. الزول وصل متأخر للهوتيل بسبب مشكلة في العربية بتاعتو. بعد الإعتذار من الزول القاعد في الاستقبال، قال ليهو إن الأوضة حتكون جاهزة بعد شوية. الزول إتحسس براحة كبيرة لأن الخدمة كانت سريعة وممتازة. في النهاية، قعد في أوضتو يتأمل في الجمال الباني من الشباك. ,Sudanese
 وجدت أحمد خريطة قديمة في السوق، وسأل البائع إذا يمكنه الاحتفاظ بها. أظهرت الخريطة محطات مترو الأنفاق ومحطات الحافلات بوضوح. أخبره البائع أن الخريطة تعود لزمن كانت المدينة في أوج عمرانها. شعر أحمد بشغف لاكتشاف تاريخ المدينة من خلال هذه الخريطة. , لقى احمد خريطة قديمة في السوق، وسأل البايع كدي يقدر يمسك بيها. الخريطة دي بتبين محطات المترو والبصات بوضوح. قال ليهو البايع إن الخريطة دي من زمن كانت المدينة فيها في قمة عمرانها. اتحمس احمد لي اكتشاف تاريخ المدينة عن طريق الخريطة دي. ,Sudanese
 آه لقد فقدت شبزوكي. بدأت البحث عنه في كل مكان، ولكن دون جدوى. شعرت بالحزن الشديد لأنه كان صديقي المفضل. في النهاية، وجدته يختبئ في الحديقة وكانت سعادتي لا توصف. , آه ياخ فقدت شبزوكي. قمت بدور في كل حتة، لكين ما لقيتو. كتر الزعل عليهو لأنو كان صاحبي المقرب. وأخيراً، لقيتو متخبي في الجنينة وفرحتي ما بتنوصف. ,Sudanese
 كنت أسير على الطريق الرئيسي بجانب خليج موروا عندما شاهدتُ غروب الشمس الساحر. فجأة، لمحتُ قارب صيد قديم يقترب من الشاطئ. اقتربتُ لألقي نظرة أفضل ووجدتُ رجلاً عجوزاً يحكي قصص البحار. قضيتُ الساعات القادمة أستمع إلى حكاياته المثيرة وأتأمل جمال الطبيعة المحيطة. , كنت ماشي في الشارع الكبير جنب خليج موروا وشفت الشمس وهي بتغرب وجمالها خيال. فجأة، عيني جات على مركب صيد قديم بيقرب من الشط. قربت عشان أشوف كويس ولقيت زول كبير في السن بيحكي عن حكاوي البحر. فضلت قاعد أسمع لي قصصو المشوقة وأتفرج على الطبيعة الحلوة الحوالينا. ,Sudanese
 نعم، نحن لدينا منهج نصف يوم، ومنهج ليوم كامل. في المدرسة، كان الطلاب يختارون المنهج الذي يناسبهم. طارق اختار المنهج الكامل ليستفيد أكثر. وبعد سنة، استطاع طارق التفوق بفضل جهده والمنهج المتكامل. , أيوا، عندنا منهج لي نص اليوم، وكمان لليوم الكامل. في المدرسة، الولاد بيقدروا يختارو المنهج البيناسبهم. طارق اختار المنهج الكامل عشان يستفيد أكتر. وبعد سنة، طارق قدر يتفوق بي فضل مجهودو والمنهج الكامل داك. ,Sudanese
 كان هناك طائر جميل يحلق في السماء الزرقاء، وكان يحبذ أن يطير عالياً ليرى العالم من حوله. في يوم من الأيام، وجد مكانًا مثاليًا لبناء عشه. ومع مرور الوقت، أصبح العش ملاذًا لطيور أخرى تحبذ أيضًا حلق في السماء الواسعة. , كان في طير حلو بيطير فوق في السما الزرقا، ودايماً كان بيفضل يطير عالي عشان يشوف الدنيا من حولو. في يوم لقى مكان كويس يبني فيهو عشو. ومع الزمن، العش ده صار مكان لطيور تانية برضو بتحب تطير عالي في الفضا. ,Sudanese
 ذهب محمد إلى المتجر لشراء منبه جديد. وجد العديد من الأنواع لكنه اختار واحدًا متطورًا. دفع ثمنه وعاد إلى البيت مسرورًا. في اليوم التالي، استيقظ مبكرًا بفضل المنبه الجديد. , محمد راح للدكان عشان يشتري منبه جديد. لقى أنواع كتيرة لكن اختار حاجة كدا حديثة. دفع قروشه ومشى للبيت فرحان. تاني يوم، قام بدري بسبب المنبه الجديد. ,Sudanese
" في أحد الأيام، قرر محمد إلغاء حجزه في فندق الواحة لأنه وجد مكانًا أقرب إلى موقع العمل. اتصل بالفندق وقال، ""أريد إلغاء حجزي، من فضلك."" تفهم موظف الاستقبال الوضع وألغى الحجز دون رسوم إضافية. شعر محمد بالراحة لأنه سيوفر الوقت والمال في التنقلات. "," في يوم من الأيام، محمد قرر يخت Cancel لحجزو في فندق الواحة لأنو لقى مكان أقرب لشغلو. قام اتصل بالفندق وقال ليهم، ""عاوز أخت Cancel لحجزي، لو سمحتو."" الزول القاعد في الاستقبال فهم الحكاية وخت Cancel لحجز من غير ما يطلب فلوس زيادة. محمد حس براحة كبيرة لأنو ح يوفر في الزمن والقروش الح يدفعها في المواصلات. ",Sudanese
" في يوم من الأيام، كان هناك رجل يتساءل ""ما هو نظام الاسترداد؟""، فقرر البحث عن إجابة. وبعد جهد وبحث طويل، اكتشف أن نظام الاسترداد عبارة عن مجموعة من الإجراءات التي تسمح للمستهلكين بإعادة السلع أو الحصول على تعويض في حالة وجود عيب. شعر بالرضا لأنه أصبح يعرف حقوقه كمستهلك، وقرر أن يشارك معلوماته هذه مع الآخرين ليستفيدوا. "," في يوم من الأيام، واحد كان بيفكر ""الاسترداد دا شنو؟""، قام قرر يدور على الجواب. وبعد ما تعب ودور كتير، لقى إنو نظام الاسترداد دا بيكون مجموعة قوانين تسمح للزبائن يرجعو الحاجات أو يستردو فلوسهم لو فيها عيب. حس براحة لما عرف حقوقو كزبون، وقرر يعلم الناس الكلام دا عشان يستفيدو. ",Sudanese
 في إحدى الليالي المظلمة، اكتشف أحمد أن الإضاءة لا تعمل في منزله. حاول إصلاحها بنفسه، لكن دون جدوى. دعا الكهربائي الذي وجد مشكلة في الأسلاك. بعد الإصلاح، عادت الأنوار لتضيء المنزل مجددًا. , في واحدة من الليالي الضلمة، لقى أحمد النور ما بشتغل في البيت. حاول يصلحو براهو، لكن ما قدر. جاب الكهربائي الجا ولقى المشكلة في الأسلاك. بعد ما صلحو، النور رجع يشتغل تاني في البيت. ,Sudanese
 بالمناسبة، اسمي هيروشي إيجيما، وأنا باحث ياباني مقيم في القاهرة. جئت إلى هنا لدراسة اللغة العربية وآثار الفراعنة. في كل يوم، أذهب إلى المكتبة لأقرأ الكتب النادرة. وقد وجدت صديقًا مصريًا يشاركني شغفي بالتاريخ. , بالمناسبة، اسمي هيروشي إيجيما، وأنا باحث ياباني ساكن في القاهرة. جيت هنا عشان أدرس اللغة العربية وآثار الفراعنة. كل يوم بروح المكتبة عشان أقرأ الكتب القديمة. ولقيت لي صاحب مصري بيشاركني حبي للتاريخ. ,Sudanese
 كان أحمد يعمل مع شركة دولية وكان عليه أن يعقد اجتماعاً مع زملائه في طوكيو. فتساءل ما هو فارق التوقيت بين طوكيو وهنا. بعد البحث عرف أن الفارق هو ٩ ساعات. فاضطر أحمد لضبط منبهه ليستيقظ في منتصف الليل لحضور الاجتماع. , أحمد كان شغال مع شركة دولية وكان لازم يعمل ميتنج مع الزملاء بتاعينو في طوكيو. قام سأل نفسو الساعة كم هناك وكم هنا. لما دور عرف إنو الفرق تسعة ساعات. عشان كدا أحمد وقت المنبه عشان يصحى نص الليل ويحضر الميتنج. ,Sudanese
 في يوم مشمس، استقل محمد القطار متوجهاً إلى لاك فورست. وأثناء الرحلة، تعرف على راكب بجانبه يدعى أحمد. بدأ الاثنان بتبادل الحديث عن وجهتهما وما يخططان لفعله هناك. وعندما اقترب القطار من المحطة، تأكد محمد من أن القطار يتوقف في لاك فورست، فأومأ أحمد برأسه مؤكداً. , في يوم حلو وشمسي، محمد ركب القطر البي ماشي لاك فورست. وفي الطريق، اتعرف على واحد جنبو اسمو أحمد. إتونسوا سوا واتكلموا عن رحلتهم وشنو ناويين يعملوا هناك. لمن القطر قرب يوصل المحطة، محمد سأل عشان يتأكد القطر واقف في لاك فورست ولا لأ، وأحمد أشر براسو يعني أيوة. ,Sudanese
" في أحد الأسواق الشعبية، سأل رجل تاجراً عن سعر بعض البضائع، فأجابه التاجر بابتسامة، ""كم السعر الإجمالي؟""، فأخرج الرجل محفظته وأعطى التاجر النقود بعد أن حصل على إجابة. "," في سوق من الأسواق الشعبية، راجل سأل تاجر كم سعر الحاجات ديك، التاجر ضحك وقال ليهو ""السعر الكلي شنو؟""، الراجل طلع الجنيهات من جيبو ودفع للتاجر بعد ما عرف الحساب. ",Sudanese
 شكراً يا سيدي، لقد أنقذت حياتي. عندما سقطت في النهر، جاء الرجل الشجاع وأمسك بيدي. بعد أن أخرجني من الماء، قدم لي بطانية دافئة وشاياً ساخناً. لن أنسى معروفه طوال حياتي. , مشكور يا زول، انت جد جد أنقذت لي حياتي. لما وقعت في النيل، جاني واحد ديك راجل وقام مسك ايدي. بعد ما طلعني من الموية، عطاني بطانية حارة وشاي حلوب. والله ما حأنسى الزول ده وخيره علي. ,Sudanese
 تقدم للأمام واتجه يمينًا عند الناصية الثالثة، فوجد بابًا خشبيًا قديمًا. دق الباب بحذر، ففتحت له عجوز تحمل مصباحًا. طلب منها المساعدة فأشارت إلى كتاب على الطاولة. كان الكتاب مفتاحًا لألغاز كثيرة كان يبحث عنها منذ سنوات. , مشى قدام ولفّ يمين عند الناصية الثالتة، لقى باب خشب قديم. خبط الباب بي شوية، فتحت ليهو واحدة عجوزة شايلة لمبة. سألها عاوز مساعدة، هي أشرت على كتاب فوق الترابيزة. الكتاب ده كان مفتاح لأسرار كتيرة كان بقالو سنين بيدور عليها. ,Sudanese
 في أحد الأيام، استيقظ يوسف وهو يشعر بألم حاد في معدتيه. حاول تجاهل الألم وتناول بعض الأدوية المسكنة، لكن بلا فائدة. اضطر أخيرًا إلى زيارة الطبيب، الذي أخبره بأنه يعاني من التهاب حاد في المعدة ويحتاج إلى الراحة والعلاج. بعد اتباع التعليمات والراحة لعدة أيام، شعر يوسف بتحسن كبير وعاد إلى حياته اليومية بصحة جيدة. , يوم واحد، قام يوسف من النوم وهو حاسي بوجع شديد في كرشو. حاول يتغافل عن الألم وشرب ليهو شوية دواء، لكن ما كان في أي فايدة. اضطر في النهاية يروح للدكتور، القال ليهو إنو عندو التهاب حاد في المعدة ولازم يرتاح ويتعالج. بعد ما اتبع الإرشادات واستراح لي كم يوم، حس يوسف بتحسن كبير ورجع لحياتو العادية وهو بصحة طيبة. ,Sudanese
 كان هناك شاب ياباني يعشق الأخطبوط والحبار، لذلك قرر أن يتعلم فن طهيهما ببراعة. بعد سنوات من التدريب، أصبح الشاب طاهيًا مشهورًا في طوكيو. كانت مطعمه يجذب السياح من جميع أنحاء العالم لتذوق أطباقه الفريدة. وفي كل مرة يزور فيها الناس مطعمه، كانوا يشيدون بمهارته في تحضير الأخطبوط والحبار. , في واحد ياباني شاب بيعشق الأخطبوط والكلماري، عشان كدا قرر يتعلم الطبخة دي صاح. بعد سنين من التمرن، بقى الزول دا طباخ مشهور في طوكيو. مطعمو بقى يجذب الناس من كل حتة في الدنيا عشان يجربو أكلو الخاص. وكل مرة الناس يجو مطعمو، كانو بيمدحو فيه وفي أيده لما يجهز الأخطبوط والكلماري. ,Sudanese
" في أحد الأيام وأثناء سيري في الحديقة، شاهدت طائراً نادراً يقف على غصن شجرة. استوقفني جماله وألوانه الزاهية فوقفت أتأمله. تساءلت في نفسي ""هل رأيت ذلك من قبل؟"" لأنني لم أرَ مثله في حياتي. بقيت هناك لوقت طويل أراقب الطائر حتى طار بعيداً. "," في يوم من الأيام وأنا ماشي في الجنينة، شفت طير نادر قاعد على فرع شجرة. جمالو وألوانو الفاقعة خلتني أوقف أتامل فيهو. قلت لنفسي ""شفت الحاجة دي قبل كدا؟"" لأني ما شفت زيو في حياتي. قعدت هناك فترة طويلة أراقب الطير لغاية ما طار وابعد. ",Sudanese
" أحضر محمد هدية مميزة لعيد ميلاد صديقه العزيز. طلب من البائع أن يقوم بتغليفها بعناية فائقة. قال البائع مبتسمًا: ""أنها هدية. هل يمكنك أن تقوم بلف هذه الهدية لي؟"" فوافق محمد على الفور وشعر بسعادة غامرة لتقديمها. "," محمد جاب هدية حلوة لعيد ميلاد صاحبو الضنين. قال للبتاع: ""ودّك تشيلها لي بعناية؟"". البتاع ابتسم وقال: ""دي هدية. ممكن تشيلها لي؟"" محمد وافق وحس بفرحة كبيرة وهو جاهز يديها. ",Sudanese
 مساء الخير، السيدة كنت. لم نلتقي منذ زمن بعيد. في ذلك اليوم، كان الجو باردا والسماء صافية عندما التقت السيدة كنت بصديقة قديمة في الحديقة. تبادلا الأخبار والذكريات، وضحكا على الأيام الخوالي. قررتا بعد ذلك أن يجددا العهد بلقاءات دورية ليحافظا على الصداقة القوية. ومع غروب الشمس، ودعتا بعضهما بابتسامة دافئة، عازمتين على عدم ترك الزمن يفرق بينهما مجددا. , مساء الخير، يا مدام كنت. زمان علينا ما شفنا بعض. في اليوم داك، كان الجو بارد والسما صافية لما الست كنت قابلت صاحبتها القديمة في الجنينة. فاتوا وقتهم يتسامروا ويتذكروا الحاجات الحلوة الفاتت، وضحكوا على زمن أول. بعدين اتفقوا إنهم يعاودوا اللقاءات ديمة عشان ما يضيعوا الصداقة القوية الكانت بيناتهم. ومع مغيب الشمس، سلموا على بعض بابتسامة حارة، وعاهدوا بعض ما يخلوا الزمن يبعدهم تاني. ,Sudanese
" في يوم حار، ذهب خالد إلى المحطة ليحجز تذكرتين إلى شيكاغو. وقف عند الشباك وسأل بأدب: ""هل يمكنني الحصول على تذكرتين درجة ثانية لشيكاغو، من فضلك؟"" ابتسم الموظف وأعطاه التذاكر، متمنياً له رحلة سعيدة. شعر خالد بسعادة غامرة وهو يتطلع إلى الرحلة. "," في يوم حار قايد، خالد راح للمحطة عشان يحجز تذكرتين لشيكاغو. وقف قدام الشباك وقال بأدب: ""ممكن أخد تذكرتين درجة تانية لشيكاغو، لو سمحت؟"" الزول في الشباك ابتسم واداهو التذاكر، وقال ليهو ""تسافر بي سعادة."" خالد اتبسط جداً وهو مستني السفرة بفارغ الصبر. ",Sudanese
" كان هناك رجل يشعر بالتعاسة دائمًا. ذات يوم، قرر أن يغير من نظرته للحياة ويبحث عن السعادة. بدأ بمساعدة الآخرين واكتشف أن ذلك يجعله سعيدًا. في نهاية المطاف، تحولت حياته وأصبح يقول دائمًا ""أنا أسعد"". "," كان في واحد دايماً كئيب. في يوم من الأيام قرر يغير شوية ويدور على الفرحة. بدأ يساعد الناس ولقى نفسو بيفرح لما يعمل كدة. في الآخر، حياتو اتغيرت وصار دايماً يقول ""أنا أسعد"". ",Sudanese
 لقد ذهبت إلى نيويورك. وأثناء تجولي في شوارع المدينة، شعرت بالإثارة لرؤية ناطحات السحاب. التقيت بأشخاص من مختلف الثقافات، وتناولت أشهى الأطعمة. في نهاية الرحلة، وجدت نفسي مغرمًا بعبق التاريخ وحداثة المدينة. , أنا مشيت لنيويورك. وفي ماشي في شوارع المدينة ديك، حسيت بي حماس عالي وأنا شايف العمارات الطويلة. قابلت ناس من ثقافات مختلفة، وكليت أكلات لذيذة خلاص. ولما خلصت الزيارة، لقيت روحي معجب بتراث المدينة وحداثتها. ,Sudanese
 قررت ليلى تغيير حجزها للرحلة الجوية رقم 205 لتفاجأ بأن التذاكر قد نفدت. بحثت بكل جهد عن رحلة بديلة ووجدت واحدة تغادر في اليوم التالي. اتصلت بالشركة فوراً وتمكنت من حجز مقعد في اللحظة الأخيرة. شعرت بالامتنان لأنها ستستطيع اللحاق بموعد مهم في الثاني من أكتوبر. , قررت ليلى تغيير حجزها لي الطيارة رقم 205 لكين تفاجأت لما لقت التذاكر خلصت. دورت بي كل طاقتها على طيارة تانية ولقت واحدة حتمشي اليوم الجاي. اتصلت بالشركة على طول وقدرت تحجز مقعد في آخر لحظة. حست بي جميل شديد لأنها ح تقدر تلحق موعد مهم في الثاني من أكتوبر. ,Sudanese
" في أحد أيام الصيف الحارة، توجه محمد إلى المطار حاملاً حقائبه متجهًا نحو مكتب الاستعلامات وسأل الموظف: ""ما هو رقم الرحلة الجوية؟"". ابتسم الموظف وأخبره بأن رحلته ستقلع بعد ساعتين. شعر محمد بالارتياح وقرر قضاء بعض الوقت في متجر الكتب بالمطار. عندما حان وقت الصعود إلى الطائرة، كان محمد متحمسًا لبدء مغامرته الجديدة. "," في واحد من الأيام الحارة ديك، محمد راح للمطار شايل شنطو ومشى لعند الاستعلامات وسأل الزول: ""ما هو رقم الطيارة؟"". الزول داك ابتسم ليهو وقال ليهو طيارتك ح تقلع بعد ساعتين. محمد حس براحة وقرر يقضي شوية وقت في دكان الكتب الفي المطار. لمن جا وقت الركوب في الطيارة، محمد كان متحمس لي بداية رحلتو الجديدة. ",Sudanese
" وجد أحمد نفسه في مطار مزدحم يبحث عن طاولة التسجيل الخاصة بشركة دلتا. بعد جولة من التخبط, استطاع أخيرا أن يجدها في زاوية بعيدة. سجل حقيبته بسرعة وتنفس الصعداء. انطلق بعدها صوب بوابة الصعود للطائرة، متحمسًا لرحلته القادمة. ", أحمد لقي روحو في مطار زحمة، قاعد يدور على طاولة تسجيل دلتا. بعد ما لف لفة كده، لقاها في ركن بعيد. سجل شنتتو بالسريع وفك زنقتو. بعدها راح لبوابة الطيارة، مستني الرحلة بفارغ الصبر. ,Sudanese
" كان يعقوب يتبع حمية غذائية خاصة بسبب مشاكل في ضغط الدم. فسأل الطباخ في المطعم: ""هل هذه وجبة منخفضة الصوديوم؟"" اطمأن عندما أكد له الطباخ ذلك. ومنذ ذلك اليوم، أصبح يعقوب يزور هذا المطعم بانتظام. "," يعقوب كان بيتبع رجيم خاص عشان عندو مشاكل في الضغط. سأل الكوك: ""دي وجبة فيها ملح قليل؟"" لمن الكوك طمنو، صار يعقوب يجي للمطعم دا دايماً. ",Sudanese
 هذا البند غير مسموح به في السوق، فقد حظرته الحكومة بسبب مخاطره. كان علي الحاج أن يبحث عن بديل يمكنه تداوله. بعد جهد وتفكير، وجد سلعة أخرى مربحة وقانونية. أصبح بعد ذلك من أشهر التجار في البلدة. , الحاجات دي ما مسموح بيها في السوق، الحكومة حظرتها عشان خطرة. علي الحاج لازم يدور على حاجة تانية يقدر يشتغل بيها. بعد تفكير وشغلانة، لقا ليهو سلعة تانية مفيدة وما فيها حرام. وبقى من بعدها من أشهر التجار في الحلة. ,Sudanese
 أعتقد أننا نستطيع. ها هي ورقتك. في تلك اللحظة، شعر أحمد بأن كل جهوده قد تكللت بالنجاح. أخذ الورقة بيد مرتعشة، وعيناه تلمعان بالدموع. قرأ النتيجة بصوت عالٍ أمام أصدقائه المتجمعين، والجميع يهتفون فرحين بنجاحه. وفي الخارج، كانت أمه تنتظر بفارغ الصبر لتحتفل مع ابنها النابغة. , بفتكر إننا قادرين. دي ورقتك. في اللحظة ديك، حس أحمد إنو كل تعبو ما راح خلاص. مسك الورقة وإيدو بترتعش، وعيونو دمعان. قرا النتيجة بصوت جهوري قدام صحابو الواقفين حواليه، وكلهم فرحانين وبهتفو ليهو. وبره، أمو كانت مستنية على أحر من الجمر تحتفل مع ولدها الشاطر. ,Sudanese
 في ليلة باردة، خلع يوسف قميصه الثقيل قبل أن يذهب للنوم. وضعه بعناية فوق الكرسي الخشبي المتهالك. تسلل البرد إلى جسده، لكنه شعر براحة بالغة تحت الأغطية الدافئة. أغمض عينيه واستسلم للنوم العميق بعد يوم طويل وشاق. , في ليلة باردة، يوسف شال توبه الثقيل قبل ما يمشي ينوم. حطو فوق الكرسي الخشب الداير يقع. البرد جاه، لكن تحت البطاطين الدافيه حس براحة كبيرة. غمض عيونو ونام ليهو نومة طويلة بعد يوم طويل شديد. ,Sudanese
" وصل عمر إلى الفندق متأخرًا وكان متعبًا، فطلب من الاستقبال إيقاظه مبكرًا. قال للموظف: ""لا، سوف أخذها خلال فترة إقامتي""، مشيرًا إلى الصحيفة المجانية. استيقظ عمر باكرًا وتناول القهوة بينما يقرأ الأخبار. عند تسجيل الخروج، شكر الموظفين ووعدهم بالعودة في المرة القادمة. "," عمر وصل الفندق متأخر وكان تعبان، فطلب من الريسبشن يفوقوهو بدري. قال ليهم: ""لا، أنا حا آخد الجريدة الفترة كلها وأنا هنا""، وكان قاصد الجريدة المجانية. عمر فاق بدري وشرب قهوتو وهو قاري الأخبار. وقت ما جا يمشي، شكر ناس الفندق وقال ليهم حا يجيهم تاني. ",Sudanese
" كانت قطعة القماش تتغير ألوانها حسب الضوء، فأحياناً تبدو زرقاء وأحياناً خضراء. لاحظ الخياط هذه الظاهرة فسأل نفسه ""هل هو ثابت اللون؟"" قرر أن يختبر القماش تحت أنواع مختلفة من الإضاءة. وجد أن القماش يحتفظ بخاصية التغير مهما تعددت مصادر الضوء. "," القماشة دي لونا بيتغير مع الضوء، ساعات تبقى زرقاء وساعات خضرا. الخياط لاحظ الحاجة دي وسأل روحو ""هل هو ثابت اللون؟"" قرر يجرب القماشة مع أنواع مختلفة من النور. لقى أنو القماشة بتحافظ على حالة تغيير اللون حتى لو نورها اتغير. ",Sudanese
 في أحد أحياء المدينة العتيقة، كانت توجد بوابة زمنية تنقل من يعبرها إلى الماضي. السكان المحليون اعتبروها خاصية خاصة بهذا الحي. يوماً ما، قرر شاب مغامر العبور من خلالها، فاكتشف عوالم لم يكن يعلم بوجودها. عاد محملاً بالحكايات والأسرار التي جعلت الحي مشهوراً ومحط أنظار العالم. , في واحد من الأحياء القديمة في المدينة، كان في باب زمني يودي الواحد لي زمن قديم لما يعبرو. الناس الساكنين هناك قالو دي حاجة خاصة بي حتتهم دا. واحد زول شجاع قرر يجرب يعدي منو، ولقى عوالم تانية ما كان يتخيلها. رجع معاهو حكايات وأسرار خلت الحي دا معروف وناس من كل حتة بقو يجو يشوفو. ,Sudanese
 كان هناك طفل يدعى عمر يحب البسكويت كثيرًا. في كل مرة يزور فيها جدته، كانت تعد له أطيب أنواع البسكويت. ذات يوم، قرر عمر أن يتعلم كيفية صنع البسكويت بنفسه. بعد عدة محاولات، أصبح عمر يصنع البسكويت بمهارة وأصبحت وصفاته مشهورة بين أصدقائه. , كان في ولد اسمو عمر بحب البسكوت شديد. كل مرة يمشي لي جدتو، هي تسوي ليهو أحلى بسكوت. في يوم من الأيام، قرر عمر يتعلم يعمل البسكوت براهو. بعد جربات كتيرة، بقى عمر يعمل البسكوت بي إتقان ووصفاتو انتشرت بين صحابو. ,Sudanese
" في يوم مشمس، قرر أحمد أن يسافر إلى نيويورك ليحقق حلمه بزيارة تمثال الحرية. بعد التخطيط لأسابيع، وجد نفسه واقفًا أمام مكتب حجز التذاكر يقول ""واحد لنيويورك، من فضلك"". خلال الرحلة، التقى بمسافرين من مختلف الثقافات وتبادل معهم القصص والخبرات. وعند وصوله، شعر أحمد بالإثارة والنشوة وهو ينظر إلى المدينة التي لطالما حلم بزيارتها. "," في يوم حلو وشمسي، أحمد قرر يروح نيويورك يشوف تمثال الحرية الكان دايماً بحلم بيهو. بعد ما خت الخطط كلها، وقف قدام الكاونتر وقال ""واحد لنيويورك، لو سمحت"". في الطيارة، قابل ناس من جنسيات مختلفة ودردش معاهم وتبادلوا الحكاوي. ولما وصل، حس بفرحة كبيرة وهو بتفرج على المدينة الكان دايماً متمني يزورها. ",Sudanese
 لعدة أيام قليلة، بقي الطائر صغيراً في عشه ينتظر عودة أمه. في اليوم الخامس، لاحظ أن الغابة أصبحت هادئة بشكل غريب. شعر بالجوع الشديد، فقرر أن يخرج بحثاً عن الطعام. وخلال رحلته، وجد صديقاً جديداً يعلمه كيف يطير. , كم يوم كدا، العصفور الصغيرو داير في وكرو ساي يستنى أمو تجيهو. في اليوم الخامس، لقى الغابة دي سكتت بشكل غريب كدا. جاتو جوعة شديدة، قال أمشي أدوّر لي على أكل. وفي مشوارو، لقى ليهو صاحب جديد علّمو يطير. ,Sudanese
 في يوم حافل بالأحداث، وجد خالد نفسه في طابور طويل أمام مكتب البريد. وبعد انتظار طويل، حان دوره ليقترب من الشباك. ذكره الموظف بأن يتبع التعليمات المعلقة على الجدار. فنظر خالد إلى الإرشادات وتقدم الثاني من على اليسار. , في يوم زحمة، خالد لقى نفسو واقف في صف طويل قدام مكتب البوستة. وبعد ما انتظر كتير، جا دورو يقرب من الشباك. الزول القاعد هناك قال ليهو يمشي حسب اللوحات العليها التعليمات. خالد بص للتعلمات وتحرك تاني واحد على الشمال. ,Sudanese
 في يوم من الأيام، وجدت قطة صغيرة تائهة في الشارع، يبدون في حجم صغير جداً. اقترب منها صبي صغير وقرر أن يأخذها إلى بيته. عندما وصلوا، أطعمها واعتنى بها. ومع مرور الوقت، أصبحت القطة الصغيرة جزءًا لا يتجزأ من عائلته. , في يوم من الأيام، لقيتو قطوة صغيرة دايرة في الشارع، شكلها صغير خالص. ولد صغير اقترب منها وقرر يخدها لحوشهم. لما وصلو، أكلها واهتم بيها. وبي مرور الزمن، القطوة الصغيرة بقت جزء أصيل من الأسرة. ,Sudanese
 في إحدى البطولات القوية، وجد اللاعب نفسه أمام تحديات كبيرة. كانت الجولات معقدة وكل خصم أقوى من الآخر. تمكن بعزيمة وتصميم من تخطي الصعوبات. وفي النهاية، ارتفعت يداه معلنًا فوزه المستحق. , في واحدة من البطولات القوية ديك، لاقى اللاعب نفسو في واجهة تحديات كبيرة. الجولات كانت مُعقدة وكل منافس أقوى من التاني. بس بالعزيمة والإصرار قدر يتغلب على الصعوبات. وفي الآخر، اترفعت إيديه فوق مُعلن فوزو المستاهل. ,Sudanese
" في يوم مشمس، قرر أحمد السفر إلى المدينة المجاورة. عندما وصل إلى المحطة، طلب من الموظف: ""أريد مقعدًا بالقرب من النافذة، من فضلك"". جلس أحمد بجوار النافذة، يتأمل الطبيعة الخلابة خلال رحلته. وصل إلى وجهته مستمتعًا بجمال الريف الذي لاحظه خلال الطريق. "," في يوم ضواحي، قرر ود أحمد يمشي للبلد الجمبنا ديك. لما وصل للمحطة، قال للزول داك: ""عايز لي كرسي جمب الشباك، لو سمحت"". قعد ود أحمد جمب الشباك، وقعد يتفرج على الخضرة والجمال في السكة. وصل للمكان البغاه، وهو مبسوط بالقرى والزرع الشافهم في الطريق. ",Sudanese
 كان أحمد يتساءل إن كان بإمكانه استخدام تذكرة اشتراك القطار الأوروبي في رحلته. فذهب إلى المحطة وسأل الموظف، فأكد له أن التذكرة صالحة. شعر أحمد بالسعادة لأنه سيوفر الكثير من المال. ومنذ ذلك الحين، أصبح يستخدم القطار دائمًا في تنقلاته الأوروبية. , أحمد كان حاير يقدر يستخدم تذكرة الاشتراك الأوروبية في سفرتو ولا لا. راح المحطة وسأل الزول القاعد هناك، الزول قال ليهو إنها ماشة. أحمد فرح شديد لأنو حا يوفر قروش كتيرة. ومن يومها وهو دايمًا بركب القطر في سفراتو في أوروبا. ,Sudanese
 سأل أحمد صديقه عن الوقت اللازم للسفر إلى اليابان. فأجابه صديقه أن الرحلة تستغرق حوالي عشر ساعات طيران. شعر أحمد بالحماسة لزيارة طوكيو والتعرف على ثقافتها. بدأ في التخطيط لرحلته وجمع المعلومات اللازمة لهذه المغامرة. , أحمد سأل صاحبو كم لازم يقعد في الطيارة عشان يوصل لليابان. صاحبو قال ليهو تقريباً عشرة ساعات طيران. أحمد اتحمس شديد لزيارة طوكيو وعايز يتعرف على الثقافة هناك. قام أحمد بالتجهيز للسفر وقعد يجمع معلومات عن الرحلة دي. ,Sudanese
" كان الرجل يخطط لرحلة في الصحراء وسأل العابر، ""هل لديك خرائط للطرق؟"" فأجاب العابر ""نعم، ويمكنني مساعدتك في التخطيط لمسارك."" شكره الرجل وبدأ يدرس الخرائط بعناية. وبفضل المساعدة التي حصل عليها، تمكن من إكمال رحلته بنجاح. "," واحد كان عايز يسافر في الصحراء وسأل واحد قال ليهو ""انت عندك خريطة للطريق؟"" الزول قال ليهو ""أيوه، وأقدر أساعدك تخطط لي طريقك."" الراجل شكرو وبدأ يقرا في الخرائط بتأني. وبالمساعدة الحصل عليها، قدر يكمل سفرتو بي نجاح. ",Sudanese
 أوه، نعم. لقد قرأت عنه في الدليل. فقررت أن أزور ذلك المكان العجيب. وعندما وصلت، وجدت تحفًا فنية قديمة أذهلتني. بقيت هناك لساعات أتأمل الجمال والإبداع الإنساني. , أيوه، إي. أنا قريت عنو في الدليل. عشان كدا قررت أمشي أشوف المكان داك العجيب داك. ولما وصلت، لقيت حاجات فنية قديمة خلتني أنبهر. قعدت هناك ساعات أتفرج وأندهش من الجمال والصنعة. ,Sudanese
 لقد طلبت ثلاثة أكواب من الشاي، لكن لم يأتِ إلا اثنين فقط. فغضبتُ من النادل واشتكيتُ للمدير. فاعتذر النادل بأدب وشرح أن هناك خطأ في المطبخ. وفي النهاية، أحضر لي كوب الشاي الثالث مع حلوى مجانية تعويضًا. , طلبت تلاتة كبايات شاي، لكن جاتني اتنين بس. قمت معصب على الجرسون وشكيت للمدير. الجرسون اعتذر بأدب وقال في غلط في المطبخ. والآخرة، جاب لي الكباية التالتة وحاجة حلوة ساكت مجان. ,Sudanese
 في مدينة صغيرة، وجدت مريم الأجهزة الكهربائية رخيصة جداً، فاشترت كل ما تحتاجه لمنزلها الجديد. لكنها اكتشفت أن مصاريف الأكل والسكن مرتفعة جداً، مما جعل ميزانيتها محدودة. بدأت مريم بالبحث عن عروض خاصة للطعام والسكن. واستطاعت أخيراً أن تجد توازناً مالياً يسمح لها بالعيش براحة. , في بلد صغيرة، مريم لقت الحاجات الكهربائية رخيصة خالص، عشان كدة اشترت كل الحاجات اللازمة لبيتها الجديد. لكن اكتشفت إنو تكلفة الأكل والسكن غالية شديد، الحاجة دي خلت الميزانية تبقى ضيقة. مريم بدت تدور على عروض للأكل والسكن. وفي الآخر قدرت تلاقي توازن في المصاريف عشان تعيش مرتاحة. ,Sudanese
" في يوم مشمس جميل، قرر أحمد أن يأخذ طعامه ويتناوله في الحديقة. وجد مكانًا هادئًا تحت شجرة كبيرة وانتشرت رائحة الزهور في الهواء. بينما هو يأكل، التقى بعصفور صغير جاء يشاركه الفتات. ضحك أحمد وقال: ""سأتناولها بالخارج أكثر في المرات القادمة"". "," في يوم حلو والشمس ضاربة، أحمد قرر ياخد أكلو وياكل في الجنينة. لقى ليهو مكان هادي تحت ضل شجرة كبيرة وريحة الورود فايحة. وهو قاعد ياكل، جاهو عصفور صغيرون عاوز يشاركو الفتافيت. أحمد ضحك وقال: ""سأتناولها بالخارج أكتر المرة الجاية"". ",Sudanese
 كان علي يسافر كثيرًا بسبب عمله، وفي كل مرة يذهب إلى اليابان يتأكد من شراء بعض الملابس التقليدية. غالبًا ما أخذ مقاس اثنتي وعشرين في اليابان. وجد صعوبة في العثور على هذا المقاس في بلدان أخرى، لكن في اليابان كان الأمر أسهل. كان يعتز بتلك الملابس ويعتبرها تذكارات ثمينة من رحلاته. , علي دايماً بسافر كتير عشان شغلو، وكل مرة يمشي لليابان بيتأكد يشتري ليهو شوية هدوم تقليدية. غالباً بياخد المقاس اتنين وعشرين في اليابان. كان بلاقي صعوبة يلقى المقاس ده في بلاد تانية، لكن في اليابان دايماً الأمر بكون سهل. كان بيحتفظ بيهم هدوم زي تذكارات غالية من سفراتو. ,Sudanese
 في يوم مشمس، سأل خالد عن ساعات عمل متحف الفن فأجابه الحارس بأن المتحف يفتح أبوابه من الثامنة صباحًا حتى السادسة مساءً. ملئ خالد بالحماس لزيارة المتحف، فقد كان يعشق الفنون بشتى أنواعها. عند وصوله، غمرته الدهشة من الأعمال الفنية العظيمة التي شاهدها، وقضى اليوم كله يتجول بين اللوحات والتماثيل. عند الخروج، شكر خالد الحارس على معلوماته وعزم على العودة مرة أخرى. , في يوم ضوّاق، خالد سأل عن ساعات شغل متحف الفنون، البواب قال ليهو يفتح من الثمانية الصباح لحدي السِتة المغرب. خالد اتحمس جداً للزيارة، لأنو بجد بيحب الفنون بكل أشكالا. لما وصل المتحف، انبهر بالأعمال الفنية الكبيرة إلّي شافها، وقعد اليوم كلو يتمشى بين الصور والتماثيل. لما طلع، شكر خالد البواب على الكلام الصاح وحزم على إنو يرجع تاني. ,Sudanese
" كان هناك رجل يريد شراء سلعة من السوق. عندما اختار ما يحتاجه، سأل البائع ""أين يجب أن أدفع؟"". أشار البائع إلى زاوية السوق حيث كانت الصندوق. ذهب الرجل وأدى الثمن ثم غادر مسروراً بما اشترى. "," كان في زول حابب يشتري حاجات من السوق. لما اختار الحاجات البيحتاجها، قال للبتاع ""بدفع وين؟"". البتاع إشر ليهو على ركن السوق وين ماكينة الكاش. مشى الزول دفع القروش ومشى مبسوط بالحاجات الاشتراها. ",Sudanese
 وجد أحمد كارتاً على الأرض فنظر إليه ملياً وتساءل عن صاحبه. قرر أن يبحث عن صاحب الكارت ليعيده إليه. بعد البحث والسؤال في الحي، تمكن أحمد من العثور على صاحب الكارت. سلم الكارت إلى صاحبه وشعر بالسعادة لأنه قام بعمل طيب. , لقى أحمد كارت في الواطة، جار ليهو نظرة طويلة وبقى يفكر مين يكون صاحبو. قال لنفسو أنو حيدور على صاحب الكارت داك عشان يرجعو ليهو. بعد ما سأل الناس في الحلة، أحمد قدر يلقى الزول البتاع الكارت. أداهو الكارت واتحسس بفرحة كبيرة لأنو عمل حاجة كويسة. ,Sudanese
 كانت هذه أول رحلة خارجية لأحمد. شعر بالحماس لاستكشاف ثقافات جديدة. عقد العزم على تعلم بعض كلمات اللغة الجديدة. ووجد في نهاية الرحلة أنه قد أصبح أكثر انفتاحًا وتقبلاً للآخر. , دا كانت أول سفرية برة البلد لأحمد. حس بحماس شديد ياخي للمغامرة ولقاء ناس جُداد. كان قايل حايتعلم كم كلمة من لغة البلد الجديدة ديك. ولقى نفسو بعد ما الرحلة خلصت اتغيّر وصبح أكتر انفتاحاً وقبول للأخرين. ,Sudanese
" كان هناك كتابان على الطاولة، أحدهما للمبتدئين والآخر للمتقدمين. سأل الطالب الجديد المعلم أيهما الخاص بمنهج المبتدئين. ابتسم المعلم وأشار إلى الكتاب ذو الغلاف الملون قائلاً: ""هذا هو لك"". شعر الطالب بسعادة وبدأ في تصفح الكتاب استعدادًا لرحلته التعليمية. "," كان في كتابين على الطاولة، واحد للمبتدئين والتاني للمتقدمين. الطالب الجديد سأل المعلم أي واحد منهم للمبتدئين. المعلم ابتسم وأشار للكتاب الفيهو الوان وقال: ""دي ليك انت"". الطالب حس بفرحة وبدا يقلب في الكتاب جاهز للدراسة. ",Sudanese
 بالتأكيد هذا البلد به أكثر من نوع من الفاكهة. في يوم من الأيام، قرر أحمد أن يزور السوق ليشتري بعض الفواكه المتنوعة. وجد تشكيلة واسعة من الفاكهة المحلية والاستوائية، فأحب أن يجرب الأنواع التي لم يسبق له تذوقها. انتهى به الأمر وهو يحمل أكياسًا مليئة بالفواكه الشهية التي تعكس تنوع الثقافات في بلده. , أكيد البلد ده فيهو فواكه كتيرة ومختلفة. في يوم، أحمد قرر يمشي السوق يشتري ليهو فواكه متنوعة. لقى مجموعة كبيرة من الفواكه المحلية والاستوائية، قام حب يجرب النوعيات الجديدة ال ما ذاقها قبل كدة. في النهاية، رجع البيت شايل أكياس ملانة بالفواكه اللذيذة البتعبر عن تنوع الثقافات في بلدو. ,Sudanese
 وجد محمد حقيبة في الحديقة وشعر بالفضول ليعرف محتوياتها. قرر أن يأخذها إلى البيت ليتثبت منها بأمان. عند فتحها، اكتشف أنها مليئة بالكتب النادرة. شعر بالمسؤولية للبحث عن صاحب الحقيبة وإعادتها. , لقى محمد شنطة في الحديقة واتحير عايز يعرف شنو جواها. قرر ياخدها البيت ويتأكد منها كويس. لما فتحها، لقى إنها مليانة كتب نادرة. حس بالمسؤولية يدور على صاحب الشنطة ويرجعها ليهو. ,Sudanese
 كان يحيى يتزلج على المنحدر عندما شعر بالجوع، فسأل أحد المارة عن وجود مطاعم قريبة. أخبره الرجل أن هناك مقهى صغير على قمة التل. توجه يحيى نحو المقهى واستمتع بوجبة دافئة مع إطلالة رائعة. شعر بالسعادة والامتنان لذلك اليوم المثالي. , كان يحيى بيتزلج على المنحدر وجاتو الجوعة، فسأل واحد من الناس الفاتين هناك عن مطعم قريب. الزول قال ليهو فيه شاي بتاع قهوة فوق الطلة هناك. يحيى مشى للقهوة وكل وجبة حارة وهو بيتفرج على المنظر الجميل. حس بفرحة وشكر لليوم الممتاز ده. ,Sudanese
 لقد نسيت خالد مفتاحه داخل البيت وأغلق الباب خلفه. طرق الأبواب المجاورة بحثاً عن مساعدة. استجاب له جاره العجوز وأعطاه مفتاحاً احتياطياً. شعر خالد بالامتنان لوجود جيران مثل هذا الرجل الطيب. , خالد نسي مفتاحو جوه البيت وقفل الباب وراهو. دق البيوت الجيران عشان يلقي مساعدة. الجار الزول الكبير استجاب ليهو واداهو مفتاح تحتي. خالد حس بامتنان شديد لوجود جيران زي الزول الطيب ده. ,Sudanese
" في أحد الأيام، ذهب خالد إلى محل صرافة ليحول بعض الدولارات الأمريكية إلى الين الياباني. وقف في الطابور ينتظر دوره، متأملاً في كيف ستساعده هذه العملة في رحلته القادمة إلى طوكيو. عندما وصل دوره، قال للصراف: ""حول هذه الدولارات الأمريكية إلى الين الياباني، من فضلك"". ابتسم الصراف وأنجز المعاملة بسرعة، وهكذا بدأت مغامرة خالد في اليابان بخطوة أولى ناجحة. "," في يوم من الأيام، خالد راح لمحل الصرافة عشان يغير دولاراتو لين ياباني. وقف طابور يستنى دورو، بيفكر كيف الفلوس دي ح تفيدو في سفرتو الجاية لطوكيو. لما جا دورو، قال للصراف: ""غير لي الدولارات دي لين ياباني، لو سمحت"". الصراف ضحك وخلص ليهو الشغلانة بسرعة، وكده بدأت مغامرة خالد في اليابان بأول خطوة موفقة. ",Sudanese
" وجد أحمد نفسه في المطار، يحتضن صديقه الذي سيسافر إلى بلد بعيد. شعر بثقل في قلبه والدموع تتجمع في عينيه. حاول أن يبتسم لكن عيناه خانتاه. وفي النهاية، لم يستطع سوى همس ""من الصعب قول كلمة وداعاً"". "," لقى أحمد نفسو في المطار، ماسك في صاحبو البمشي لبلد بعيد. حس بثقل في قلبو والدموع بدت تتلم في عيونو. حاول يضحك لكن عيونو خانتو. وفي الآخر، ما قدر يقول غير ""الوداع ده كلمة صعبة"". ",Sudanese
" في إحدى المدن الصغيرة، سأل رجل مارًّا: ""هل هذا مكتب الاستقبال؟ هل يوجد عيادة قريبة؟"" فأجابه المارّ بأدب: ""نعم، توجد عيادة خلف هذا البناء مباشرةً."" شكره الرجل وتوجه إلى العيادة، وهناك تلقى الرعاية الطبية التي كان يحتاجها. "," في واحد من الأحياء الصغيرة، راجل سأل شخص ماشي: ""دي مكتب الاستقبال؟ في عيادة قريبة من هنا؟"" الشخص الرد عليهو بأدب: ""أيوه، في عيادة ورا البناية دي على طول."" الراجل شكره ومشى للعيادة، وهناك أخد العلاج الكان محتاج ليهو. ",Sudanese
" في أحد المطاعم الشهيرة، جلس أحمد بجانب شخص غريب ولاحظ طبقاً شهياً أمامه. لم يتمالك أحمد نفسه فسأل بفضول: ""معذرة، هل لي أن أستفسر منك عن اسم طبقك؟ إنه يبدو لذيذاً."" ابتسم الغريب وأجاب: ""إنها وصفة عائلية خاصة، تُسمى الكبسة العربية."" شعر أحمد بالإعجاب وطلب الوصفة ليجربها في المنزل. "," في واحد من المطاعم المشهورة، قعد أحمد جمب زول غريب وشاف ليهو طبق شهي قدامو. ما قدر يمسك نفسو وسألو بفضول: ""الواطة، أقدر أسألك شنو اسم الأكلة دي؟ شكلها طعمة."" الزول ابتسم ورد عليهو: ""دي وصفة خاصة بيتنا، سماها الكبسة العربي."" أحمد انبهر وطلب الوصفة عشان يجربها في البيت. ",Sudanese
 ذهب محمد إلى الطبيب شاكيًا من ألم شديد في ظهره. قال الطبيب إن سبب الألم هو الجلوس الطويل أمام الكمبيوتر. نصحه الطبيب بأخذ استراحات منتظمة وممارسة الرياضة. بدأ محمد بتنفيذ النصائح وشعر بتحسن كبير. , محمد مشى للدكتور يشتكي من ألم قوي في ضهرو. الدكتور قال ليهو الألم ده من قعاد طويل قدام الكمبيوتر. الدكتور نصحو ياخد بريكات دايمة ويعمل رياضة. محمد بدأ يمشي على النصيحة وحس بتحسن كبير. ,Sudanese
" في تلك الليلة المظلمة، وجد خالد نفسه يائسًا في مطار مجهول. تاه بين البوابات، وأخيرًا توقف أمام بوابة رقم 7 وهمس ""أية بوابة أتوجه إليها بعد ذلك؟"". وبينما هو غارق في حيرته، ظهرت له سيدة مسنة تبتسم، وأرشدته إلى الطريق الصحيح. بفضلها، استطاع الوصول إلى وجهته، مدركًا أن الأمل يمكن أن يأتي من حيث لا يحتسب. "," في ليلة ظلماء داك، خالد لقى نفسو حائر في مطار ما عارفو. ضل في البوابات، لحدي ما وقف قدام بوابة رقم سبعة وقال بهمس ""أية بوابة أمشي ليها هسي؟"". وهو كدا محتار، فجأة ظهرت ليهو واحدة عجوز بتبتسم، ودلتو على الطريق الصاح. بي مساعدتها، خالد قدر يوصل لي وين كان رايح، وعرف إن الأمل ممكن يجيك من أي حتة. ",Sudanese
 وجد محمد في جيبه عشرة دولارات فقط، وتساءل إن كانت كافية لركوب التاكسي. استوقف تاكسي وسأل السائق عن الأجرة. أجابه السائق بأن الرحلة ستكلف خمسة عشر دولارًا. شعر محمد بالاحباط لعدم مقدرته على الذهاب إلى العمل بالتاكسي بسبب نقص المال. , محمد لقى في جيبو عشرة دولار بس، وجعل يفكر هل ديل يكفو للمشوار بالتاكسي. قام وقف تاكسي وسأل الدريس عن الأجرة. الدريس قال ليهو إن المشوار ح يكلف خمسطاشر دولار. حس محمد بي خيبة الأمل لأنو ما عندو كفاية فلوس يمشي للشغل بالتاكسي. ,Sudanese
 أعتقد أنها كانت ممتازة. تمثيل جيد وحبكة جيدة. لذا قررت مشاركة الفيلم مع أصدقائي. جلسنا معًا وبدأنا بمشاهدة العرض. كل منهم أثنى على اختياري للفيلم. أصبحت ليلتنا مليئة بالضحك والتعليقات الممتعة. , بفكر إنها كانت زولة ممتازة. التمثيل كان قوي والقصة حلوة. عشان كدا قلت أوري الفيلم لزملائي. قعدنا سوا وبدينا نتفرج في العرض. كل واحد فيهم مدح في اختياري للفيلم. ليلتنا بقت مليانة بالضحك والكلام الفرفش. ,Sudanese
" في يومٍ مشمسٍ، خرج يوسف ليشتري هدية لأمه تقديرًا لجهودها. وجد سوقًا قريبًا يبيع الهدايا الجميلة والزهور الفواحة. اختار باقة وردٍ جميلة وعلبة شوكولاتة فاخرة. عندما عاد إلى المنزل وأعطى أمه الهدية، قالت: ""يا، شكراً جزيلاً."" "," في يوم مشمس، يوسف خرج يجيب هدية لأمو عشان يشكرها على تعبها. لقى سوق جنبهم فيهو هدايا حلوة وورد فايح. اختار باقة ورد حلوة وعلبة شكولاتة فخمة. لمن رجع البيت وعطى أمو الهدية، قالت ليهو: ""يا، شكراً جزيلاً."" ",Sudanese
" كان الفندق مزدحمًا عندما وصلت، ولم تعجبني الحجرة التي خُصصت لي. سألت موظف الاستقبال بأدب: ""هل من الممكن أن أرى حجرة أخرى؟"" استجاب العامل بلطف وأراني حجرة مطلة على البحر. شعرت بالرضا وشكرته على حسن تعاونه. "," الفندق كان زحمة لمّن وصلت، وما عجبتني الحجرة الجات لي. سألت واحد في الاستقبال بالذوق: ""ممكن أشوف حجرة تانية؟"" الزول داك رد عليّ باللطف ووراني حجرة بتطل على البحر. حسيت براحة وشكرتو على تعاونو الكويس. ",Sudanese
 كانت ليلى من أول من ارتدى الفستان الجديد، أنها أحدث موضة هذا الصيف. وسرعان ما لاحظ الجميع أناقتها الفائقة وجمال الفستان. كانت تتمايل بكل ثقة بين الحضور، وعدسات المصورين لا تفارقها. وفي نهاية اليوم، تلقت ليلى عروضاً للتمثيل في إعلانات لأشهر الماركات. , ليلى كانت من أول الناس اللبسو الفستان الجديد داك، أنها أحدث موضة الصيف دا. الناس كلهم لاحظو ديقتها العالية وجمال الفستان. كانت بتتمخطر بي ثقة وسط الحضور، وكاميرات المصورين ما فارقتها. وبالآخر اليوم داك، ليلى استلمت عروض للعمل في دعايات لأشهر الماركات. ,Sudanese
 أخذني أحمد بسيارته إلى وسط المدينة. وصلنا هناك والشوارع مزدحمة بالناس. تمكنا من العثور على مكان للركن بعد بحث طويل. تجولنا في الأسواق واشترينا الهدايا لعائلتنا. , أحمد شالني بعربيتو لي نص المدينة. وصلنا ولقينا الزحمة مالية الشوارع. بعد دوران كتير لقينا مكان نحط فيهو العربية. دورنا في الأسواق وجبنا هدايا للأهل. ,Sudanese
" في يوم مشمس، سأل علي الموظف في مكتب الإيجار ""هل لي أن أؤجر سيارة؟"" فأجابه الموظف بابتسامة وأشار إلى مجموعة متنوعة من السيارات. اختار علي سيارة رياضية حمراء وتجول بها في المدينة. وفي نهاية اليوم، عاد إلى المكتب معبرًا عن سعادته بتجربة القيادة الممتعة. "," في يوم حلو، علي سأل الزول القاعد في الديوان ""أقدر أكري عربية ولا شنو؟"" الزول رد عليهو بضحكة ووراهو حبة عربات كدة. علي انتقى واحدة رياضية حمراء وداير بيها في البلد. ويوم ما خلص، رجع للديوان وهو فرحان باللفة الجميلة القام بيها. ",Sudanese
 في يومٍ مشمسٍ، قرر سامر أن يجرب طبقاً جديداً في مطعمٍ محليّ. عند تذوقه، وجد أنه ذو مذاق غريب. فضوله دفعه لسؤال الطاهي عن المكونات. اكتشف أن الطبق يحتوي على مزيجٍ من التوابل النادرة. , في يوم حار، سامر قرر يجرب أكلة جديدة في مطعم قريب. لما داق الأكلة، لقاها طعمها غريب كدة. قام سأل الشيف عن الحاجات الفيها. طلعت الأكلة فيها خلطة بهارات نادرة. ,Sudanese
 قام أحمد بإصلاح السيارة بينما كان والده في الخارج. عندما عاد وجد كل شيء على ما يرام. شعر بالفخر لأن ابنه تحمل المسؤولية. ومن ذلك اليوم، ثقة الأب بأحمد زادت. , أحمد صلح العربية وأبوه ماشي بره. لما الأب رجع لقى كل حاجة تمام. حس بالفخر لأن ابنو شال الشيلة. ومن يومها، ثقة الأب في أحمد زادت. ,Sudanese
" في أحد الأيام، زار خالد متجراً صغيراً وسأل البائع ""هل لديكم وجبات خفيفة؟"" فأجابه البائع بابتسامة وأشار إلى رف مليء بأنواع مختلفة من الوجبات الخفيفة. خالد اختار بعض الشيبس والمكسرات، وشعر بسعادة عارمة وهو يتناولها في الحديقة. أصبح هذا المتجر وجهته المفضلة كلما شعر بالجوع. "," في يوم من الأيام، خالد دا قام زار دكان صغيرو وسأل البياع ""عندكم لقمات خفاف؟"" البياع ضحك ووراهو رف مليان بأنواع كتيرة من لقمات الخفاف. خالد اختار شوية شيبس ومكسرات، وفرح شديد وهو قاعد ياكلهم في الحديقة. الدكان دا بقى محلو المفضل لما يحس بالجوع. ",Sudanese
 كان هناك رجل كبير في السن يطلب دائماً من الناس التحدث ببطء لأنه كان يعاني من ضعف السمع. في يوم من الأيام، التقى بطفل صغير حاول شرح قصة ممتعة له. الرجل العجوز طلب من الطفل أن يتكلم ببطء حتى يستطيع فهم القصة جيداً. وبفضل صبر الطفل وتكراره القصة ببطء، استطاع العجوز أن يسمع القصة ويستمتع بها. , كان في زول كبير في السن دايمًا بيطلب من الناس يتكلموا معاهو بالراحة لأنو سمعو ضعيف. في يوم، لقى زول صغير حاول يحكي ليهو حكاية لذيذة. الزول الكبير طلب من الواد يتكلم على مهلو عشان يفهم الحكاية كويس. وبفضل صبر الواد وإنو عاد الحكاية بالراحة، الزول الكبير قدر يسمع الحكاية ويفرح بيها. ,Sudanese
 سوف أحضر متأخرا ساعة. كان لدي موعد طبي لم أستطع تأجيله. عندما وصلتُ، كان الاجتماع قد بدأ بالفعل. استمعوا إليّ بانتباه وأنا أشرح سبب تأخري. بالنهاية، تفهم الجميع الظروف وتابعنا الاجتماع بسلاسة. , ح أجي متأخر بالزات ساعة. عندي موعد دكتور ما قدرت أأجلو. لمن جيت، لقيت الاجتماع ابتدا خلاص. الناس سمعوا لي كويس وأنا بشرح ليهم ليه أنا متأخر. في الآخر، الكل فهم الوضع وكملنا الاجتماع عادي. ,Sudanese
 كان هناك رجل يعيش وحيدًا في بيت صغير على طرف القرية. ذات يوم، وجد قطة جميلة عند عتبة بابه فقرر أن يعتني بها. أصبحت القطة صديقته المفضلة وأضافت البهجة إلى حياته. مرت الأيام وانتشرت قصة الرجل وقطته في القرية، وأصبح معروفًا بكرمه وطيبة قلبه. , كان في زول كدا عايش لوحدو في بيت صغيرو في ناحية القرية. في يوم من الأيام، لقى قطوة حلوة قاعدة جنب باب بيتو فقرر يرعاها. القطوة دي بقت صاحبتو المضبوطة وجابت ليهو الفرحة في حياتو. الأيام مشت والحكاية بتاعت الزول وقطوتو انتشرت في القرية، وعرف بكريم قلبو وطيبتو. ,Sudanese
" نظر محمد إلى الساعة وتذكر أنه لم يأكل منذ الصباح. قال لصديقه: ""نعم. انتظر، سوف أحضر لك واحدة."" ذهب إلى البائع واشترى لهما سندويشين. عاد ومعه الطعام، فتناولاه بشهية. "," محمد بص للساعة واتذكر إنو ما أكل من الصباح. قال لصاحبو: ""أيوه. استنى، حاجيب ليك واحدة."" راح للزول البياع واشترى ليهم سندوتشات. جا راجع ومعاهو الأكل، وأكلوهو بشهية. ",Sudanese
 في يومٍ مشمسٍ، ذهب أحمد إلى المقهى المفضل لديه. نادله المعتاد كان هناك يبتسم كالعادة. طلب أحمد فنجان قهوته الساخنة وجلس يستمتع بالأجواء. بينما هو يشرب، التقى بصديق قديم ودار بينهما حديث شيق. , في يوم حلو وشمسي، راح أحمد للقهوة البيحبها. الجرسون البيخدمو دايمًا كان موجود وبيضحك زي العادة. أحمد طلب فنجان القهوة الحارة بتاعتو وقعد يتمتع بالجو. وهو بيشرب، لقى صاحبو القديم واتونسو سوا في حديث لذيذ. ,Sudanese
 كان الجو غائماً والسماء تكاد تبكي، فقد أخبرت الأرصاد الجوية بأن الأمطار ستتساقط طوال الأسبوع. استعد الناس بالمعاطف والأحذية المطاطية، وأصبحت المظلات صديقاً لا يفارقهم. الأطفال فرحوا بالبرك المائية التي شكلتها الأمطار، ولعبوا تحت قطرات الماء بمرح وسعادة. , الجو كان مغيم والسماء على وشك البكا، والأرصاد قالت إنو الأمطار حتنزل طوالي الأسبوع. الناس جهزو الكبوتات والجزم المطاط، والشماسي صارت صاحبة ما بتفارقهم. الوِلاد فرحانين بالحُفر الماية الاتعملت من الأمطار، ولعبو تحت نقط الموية بفرحة وسعادة. ,Sudanese
 وجد أحمد نصف زجاجة عطر متروكة على الرصيف، فقرر أن يأخذها معه. عندما وصل إلى المنزل، رش منها قليلاً وسأل أمه عن رائحتها. أخبرته أمه أن العطر يذكرها بوالده الذي كان يستخدم نفس النوع قبل أن يسافر. شعر أحمد بلحظة من الحنين وقرر الاحتفاظ بالزجاجة كذكرى عزيزة. , لقى أحمد نص زجاجة عطر متروكة جنب الرصيف، قام قال أخدها معاهو. لما وصل البيت، رش منها شوية وسأل أمو عن الريحة. قالت ليهو أمو العطر ده بيفكرها بأبوهو الزول الكان بيستعمل نفس النوع داك قبل ما يمشي. أحمد حس بشوقة وقرر يخلي الزجاجة دي ذكرى غالية. ,Sudanese
" في إحدى الأمسيات الموسيقية، سأل خالد صديقه: ""هل لديهم عروض حية؟"" فأجابه بحماس: ""نعم، واليوم ستكون هناك فرقة مشهورة."" فقررا الذهاب معاً واستمتعا بأجواء الحفل الرائعة. عادا إلى المنزل وقد امتلأت قلوبهما بالموسيقى والسعادة. "," في واحدة من الأماسي المزيكية، خالد سأل صاحبو: ""عندهم عروض حية ولا شنو؟"" صاحبو رد عليهو بي حماس: ""أيوه، والليلة ح تكون فيه فرقة مشهورة جداً."" قررو يروحو سوا واستمتعو بأجواء الحفلة الحلوة. رجعو للبيت وقلوبهم مليانة بالأغاني والفرحة. ",Sudanese
" ذهبت سارة إلى السوق لتشتري حقيبة جديدة. وعندما رأت واحدة أعجبتها، سألت البائع ""هل بإمكاني رؤية هذه الحقيبة؟"" أخرج البائع الحقيبة بابتسامة وأشاد بذوقها الرفيع. بعد أن فحصتها جيدًا، قررت سارة شراء الحقيبة. "," سارة مشت السوق عشان تشتري شنطة جديدة. ولمن شافت واحدة عجبتها، قالت للبياع ""ممكن أشوف الشنطة دي؟"" البياع طلع الشنطة وهو مبتسم ومدح في ذوقها الجميل. بعد ما كشفتها كويس، سارة قررت تشتري الشنطة. ",Sudanese
" في أحد الأيام، سأل الزبون البائع، ""هل لديك شيء آخر؟"" فأجاب البائع بابتسامة وأحضر له قطعة نادرة. شعر الزبون بالسعادة لأنه وجد ما كان يبحث عنه. ومنذ ذلك اليوم، أصبح ذلك الزبون زبونًا دائمًا للمتجر. "," في يوم من الأيام، الزبون سأل البياع، ""عندك حاجة تاني؟"" البياع ضحك وجاب ليهو حاجة نادرة كده. الزبون فرح شديد لأنو لقى الحاجة الكان بيدور عليها. ومن يومها، الزبون دا بقى زبون دايم للدكان. ",Sudanese
" في يوم من الأيام، كان هناك رجل يعمل بجد ولا يعرف متى يتوقف. ومع مرور الوقت، بدأ يشعر بالإرهاق الشديد. قالت له زوجته ذات مساء: ""أنت بحاجة للراحة."" استمع لنصيحتها وقرر أخذ إجازة ليستعيد نشاطه. "," في يوم من الأيام، كان في زول شغّال شغل شديد وما عارف يقيف. ومع مرور الزمن، جاه إحساس بتعب كتير. واحدة ليلة، قالت ليهو مرتو: ""إنت محتاج لراحة."" سمع كلامها وقرر ياخد إجازة عشان يرتاح ويرجع ليهو نشاطو. ",Sudanese
 من فضلك إملأ بطاقة الوصول التالية واستمارة الجمارك. وصل أحمد إلى المطار وفي يده حقيبته الثقيلة. بعد إنهاء الإجراءات، توجه إلى مكتب الاستقبال حيث قابل صديقه القديم. تبادلا الأحاديث والذكريات، ثم اتجها معاً إلى مدينتهما العزيزة. , لو سمحت عبي الورقة دي وكمان ورقة الجمارك. أحمد وصل للمطار ومعاه شنطته الثقيلة. خلص كل الإجراءات، ومشى لمكتب الاستقبال ولقى صاحبو القديم. قعدو يتونسو ويتذكرو الأيام الخوالي، وبعدين مشو مع بعض لي بلدهم الحبوبة. ,Sudanese
" وقف يحيى على جانب الطريق ينتظر السيارة المتجهة إلى سيتل. عندما مرت السيارة، أشار إليها يحيى متسائلاً ""هل هذه السيارة متجهة إلى سيتل؟"" فأومأ السائق بالإيجاب وتوقف ليقله. شعر يحيى بالامتنان وهو يجلس في السيارة متجهين إلى وجهته. ","  وقف يحيى جنب الزلط كان منتظر العربية البتروّح لسيتل. لمّن جات العربية، سأل يحيى ""هل هذه العربية متجهة لسيتل؟"" الدرايفر إشر ليهو بيها ووقف عشان يشيلو. يحيى حس بالامتنان وهو قاعد في العربية سايرين لي وين ماشي. ",Sudanese
 ذهب أحمد للجامعة ليسجل في دورة اللغة الإنجليزية، ولكنه فوجئ بارتفاع الرسوم. سأل الموظف إذا كان بالإمكان دفع جزء من الرسوم الآن. وافق الموظف وابتسم قائلاً إن هذا ممكن. شعر أحمد بالسعادة لأنه سيتمكن من البدء في الدورة دون تأخير. , أحمد مشى الجامعة عشان يسجل في كورس الإنجليزي، لكنه اتفاجأ بالرسوم الغالية. سأل الزول داك لو ممكن يدفع شوية من الفلوس دحين. الزول وافق وقال ليهو بابتسامة إنو دا ممكن. أحمد فرح شديد لأنو ح يقدر يبدا الكورس من غير تأخير. ,Sudanese
 هذا السؤال دار في ذهن يوسف لدى رؤيته للوردة الجميلة. إنها تبدو حقيقية بألوانها الزاهية وأوراقها الناعمة، لكن شيئا ما يجعله يشك. قرر يوسف أن يقترب ويمسك الوردة ليكتشف الحقيقة. وبمجرد لمسها ابتسم، فالوردة كانت طبيعية وعطرها يفوح في الأجواء. , السؤال دا دار في دماغ يوسف وهو شايف الوردة الحلوة ديك. شكلها زي الحقيقي بألوانها الفاتحة وأوراقها اللينة، بس في شي غريب خلاه يشك. يوسف قرر يقرب ويمسك الوردة عشان يعرف الحقيقة. لما مسكها ضحك، لأن الوردة كانت طبيعية وريحتها عاملة في الجو. ,Sudanese
" في يوم من الأيام، سأل الفتى صديقه بقلق: ""هل ستنتظرني هنا؟"" وعد الصديق بالإنتظار، ولكن مرت الساعات ولم يعد الفتى. ظل الصديق واقفًا ينتظر حتى غروب الشمس، وأدرك أخيرًا أن الوعود أحيانًا لا تُصان. "," في يوم جات سؤال من ولد لصاحبو بي قلق كدا: ""ح تقعد تستناني هنا؟"" صاحبو وعدو إنو يستنى، بس الساعات عدَّت والولد ما جا. صاحبو قعد قاعد ويستنى لحدي ما الشمس غابت، وفِ النهاية عرف إنو الوعود ساي بتضيع. ",Sudanese
 آه شكراً كنت أبحث عنها منذ قليل. وجدتها أخيرًا تحت كومة الكتب القديمة. كنت أحتاجها لإتمام بحثي العلمي. فرحت كثيرًا لأنها من النوادر. أعدتها إلى مكتبتي بحرص شديد. , آي شكراً، كنت قاعد أدور عليها من شوية كدا. لقيتها حقتي تحت رومة الكتب القديمة ديك. محتاجنها عشان أكمل البحث العلمي بتاعي. فرحت جدًا لأنها من الحاجات النادرة. رجعتها لمكتبتي بي جدية. ,Sudanese
" في يوم من الأيام، ذهب أحمد إلى المتجر لشراء هاتف جديد. عندما وصل إلى الصندوق، سأله البائع ""نقداً أم على بطاقة الائتمان؟"". فكر أحمد للحظة ثم قرر الدفع نقداً لتجنب رسوم الفائدة. شعر بالسعادة وهو يغادر المتجر حاملاً هاتفه الجديد دون أي ديون. "," في يوم، أحمد راح للدكان عشان يشتري موبايل جديد. لما وصل للكاشير، الزول سألو ""كاش ولا بالكريديت كارت؟"". أحمد فكر شوية وقرر يدفع كاش عشان ما يدخل في حوسة الفوائد. وفرحان مشى من الدكان ومعاهو الموبايل الجديد من غير ديون. ",Sudanese
 في يوم مشمس، وجد محمود نفسه في مدينة لم يزرها من قبل. كان ينظر حوله بدهشة، فالمباني كانت ذات طراز فريد والناس يتحدثون بلهجات مختلفة. شعر بالضياع ولكنه كان متحمسًا لاكتشاف هذا المكان الجديد. في نهاية اليوم، تمكن من التعرف على بعض السكان الودودين الذين عرضوا عليه المساعدة. , في يوم حِر شديد، محمود لقى نفسو في بلد ما قد زارها قبل كدا. كان بيتلفت حوالينو وهو متعجب، لأن العمارات كانت شكلها غريب والناس كانت بتتكلم بلهجات مختلفة. حس بالضياع شوية، لكن كمان كان حابي يستكشف المكان الجديد دا. وفي آخر اليوم، قدر يتعرف على ناس طيبين ساعدوهو وعرضو عليه المساعدة. ,Sudanese
" كان أحمد يبحث عن هدية مناسبة لصديقه، ولكنه لم يكن يملك الكثير من المال. وجد ساعة جميلة في أحد المحلات ولكنها كانت مكلفة. تذكر كلمات صديقه ""ليس تماماً. فقط شيء ما غير غالي الثمن"". فاشترى كتاباً كان صديقه يتمنى الحصول عليه. "," أحمد كان بيدور على هدية مناسبة لصاحبو، لكن ما كان عندو قروش كتيرة. لقى ساعة حلوة في واحد المحلات، لكن كانت غالية. افتكر كلام صاحبو ""ما لازم تكون غالية خالص. بس حاجة كدا ما غالية"". عشان كدا اشترى ليهو كتاب كان صاحبو نفسو فيهو. ",Sudanese
 اشترت أميرة فستانًا جديدًا وكانت في حيرة، هل يمكن أن يتم غسيله في المغسلة أم يدويًا في المنزل؟ قررت أن تستشير البائعة التي نصحتها بالغسيل اليدوي للحفاظ على نوعية القماش. وعلى الرغم من تحذير البائعة، قررت أميرة أن تجرب الغسيل في المغسلة لتوفير الوقت. ولكن بعد استلام الفستان من المغسلة، تفاجأت بأن الألوان قد بهتت والقماش قد تلف. , اشترت أميرة فستان جديد وكانت محتارة، ياتو أحسن يغسلو في المغسلة ولا يدوي في البيت؟ قررت تسأل البت البايعة القالت ليها تغسلو بإيدها عشان القماش ما يبوظ. لكن ما سمعت النصيحة وودتو المغسلة عشان توفر وقت. ولما استلمت الفستان من المغسلة، انصدمت لما لقت الألوان اتبهتت والقماش باظ. ,Sudanese
" كان هناك طفل يحب الرسم كثيراً، وذات يوم نفذت ألوانه المائية فطلب من والدته شراء علبة جديدة. قال لها ""أحتاج علبة ألوان مائية من فضلك"". فابتسمت الأم ووعدته بشراء أفضل علبة لون مائي في السوق. وعندما حصل على الألوان الجديدة، أمضى الطفل ساعات يرسم لوحة زاهية شكراً لأمه. "," كان في ولد بيحب الرسم شديد، وفي يوم من الأيام خلصت الوانو المائية فقال لأمو يشتري ليهو علبة ألوان جديدة. قال ليها ""محتاج علبة ألوان مائية لو سمحتي"". الأم ابتسمت ليهو وقالت حتجيب ليهو أحسن علبة في السوق. لما جابت ليهو الألوان الجديدة، الولد قعد يرسم لوحة جميلة كتير وشكر أمو عليها. ",Sudanese
" كان يمشي في السوق عندما صدم بشخص. التفت ليرى من هو، فإذا به صديقه القديم. قال له متفاجئاً: ""آسف. ماذا كنت تريد؟"" ضحك صديقه ودعاه لتناول القهوة. "," كان ماشي في السوق وفجأة دقش واحد. لف لقى صاحبو القديم. قال ليهو مستغرب: ""آسف. كنت عايز شنو؟"" صاحبو ضحك وعزمو على قهوة. ",Sudanese
 قرر ماجد تغيير الموعد لزيارة الطبيب إلى التاسع عشر من مايو بدلاً من الخامس عشر بسبب ارتباطات عمل طارئة. عندما حل اليوم المنتظر، استيقظ مبكرًا وتوجه إلى العيادة. وجد الطبيب ينتظره، فقد كان أول المرضى في ذلك اليوم. تمت الفحوصات بسلاسة، وغادر ماجد وهو يشعر بالرضا عن قراره. , ماجد قرر يغير موعد معاينتو عند الدكتور ليوم التاسع عشر من مايو بدل الخامس عشر عشان عندو شغل مهم طلع ليهو. لما جا اليوم المنتظر، قام بدري وراح لعند العيادة. لقى الدكتور قاعد يستناهو، كان أول زول اليوم داك. الكشف كان سهل وماجد مشى وهو مبسوط من قرارو. ,Sudanese
" عندما وصل خالد إلى الفندق، قُدمت له الاستقبالية ورقة وقالت: ""من فضلك وقع هنا"". وأشارت إلى الخط الأسفل ثم أعطته فاتورة بمصروفاته قائلة: ""وهذه فاتورة بمصروفاتك"". خالد تفحص الفاتورة متأنيًا، ولاحظ أن كل شيء كان على ما يرام. بعد أن وقّع، شكر الاستقبالية وتوجه إلى غرفته، مرتاحًا لتسوية الأمور بسلاسة. "," لما وصل خالد للفندق، الاستقبال قالت ليهو: ""من فضلك امضي هنا"". وأشرت للخط تحت وعطتو الحساب بتاعو وقالت: ""ودي فاتورة مصروفاتك"". خالد شاف الحساب كويس ولقى إنو كل حاجة تمام. بعد ما وقع، شكر الاستقبال ومشى لغرفتو مستريح لأنو خلص الأوراق بسهولة. ",Sudanese
 في أحد الأيام، ذهبت سارة إلى السوق لتشتري بعض الجوارب الحريمي. وجدت متجراً صغيراً يبيع ما تبحث عنه بأسعار معقولة. اشترت سارة ثلاثة أزواج من الجوارب الملونة. عادت إلى المنزل سعيدة بمشترياتها وارتدت زوجاً جديداً فوراً. , في يوم من الأيام، سارة مشت السوق تدور ليها على جوارب حريمي. لقت دكان صغيرون بيبيع الجوارب بسعر كويس. سارة اشترت تلاتة دست جوارب ملونة. ورجعت البيت فرحانة بي الشرا ولبست واحد منهم حالاً. ,Sudanese
 كان محمد يشعر بالجوع الشديد، فقرر أن يذهب إلى السوق ليشتري لحوم الضأن. وجد محمد الجزار المعروف بجودة لحمه واشترى منه كمية وافرة. عندما عاد إلى المنزل، شرع في تحضير وجبة شهية. جمعت العائلة حول المائدة، وتناولوا الطعام معاً وسط أجواء من البهجة والسرور. , محمد كان جعان خلاص، فقرر يمشي السوق عشان يشتري لحم ضأن. لما وصل، لقى الجزار الكويس البيبيع لحم حلو وشال منو حتة كبيرة. ورجع البيت، بدأ يعمل في أكلة لذيذة. العيلة اتلمت حول السفرة، وأكلوا مع بعض في جو مليان فرحة ومسرة. ,Sudanese
 في يوم صيفي حار، وجد حسام نفسه يتجول في الأزقة القديمة بحثاً عن شيء ما، لكنه لم يكن يعلم ما هو. كانت الشمس تلفح وجهه والعرق يتصبب من جبينه، وفجأة توقف أمام متجر أنتيكات قديم. فتح باب المتجر المتآكل ودخل، وهناك وجد تمثالاً صغيراً يشع بريقاً خفياً، شعر حينها أنه ما كان يبحث عنه. , في يوم حار جداً، حسام لقى نفسو ماشي في زقاقات البلد القديمة، كان بدور على حاجة بس ما عارف هي شنو. الشمس كانت حارقة وجهو والعرق نازل من راسو، ولقى نفسو واقف قدام دكان أنتيكات قديم. فتح الباب الختيار ودخل، وتما لقى تمثال صغيرون بيلمع، حس في اللحظة ديك إنو دا الحاجة الكان بدور عليها. ,Sudanese
 كنت أقف في المحطة، أتأمل الحافلات المتجهة إلى وجهات شتى. سألت المارة عن الحافلة المتجهة إلى محطة بين، فأشاروا إلى الحافلة رقم سبعة. صعدت إلى الحافلة وجلست أفكر في الأشياء التي سأفعلها عند الوصول. وبعد رحلة قصيرة، وصلت إلى المحطة المنشودة وبدأت يومي بحماس. , كنت واقف في الموقف، أتفرج على المواصلات البتمشي لي حتت مختلفة. سألت الناس عن المواصلة البتروح لي محطة بين، قالو لي أركب البص رقم سبعة. طلعت البص وقعدت أفكر في الحاجات الحأعملها لما أوصل. وبعد مشوار قصير، وصلت للمحطة الكنت عاوزها وبديت يومي بنشاط. ,Sudanese
 في ليلةٍ هادئة، سمعتُ صوتًا غريبًا خارج النافذة. عندما اقتربت لأرى ما هو، وجدت قطةً صغيرة تبحث عن مأوى. فتحتُ النافذة ودعوتها إلى الداخل. ومنذ تلك الليلة، أصبحت القطة جزءًا لا يتجزأ من حياتي. , في ليلة مسالمة، سمعت صوت غريب برة الشباك. لما قربت عشان أشوف الصوت دا من شنو، لقيت قطوة صغيرة بتدور على مكان تقعد فيهو. فتحت الشباك وخليتا تدخل. ومن الليلة ديك، القطوة دي صارت جزء من حياتي. ,Sudanese
 ذهب محمود إلى السوق لشراء جوارب رجالية جديدة. وجد متجرًا يعرض تشكيلة واسعة من الجوارب بألوان وأنماط مختلفة. اختار ثلاثة أزواج بألوان متناسقة مع ملابسه. عاد إلى المنزل فرحًا بمشترياته وقرر أن يعود مجددًا للمتجر. , محمود مشى السوق عشان يجيب جرابات رجالي جداد. لقى دكان فيهو جرابات كتيرة بألوان وأشكال مختلفة. انتقى تلاتة جوزات بألوان تناسب هدومو. رجع البيت مبسوط بالحاجات الجابها وقرر يرجع تاني للدكان. ,Sudanese
 كانت ليلى تبحث عن وجبة خفيفة لتناولها في المساء. عندما وجدت طبق السلطة، فرحت كثيراً لأن سعراتها الحرارية منخفضة جداً، فقط 30 سعر. قررت أن تجعلها وجبتها الأساسية في الرجيم. وبالفعل، ساعدتها هذه السلطة على خسارة الوزن بشكل صحي. , ليلى كانت قاعدة تدور على حاجة خفيفة تاكلها بالليل. لمن لقت طبق السلطة دي، فرحت شديد لأنو السعرات الحرارية بتاعتا قليلة خالص، بس 30 سعر. قررت تخليها أكلها الرئيسي وهي بتعمل رجيم. وفعلاً، السلطة دي ساعدتها تخس بصحة وعافية. ,Sudanese
 كان محمد يريد أن يسافر إلى مدينة جميلة لقضاء إجازته. ولهذا قرر أن يحجز غرفة في فندق يطل على البحر. بحث على الإنترنت ووجد مكاناً مثالياً يناسب ميزانيته. بعد إتمام الحجز، شعر بسعادة كبيرة استعداداً لرحلته. , محمد كان عايز يمشي يتسمر في مدينة حلوة في الإجازة بتاعتو. عشان كدا قرر يحجز ليهو أوضة في فندق قدام البحر. دوّر في النت ولقى مكان مناسب للفلوس البيهو. بعد ما خلّص حجزو، حس بفرحة كبيرة وهو مستعد للمشوار. ,Sudanese
" في أحد الأيام، سأل الطالب الجديد زميله في الفصل: ""من أي مكان في اليابان أنت؟"" فأجابه الزميل بابتسامة: ""أنا من كيوتو، مدينة الألف معبد."" ومنذ ذلك الحين، أصبحا صديقين مقربين وقضيا الوقت في استكشاف الثقافة اليابانية معًا. في نهاية العام الدراسي، دعا الطالب زميله لزيارة بلدته الصغيرة في أوكيناوا ليظهر له جمال الجزر الجنوبية. "," في يوم من الأيام، الطالب الجديد سأل زميلو في الفصل: ""أنت من وين في اليابان؟"" زميلو رد عليهو بابتسامة: ""أنا من كيوتو، مدينة الألف معبد."" من ذاك اليوم، صارو صحاب دايمين وقضوا وقتهم في اكتشاف الثقافة اليابانية مع بعض. في آخر السنة الدراسية، الطالب دعا زميلو يزور بلدو الصغيرة في أوكيناوا عشان يوريهو جمال الجزر الجنوبية. ",Sudanese
 لسوء الحظ، هو مشغول جداً في ذلك اليوم. كان عند أحمد العديد من المواعيد والالتزامات التي لا يمكن تأجيلها. رغم ذلك، وجد الوقت لمساعدة صديقه المحتاج. في نهاية اليوم، شعر بالرضا لتمكنه من الجمع بين واجباته ومساعدة الآخرين. , للأسف، هو كان مشغول وايد في اليوم داك. أحمد كان عندو شغل كتير ومواعيد ما ممكن يأجلها. لكن، لسه لقى فرصة يساعد صاحبو المحتاج. بالآخر اليوم، حس براحة البال لأنو قدر يدير واجباتو ويساعد الناس. ,Sudanese
" في يومٍ ماطر، ذهبت أمل لشراء مظلة جديدة. وبينما كانت تتصفح المحل، أشار لها البائع إلى مظلة زرقاء جميلة. قالت أمل: ""في هذه الحالة ، أنصح بهذه الواحدة."" ومنذ ذلك اليوم، أصبحت المظلة رفيقة أمل الدائمة في كل الأجواء. "," في يوم مطر، أمل مشت تشتري شمسية جديدة. وهي بتلفت في الدكان، الزول قال ليها على شمسية زرقا حلوة. أمل قالت: ""في الحالة دي، أنا بقول دي الشمسية الزينة."" ومن يومها، الشمسية دي صارت صاحبة أمل الدايمة في كل الجو. ",Sudanese
 في يومٍ مشمس، خرج سعيد ليبحث عن خدمة. وجد حجرة جميلة تحتاج إلى تنظيف وقرر أن يقدم خدماته. عمل بجد وأتقن العمل حتى أعجب به الجميع. وبذلك حصل على الكثير من العملاء الدائمين. , يوم من الأيام والشمس طالعة، سعيد مشى يدوّر في شغلانة. لقى حجرة حلوة كده محتاجة لي نظافة، قام قرر يعرض خدماتو. شغل شغلانتو بي جدية وكمّلها زي الفل، الناس كلهم انبهروا بيهو. وكده بقى عندو زباين كتار ثابتين. ,Sudanese
" كان في قرية صغيرة يعيش فيها أهلها بسلام، وفي يوم من الأيام، سمع الناس صوتًا عاليًا ينادي ""انتبهوا من فضلكم"". التفت الجميع ليروا رجلًا يحذرهم من خطر قادم. أخذ الأهالي النداء على محمل الجد وبدأوا بالاستعدادات لمواجهة الطارئ. وبفضل تحذير الرجل، استطاعوا أن يحموا القرية وأنفسهم من الخطر الداهم. "," كان في حلة صغيرة عايشين ناسها في هنا وسلام، وفي يوم لقوا واحد بيصرخ ""يا جماعة خلوا بالكم من فضلكم"". الكل التفت لاقوا زول بينبهم لخطر جاييهم. الهل بدو ياخدو الكلام بجد واتجهزوا لأي حاجة تحصل. والحمدلله، بسبب تحذير الزول دا، قدروا يحمو الحلة ونفسهم من الشر القرب يجيهم. ",Sudanese
" كانت ليلى تبحث عن فستان لحضور حفل زفاف صديقتها. وجدت واحدًا يعجبها في السوق لكنه كان ملطخًا ببعض البقع. توجهت إلى البائع وسألته ""هل تستطيع أن تخفض سعرها لوجود بعض البقع بها؟"". ابتسم البائع ووافق على تخفيض السعر مما جعل ليلى تشتريه بسعادة. "," ليلى كانت بتدور على فستان لحفلة عرس صاحبتها. لمحت واحد عاجبها في السوق لكن كان معفن بشوية بقع. قالت للبياع ""تقدر تنقص لي في السعر عشان فيهو البقع دي؟"". البياع ضحك وقال ليها حاضر وخصم ليها من السعر وهي اشترتو وفرحانة. ",Sudanese
" في يوم مشمس، سأل الطفل جده: ""هل لديك أية طوابع تذكارية؟"" فابتسم الجد وأخرج صندوقًا قديمًا مليئًا بالطوابع من جميع أنحاء العالم. كانت كل طابعة تحكي قصة من رحلات الجد الطويلة. وبتلك الطوابع، سافر الطفل حول العالم دون أن يترك غرفته. "," في يوم حلو، الواد سأل جده: ""عندك طوابع تذكارية كدا؟"" الجد قام ضحك وطلع ليهو علبة قديمة كلها طوابع من بلدان الدنيا كلها. كل طابع كان بيحكي حكاية من مشاوير الجد البعيدة. وبالطوابع دي، الولد سافر لكل العالم وهو جالس في أوضتو. ",Sudanese
" في ليلة باردة بأحد الفنادق القديمة، دخلت امرأة الغرفة رقم ثلاثة سبعة عشر مرتجفة من البرد. نظرت حولها ولاحظت أن النافذة مفتوحة، فأسرعت إلى إغلاقها. شعرت بالبرودة تخترق عظامها فنادت الموظف المسؤول قائلة ""هذه غرفة ثلاثة سبعة عشر. يمكنني أخذ بطانية أخرى؟"" أحضر لها الموظف بطانية دافئة وعرض عليها كوباً من الشاي الساخن لتدفئتها. "," في ليلة باردة في واحد من الفنادق القديمة، دخلت واحدة ست الغرفة رقم تلاتة سبعة عشرة وهي بترتجف من البرد. بصت حوالينها وشافت الشباك مفتوح، فجريت عشان تقفلو. حست بالبرد داخل لعظامها ونادت على الزول القاعد هناك قالت ليهو ""ده غرفة تلاتة سبعة عشر. ممكن آخد لي بطانية تانية؟"" الزول جاب ليها بطانية دافية وعرض عليها كباية شاي سخن تدفيها. ",Sudanese
 كان يحتاج خالد إلى الوصول للمحطة بسرعة ليلحق بالقطار. سأل السائق المجاور إن كان يستطيع أن يوصله في خمس عشرة دقيقة. بمهارة، تفادى السائق الزحام وسار بسرعة. وصل خالد إلى المحطة بالوقت المحدد وشكر السائق على مجهوده. , خالد كان محتاج يلحق المحطة بسرعة عشان القطر. سأل الدفار الجنبو كدا لو يقدر يوصلو في خمستاشر دقيقة. بفنياتو، الدفار دار بي الزحمة ومشى جري. خالد وصل للمحطة في الزمن المعين وشكر الدفار على تعبو. ,Sudanese
 اضطر محمد للبحث عن مصرف يقبل رهن العربة لأنه كان بحاجة ماسة للمال. وجد مصرفاً وافق على منحه القرض مقابل رهن السيارة. أتم محمد الإجراءات وحصل على المبلغ الذي يحتاجه. وبذلك استطاع أن يدفع مصاريف العلاج الضرورية لوالدته المريضة. , محمد اضطر يدور على بنك يقبل يرهن العربية عشان كان محتاج فلوس شديد. لقى بنك وافق يديهو قرض مقابل يرهن العربية. خلص محمد الإجراءات واستلم القروش الكان محتاجها. وبكده قدر يدفع تكاليف علاج أمو المريضة. ,Sudanese
 ارتطم بي شخص في السوق المزدحم، وعندما وقعت على الأرض، ساعدني في النهوض. بعد أن رحل الشخص، تفقدت جيوبي لأجد أن محفظتي قد سرقت. شعرت بالغضب والحيرة، وتوجهت مباشرة إلى مركز الشرطة لتقديم بلاغ. , في السوق المعمور داك، واحد اتخبط فيني ولما وقعت، جا ساعدني أقوم. لما مشى، لقيت محفظتي ما معاي. زعلت واتلخبطت، ورحت للبوليس عشان أبلغ. ,Sudanese
 عندما وصلت إلى الفندق، أخبرتني الاستقبالية أنه لا يوجد أماكن شاغرة بالغرف ذات السرير الواحد. لكنها اقترحت علي الإقامة في غرفة مزدوجة بنفس السعر. وافقت على العرض بسعادة واستلمت مفتاح الغرفة. وفي تلك الليلة، قابلت زميل الغرفة الجديد الذي أصبح صديقي المقرب. , لمّا وصلت للفندق، الريسبشن قالت لي مافي مكان فاضي في الأوض الفيها سرير واحد. لكنها عرضت علي أوضة مزدوجة بنفس السعر. قبلت العرض بفرحة وأخدت مفتاح الأوضة. وفي الليلة ديك، قابلت الزول البجاورني في الأوضة وبقى صاحبي الداير. ,Sudanese
 كان لدى علي تذكرة حفل موسيقي مهمة جدًا. تفقد التذكرة ورأى أنها ليوم محدد فقط. شعر بالقلق لأنه لم يكن متأكدًا إذا كان بإمكانه الذهاب في ذلك اليوم. قرر في النهاية الاتصال بالمنظمين ليتأكد من صلاحية التذكرة. , عندو علي تذكرة لحفلة غنائية مهمة شديد. لما تفتش في التذكرة لقاها ليوم معين بس. حس بالقلق لأنو ما كان متأكد يقدر يروح في اليوم داك ولا لا. قرر في الآخر يتصل بالمنظمين عشان يتأكد من التذكرة دي ما زالت سارية. ,Sudanese
 وصل أحمد إلى ميلانو في الصباح الباكر. كانت المدينة تنبض بالحياة والأناقة. قرر أن يتجول في شوارعها ويستمتع بمعالمها. في المساء، التقى بأصدقاء قدماء وتناولوا العشاء معًا. , أحمد وصل الصباح بدري لميلانو. المدينة كانت حية وشيك. قرر يتمشى في الشوارع ويشوف الأماكن الحلوة. بالليل، لاقى صحابو القدامى وتعشوا سوا. ,Sudanese
" في مكتب صغير بقلب المدينة، سأل مدير الموارد البشرية الجديد العاملين: ""هل لديكم شخص يتحدث اليابانية؟"" فرفع يوسف يده مترددًا، ليس لأنه يتقنها تمامًا ولكن لأنه كان يدرسها لبضعة أشهر. أدرك المدير أن يوسف يملك الشغف وقدرة التعلم، فقرر إعطاؤه فرصة. وبعد عام، أصبح يوسف المترجم الرئيسي لكل المراسلات مع الشركاء اليابانيين. "," في مكتب صغيروكدا في وسط البلد، سأل الزول الجديد البشتغل في إدارة الناس: ""ما عندكم زول يعرف يتكلم ياباني؟"" ورفع يوسف إيدو بالحيل، مش عشان هو عارفو صاح ولكن عشان كان بيدرسو يمكن شهور كدا. الزول عرف إن يوسف عندو الحماس وبيتعلم بسرعة، فقرر يديهو الفرصة ديك. وبعد سنة، يوسف صار المترجم الرئيسي للكلام مع الشركاء اليابانيين. ",Sudanese
 في إحدى القرى النائية، كان هناك رجل عجوز يعزف الموسيقى الشعبية على الراديو القديم. وفي كل مساء، كانت العائلات تتجمع حول النار للاستماع إلى الألحان التي تذاع من المحطة المحلية. ذات ليلة، قرر الشاب محمود أن يتعلم العزف ليحافظ على تقاليد قريته. بمرور الوقت، أصبح محمود معلماً للموسيقى الشعبية واستمرت المحطة في البث دون انقطاع. , في واحدة من القرى البعيدة، كان فيه زول كبير بيعزف الأغاني الشعبية على الراديو القديم. وكل مسا، الأسر كانت بتتلم حوالين النار عشان يسمعو للنغمات البتطلع من المحطة المحلية. في ليلة من الليالي، الزول الشاب محمود قرر يتعلم العزف عشان يحافظ على عادات القرية. ومع الزمن، محمود بقى الأستاذ بتاع الأغاني الشعبية والمحطة واصلت في البث ما انقطعت. ,Sudanese
 في يوم مشمس، قرر أحمد أن يسافر عبر شركة الخطوط الجوية دلتا إلى نيويورك. حجز تذكرته بسهولة عبر الإنترنت وبدأ يستعد لرحلته بحماس. وصل إلى المطار مبكرًا، ومر بإجراءات الأمن دون مشاكل. بعد الإقلاع، استمتع بخدمة الضيافة على متن الطائرة وتأمل السماء الزرقاء خلال الرحلة. , في يوم مشرق، أحمد قرر يسافر عبر شركة الخطوط الجوية دلتا لنيويورك. حجز تذكرتو بالنت بسهولة وجهز حالو للسفر بفرحة. وصل المطار بدري، وعدى من الأمن من غير مشاكل. بعد الطيران، استمتع بالخدمة على الطيارة وقعد يتفرج على السما الزرقاء في الرحلة. ,Sudanese
 في أحد الأيام، قرر خالد أن يشتري إبريق قهوة جديد لأن القديم قد تكسر. ذهب إلى السوق وبحث في كل مكان حتى وجد إبريقًا أنيقًا يناسب ذوقه. بعد الشراء، عاد إلى المنزل وقام بإعداد أول قهوة في إبريقه الجديد ودعا أصدقائه لتذوقها. استمتع الجميع بالقهوة وأثنوا على جودة الإبريق الجديد. , في يوم من الأيام، خالد قرر يشتري إبريق قهوة جديد لأن القديم انكسر. راح للسوق ودور في كل حتة لحدي ما لقى إبريق كشخة يليق بي ذوقو. لما اشتراه، رجع البيت وعمل أول قهوة في الإبريق الجديد ده وعزم صحابو يجربوها. الكل استمتعوا بالقهوة ومدحوا في إبريق القهوة الجديد. ,Sudanese
" في يوم من الأيام، بحث علي عن بيت جديد للإيجار. عندما وصل إلى البيت الذي أعجبه، سأل صاحب العقار: ""هل تحتوي على حمام ومرحاض؟"". أجابه الرجل بابتسامة: ""بالطبع، وهما مجهزان بأحدث التجهيزات"". فأحس علي بالراحة، لأنه كان يبحث عن المرافق الحديثة في منزله الجديد. "," في يوم من الأيام، علي كان بدور على بيت جديد يكراهو. لما وصل للبيت العجبو، سأل صاحب العقار: ""البيت ده فيهو حمام ولاّ مرحاض؟"". الزول رد عليهو بضحكة: ""أكيد يا زول، كلو متكامل وفي أحسن حال"". علي حس بي راحة، لأنو كان داير الحاجات الحديثة في البيت الجديد بتاعو. ",Sudanese
 كان هناك طالب يدرس للامتحان طوال الليل، وعندما جاء وقت الامتحان، شعر بالإرهاق الشديد. حاول التركيز ولكنه لم يستطع تذكر المعلومات جيداً. عندما نظر إلى الساعة، أدرك أن الوقت انتهى. شعر بخيبة أمل كبيرة وعزم على تنظيم وقته بشكل أفضل في المستقبل. , كان في زول طالب بجتهد للإمتحان سهران للصباح، ولما جات ساعة الإمتحان، حس بتعب شديد. حاول يجمع تفكيرو لكن ما قدر يفتكر المعلومات كويس. لما لقى لي الساعة، اتضح ليهو إنو الوقت خلاص انتهى. حس بخسارة كبيرة وقرر يرتب زمنو بطريقة أحسن في المرات الجاية. ,Sudanese
 سمعت أن السيد يامادا عنده ولدان، فقررت أن أزوره في منزله الكبير. وعندما وصلت، رأيت الأولاد يلعبون في الحديقة وهما سعيدان جدا. السيد يامادا استقبلني بحفاوة وأظهر لي مكتبته الضخمة. وقبل أن أغادر، أهداني كتاباً قيماً كان يقرأه لأولاده كل ليلة. , سمعت أنو الزول يامادا عندو ودادين، فحبيت أمر ليهو في بيتو الكبير داك. لمّن وصلت، شفت العيال بيلعبو في الجنينة ومبسوطين خالص. الزول يامادا استقبلني بي ضيافة كدا ووراني مكتبتو العظيمة ديك. وقبل ما أمشي، جاب لي كتاب غالي كان بيقراهو للودادين بالليل. ,Sudanese
 كنت أحلم دائمًا بالإبحار في البحر الأزرق الواسع، وفي يوم مشمس، قررت أن أحقق حلمي. أود أن أستأجر قارب شراعي فبدأت بالبحث عن مكان للإيجار. وجدت المكان المثالي وتعلمت أساسيات الإبحار. أخيرًا، أبحرت وشعرت بحرية لم أشعر بها من قبل. , دايمًا كنت بحلم أني أبحر في البحر الأزرق الفسيح داك، وفي يوم لايق وشمسي، قررت أخلي الحلم حقيقة. عايز أستأجر لي مركب شراعي، قمت قلّبت على حتة أستأجر منها. لقيت المكان المناسب وتعلمت الأبجديات الأساسية للقيادة. وأخيرًا، قمت أبحرت وحسيت بحرية ما حسيت بيها قبل كدا. ,Sudanese
" في يومٍ مشمس، سألت الأم ابنها: ""هل بإمكانك عمل الأطباق في وقت لاحق؟"" فأجاب الابن بابتسامة وأكمل لعبته. بعد ساعات، وقف الابن في المطبخ يغسل الأطباق بينما يستمع إلى الموسيقى. شعر بسعادة لأنه أوفى بوعده لأمه. "," في يوم حلو والشمس ضاربة، الأم قالت للولد: ""هسع، ممكن تغسل الصحون في وقت تاني؟"" الولد ضحك وكمّل لعبو. بعد شوية، الولد وقف في المطبخ وبدأ يغسل الصحون وهو سامع أغاني. حس بفرحة لأنو وفّى بالوعد القالو لأمو. ",Sudanese
 كان أحمد في حاجة إلى موقد غاز جديد لمطبخه. ذهب إلى السوق وبحث في عدة محلات. وجد موقدًا يناسب ميزانيته واحتياجاته. قام بشرائه وعاد إلى منزله سعيدًا. , احمد كان محتاج لي موقد غاز جديد للمطبخ بتاعو. راح للسوق ودور في كم دكان. لقى واحد كويس يناسب الفلوس العندو واشتراهو. رجع بيتو مبسوط. ,Sudanese
" كان يوسف يمتلك مبلغا من الدولارات الأمريكية وأراد تغييرها إلى جنيهات إسترلينية لرحلته إلى لندن. فذهب إلى مكتب الصرافة وسأل الصراف: ""هل يمكنك تغيير الدولارات الأمريكية إلى جنيهات إسترلينية؟"" فأجابه الصراف بأن السعر الحالي ممتاز للتحويل. فسر يوسف بذلك وقام بتبديل المبلغ، متطلعا لزيارة معالم لندن الشهيرة. "," يوسف كان عندو دولارات أمريكية وعايز يغيرها لجنيهات إسترلينية عشان يسافر لندن. راح لبتاع الصرفة وقال ليهو: ""ممكن تغير لي الدولارات الأمريكية لجنيهات إسترلينية؟"" الزول الصراف قال ليهو السعر ده كويس للتحويل اليوم. يوسف استانس وغير الفلوس، مستني يشوف معالم لندن الحلوة. ",Sudanese
 بالتأكيد يا سيدي. ما اسمك؟ قال الرجل العجوز وهو ينظر إليّ بعينين تملؤهما الحكمة. أجبته بأدب: اسمي عمر يا عمي. ثم سألني عن قصتي وكأنه يعرف أن هناك شيئاً ما خلف ستار الكلمات. وبعد حديث طويل، أدركت أن هذا الرجل قد يكون مفتاح حل لغز ماضي عائلتي. , أكيد يا زول. شنو اسمك؟ قال لي الزول الكبير وعيونو مليانة حِكمة. رديت عليهو بأدب: اسمي عمر يا حاج. بعدين سألني عن قصتي كأنو عارف في حاجة ورا الكلام. وبعد جلسة حِكاوي طويلة، فهمت إنو الزول دا ممكن يكون مفتاح لفك طلاسم ماضي العيلة. ,Sudanese
" في أحد الأيام, ذهب أحمد إلى عمله دون أن يلتزم بالزي الرسمي المعتاد. لاحظ رئيسه ذلك واستدعاه لمكتبه ليسأله عن السبب. أخبره أحمد أن ملابسه الرسمية تضررت بسبب عطل في الغسالة. تفهم الرئيس الموقف وسمح له بالعمل بملابسه العادية لهذا اليوم. "," في يوم من الأيام, مشى أحمد للشغل من غير ما يلبس الزي الرسمي. بص ليهو المدير وناداهو عشان يسألو ليه ما لابس زي الناس. قال ليهو أحمد أن الكمسري خرب وخرب معاهو هدومو الرسمية. المدير فهم الحاصل وقال ليهو تمام, اشتغل بلبسك العادي النهاردة. ",Sudanese
 ارجوا أن تحضر المرة القادمة فقط. عندما جاءت الفرصة التالية، لبى أحمد الدعوة وحضر. وجد نفسه في تجمع مليء بالمثقفين والأدباء. استمتع بالحديث معهم، وتعلم الكثير. , يا ريت تجي المرة الجاية بس. لما الفرصة الجاية جات، أحمد استجاب للدعوة وحضر. لقى روحو فمجمع مليان بالمثقفين والأدبا. استمتع بي الكلام معاهم واستفاد حاجات كتيرة. ,Sudanese
 كان يحيى غير متأكد إذا كان قد حزم ملابس كافية لرحلة مدتها ثلاثة أيام. فتح الحقيبة مرة أخرى وأضاف بعض القمصان والجوارب. لم ينسَ أخذ شاحن الهاتف والكاميرا لتوثيق اللحظات. وعندما وصل الى وجهته، شعر بالراحة لأنه أعد كل شيء بشكل جيد. , يحيى ما كان متأكد لو كان جهز كفاية هدوم لسفرة ثلاثة يوم. فتح الشنطة تاني وزاد شوية فنايل وشرابات. ما نسى ياخد معاهو الشاحن بتاع التلفون والكاميرا عشان يصور الحاجات الحلوة. ولما وصل للمكان الكان رايح ليهو، اتطمن لأنو كان جهز كل حاجة صاح. ,Sudanese
 في يوم من الأيام، وجد أحمد عملة نادرة وقيمتها دولاران لكل واحدة. قرر بيعها في المزاد العالمي. تجمع الناس من كل مكان لرؤية العملة النادرة. وفي النهاية، بيعت العملة بألف دولار. , في يوم من الأيام، لقى أحمد قروش قديمة وكل واحدة بتسوى دولارين. قرر يبيعها في مزاد عالمي. الناس اجتمعوا من كل حتة عشان يشوفوا القروش النادرة دي. وفي الآخر، اتباعت القروشة بألف دولار. ,Sudanese
 لقد تأكدنا جميعا من أن الكراسات قد أرسلت إليكم عن طريق البريد. في اليوم التالي، كان الجميع في المكتب يترقبون وصول الرد. لكن مرت الأيام ولم تأت أي إشارة من المستلم. وأخيرًا، بعد أسبوعين، وصلت برقية تؤكد استلام الكراسات وشكرهم على المحتوى القيم. , كلنا تأكدنا الكراريس اتبعتت ليكم بالبريد. تاني يوم، الناس في الدوام كلهم كانوا مستنين يجي الرد. بس الأيام فاتت ومافي زول سمع حاجة من الجهة المستلمة. وفي الآخر، بعد جمعتين، جاتنا برقية بتقول إنهم استلموا الكراريس وممتنين لينا على الحاجات الزينة الجوا. ,Sudanese
 في أحد الأيام، وجد حسام أن الكاشفات الخلفية لسيارته لا تعمل. قرر أن يفحص المشكلة بنفسه قبل الذهاب إلى الورشة. بعد فحص دقيق، اكتشف أن هناك فقط مصباح محترق. استبدله حسام وعادت الكاشفات لتعمل بكفاءة. , في يوم من الأيام، حسام لقى إنو اللمبات الورا في العربية ما شغالات. قام قرر يشوف العطل بنفسو قبل ما يمشي للميكانيكي. لما فتش كويس، لقى إنو في لمبة محروقة بس. غيّرها حسام واللمبات الورا رجعت شغالة تمام. ,Sudanese
 ذهب يوسف إلى السوق ليشتري قفازات جلدية. وجد محلاً يعرض أنواعاً مختلفة وطلب من البائع أن يريه بعضها. جرب يوسف عدة قفازات حتى وجد الزوج المناسب. شعر بالرضا عندما اشترى القفازات الجلدية المثالية. , يوسف مشى للسوق عشان يشتري جوانتي جلد. لقى دكان فيهو أنواع كتيرة وقال للزول يوريهو شوية منهم. فصل يوسف جوانتي كتير لحدي ما لقى البيرفكت. فرح أوي لما جاب الجوانتي الجلد العجيب داك. ,Sudanese
 لقد تعطلت العربة في طريق ناء. استدعى أحمد الميكانيكي على الفور. وصل الميكانيكي بأدواته وبدأ بالعمل. بعد ساعة، عادت العربة للعمل مجدداً. , العربية وقفت في طريق بعيد. أحمد إتصل بالمكانيكي على طول. المكانيكي جا بالعدة بتاعتو وشرع يشتغل. بعد ساعة، العربية شتغلت تاني. ,Sudanese
 في يوم من الأيام كان هناك طفل يدعى يوسف يبلغ من العمر ست سنوات، كان يحب القراءة كثيرًا. ذهب يوسف مع والدته إلى المكتبة ليختار كتابًا مصورًا. وجد كتابًا عن المغامرات الفضائية وأحبه من النظرة الأولى. أصبحت قصص الفضاء موضوعه المفضل وكان يحلم بأن يصبح رائد فضاء. , في يوم جا كان في ولد اسمو يوسف عمرو ست سنين، بيحب القراية خالص. يوسف ومامتو راحو المكتبة عشان يختار كتاب برسوم. لقى كتاب عن المغامرات الفضائية وعجبو من أول مرة. قصص الفضاء دي صارت حاجتو المفضلة وكان بيحلم يكون رائد فضاء. ,Sudanese
 طلب أحمد من جاره محمود أن يحفظ له أشيائه الثمينة أثناء سفره. وافق محمود على ذلك بكل سرور واعدًا بأن يعتني بها كأنها له. لكن عندما عاد أحمد، وجد أن جاره قد انتقل إلى مدينة أخرى. شعر أحمد بخيبة أمل كبيرة، لكنه تعلم درسًا قيمًا عن الثقة. , أحمد طلب من جارو محمود يحفظ ليهو حاجاتو الغالية وهو مسافر. محمود وافق وقال ليهو حاعتني بيهن زي حاجاتي. لمن رجع أحمد، لقى محمود انتقل لي مدينة تانية. أحمد زعل كتير، لكن عرف أهمية الدرس في الثقة. ,Sudanese
 مرحباً هاري. أشكرك على دعوتك لنا. استقبل هاري الضيوف بحفاوة وأعد لهم مأدبة طعام شهية. تبادل الجميع الأحاديث والذكريات، وكان الجو مليئًا بالضحك والسرور. في نهاية الليل، شكر الضيوف هاري على كرمه ووعدوا بتكرار الزيارة. , مرحبتين يا هاري. شكراً ليك على العزومة. هاري استقبل الناس بفرحة وعمل ليهم وليمة حلوة كده. الكل قعدوا يتونسو ويتذكروا الأيام الزمان، والضحك مالي المكان. وفي الآخر، الضيوف قالوا لي هاري كتر خيرك وحا يرجعوا يزوروه تاني. ,Sudanese
 ذهب ماجد إلى المطعم الفرنسي الفاخر وطلب من النادل توصية لنوع نبيذ أبيض يتماشى مع وجبته. حسناً، أود أن أجرب النبيذ الأبيض، قال ماجد وهو يشير إلى القائمة. بعد أن تذوق النبيذ، وجد أن مذاقه رائع ويكمل الطعام بشكل مثالي. انتهى العشاء وماجد شعر بالسعادة من تجربته الجديدة وقرر أن يزور المطعم مرة أخرى. , ماجد راح لمطعم فرنساوي شيك وسأل الجرسون يعاين ليهو في نوع عرقي أبيض يليق مع الأكلة. كويس، أنا عايز أجرب العرقي الأبيض دا، قال ماجد وهو بيأشر للقائمة. لما ذاق العرقي، لقاهو طعمو حلو وبيجمل الأكلة كتير. العشا خلص وماجد فرحان بالتجربة الجديدة دي وقرر يرجع للمطعم تاني. ,Sudanese
 في ليلة مظلمة، قرر مجموعة من الأصدقاء زيارة السينما لمشاهدة فيلم رعب جديد. وبينما هم جالسون ينتظرون بدء العرض، شعروا بأجواء غامضة تحيط بهم. إنهم في السينما حتى وقتنا هذا، يندمجون مع أحداث الفيلم المثيرة. وبعد انتهاء الفيلم، خرجوا وهم يتحدثون عن مدى روعته ويخططون لزيارة أخرى. , في ليلة ضلمة كدا، قررت جماعة من الصحاب يمشوا السينما يتفرجوا فيلم خوف جديد. وهم قاعدين كدا يستنوا الفيلم يبدأ، حسوا بجو غريب حواليهم. هم دحين في السينما للحظة دي، متحمسين مع أحداث الفيلم الشيقة. ولما الفيلم خلص، خرجوا يتونسوا عن شديد الفيلم كان وعاوزين يرجعوا تاني. ,Sudanese
 في يومٍ مشمس، وجد علي حقيبةً في الطريق وبداخلها مبلغ كبير من المال. شعر بالحيرة فيما يجب أن يفعل، ولكن قرر في النهاية أن يبحث عن صاحب الحقيبة. بعد أيام من البحث، عثر علي على صاحب الحقيبة الذي كان يبحث عنها بقلق. سلمها له، وكان صاحبها ممتناً جداً لأمانته، وأخبره أن بها حوالي ألف دولار. , في يوم مشرق، لقى علي جنطة في الزقاق جواها فلوس كتيرة. حتار شنو يعمل، لكن قرر يدور على صاحب الجنطة. بعد كم يوم من الدوارة، لقى صاحب الجنطة الكان قلقان وبيدور عليها. عطاهو الجنطة وصاحبها شكر ليهو كتير على أمانتو، وقال ليهو إنو فيها حوالي ألف دولار. ,Sudanese
 في يومٍ مشمسٍ، قرر أحمد الذهاب في نزهة إلى الغابة. وبينما هو يمشي، تعثر بجذر شجرة وسقط أرضاً، وهنا أدرك أن خطأه كان عدم الانتباه للطريق. وقف ونفض الغبار عن ملابسه، وابتسم متقبلاً الدرس الذي تعلمه. , في يوم حلو والشمس ضاربة، أحمد قرر يمشي للغابة يتفسح. وهو ماشي كدا، عثر في جذر واطا على الأرض، وساعتها عرف إنو الغلط كان منو لأنو ما كان مركز في الطريق. قام ونفض التراب من هدومو، وضحك على الحاصل وعرف العبرة. ,Sudanese
 وجد محمود نفسه بحاجة لمشابك الغسيل بعد أن تساقطت الأمطار. فقد كان ينشر الغسيل في الخارج ولم يتوقع هطول الأمطار. أسرع في جمع الملابس المبتلة ولكنه اكتشف أن المشابك لم تعد كافية. توجه إلى السوق لشراء مشابك جديدة ليتمكن من نشر الغسيل مجدداً. , محمود لقى نفسو محتاج لمشابك الغسي بعد ما المطرة نزلت. كان فاتح الهدوم برة وما كان متوقع المطرة تنزل. جري جمع اللبسة البللانة لكن اكتشف إنو المشابك قليلة وما بتكفي. راح للسوق يشتري مشابك جديدة عشان يقدر ينشر الغسي تاني. ,Sudanese
" في أحد الأيام، سأل محمد صديقه أحمد عن مصدر الأقراص المدمجة التي يبيعها في متجره. فأجاب أحمد بابتسامة، ""هذه الأقراص مستوردة من بلدان عديدة لضمان جودة عالية."" ثم تحدثا عن كيفية تأثير الجودة على رضا الزبائن. وفي النهاية، قرر محمد أن يطلب دفعة من الأقراص المدمجة لمتجره. "," في يوم من الأيام، محمد سأل صاحبه أحمد من وين جاب السيديهات البيبيعها في دكانو. أحمد ضحك وقال ليهو، ""السيديهات دي جيتا من دول كتيرة عشان الجودة تكون ممتازة."" بعدين اتناقشو عن كيف الجودة العالية بتأثر على رضا الزبائن. وفي الآخر، محمد قرر يطلب دفعة من السيديهات لدكانو. ",Sudanese
 قرر أحمد أن يدرس المحادثة بالإنجليزية لتحسين لغته. انضم إلى دورة مكثفة وبدأ يمارس يوميًا مع زملائه. شعر بتحسن كبير في قدرته على التواصل. بعد عدة أشهر، أصبح قادرًا على إجراء محادثات معقدة بطلاقة. , أحمد قرر يدرس الحديث بالإنجليزي عشان يطور لغتو. سجل في دورة مكثفة وبقى يتمرن كل يوم مع جماعتو. حس بتحسن كبير في قدرتو على الكلام. وبعد شهور، قدر يتكلم إنجليزي في مواضيع كتيرة بطلاقة. ,Sudanese
 لقد قرأت مؤخرًا كتابًا يتحدث عن الشجاعة والإصرار. كانت الشخصية الرئيسية فتاة تواجه تحديات كثيرة ولكنها لم تستسلم أبدًا. في كل مرة تسقط، تنهض أقوى مما كانت عليه. الكتاب علمني أن الإرادة يمكن أن تغير الواقع. , أنا قريت كتاب جديد الفترة دي عن الجرأة والمثابرة. البطلة كانت بت مجابهة صعاب كتيرة وما استسلمت. كل مرة تقع، تقوم أدقم من قبل. الكتاب دا خلاني أفهم إن العزيمة بتقدر تغير الحقيقة. ,Sudanese
 سافر أحمد إلى نيويورك ليبدأ عملاً جديداً، وقرر أن يقيم مع صديق قديم هناك. خلال إقامته، تعرف على ثقافة المدينة الفريدة وأصبح يحب الحياة فيها. عمل جاهداً وأصبح معروفاً في مجاله. ومع الوقت، استطاع أن يحصل على شقة خاصة به في قلب المدينة. , أحمد سافر لنيويورك عشان يبدأ شغل جديد، واتفق يسكن مع زول صاحبو من زمان هناك. وهو ساكن، بقى عارف ثقافة المدينة ديك العجيبة وعشق حياتو فيها. شغل همتو وبقى مشهور في شغلو. ومع الأيام، قدر يجيب ليهو فلة في قلب نيويورك. ,Sudanese
 إذا سأل أحد عني فأخبره بأني سوف أكون بالمقهى. ذهبت إلى المقهى المعتاد لأقابل صديقا قديما. جلست أنتظره وسط رائحة القهوة العربية الزكية. ولكن مرت الساعات ولم يأت صديقي كما وعد. في النهاية، قررت أن أغادر وأنا أشعر بخيبة أمل. , إذا سأل واحد عني قول ليهو ح أكون في القهوة. رحت للقهوة المعتادة عشان أشوف صاحبي القديم. قعدت استناهو والقهوة العربية فايحة حوالينا. لكن الساعات عدت وما جا صاحبي زي ما قال. في الآخر قررت أمشي وأنا زعلان. ,Sudanese
 أنا متأكد أني وضعتها بالجيب الداخلي للمعطف. ولكن عندما بحثت عنها، لم أجدها. شعرت بالقلق وبدأت بالبحث في كل مكان. وفي النهاية، وجدتها تحت الكرسي. , أنا متأكد كنت حاطو في جيب المعطف من جوة. لكن يوم دورت عليهو ما لقيتو. قلقت وقعدت أدور في كل حتة. وآخر حاجة، لقيتو تحت الكرسي. ,Sudanese
" وجد أحمد نفسه في مدينة جديدة، وكان يحمل أمتعة ثقيلة. سأل أحمد الحارس: ""هل عندك مكان من الممكن أن أترك فيه أمتعتي؟"" فأشار الحارس إلى غرفة صغيرة خصصت لتخزين الأمتعة. شعر أحمد بارتياح كبير عندما ترك حقائبه وبدأ يستكشف المدينة بحرية. "," أحمد لقى نفسو في مدينة جديدة ومعاهو شنط تقيلة كده. قال للبواب: ""عندك مكان يمكن أخلي فيهو شناطي؟"" البواب دلو على أوضة صغيرة عشان يحط فيها الشنط. أحمد حس براحة كبيرة لما حط حقائبو وبدا يتمشى في المدينة حر طليق. ",Sudanese
 جئت إلى المدينة لأنجز مهمة مهمة. في أثناء تجولي، صادفت رجلاً يحتاج المساعدة. قررت أن أقدم له يد العون، فتأخرت عن عملي. في النهاية، كانت المساعدة التي قدمتها أهم من العمل الذي أتيت لأجله. , جيت المدينة عشان أخلص مهمة مهمة. وأنا ماشي، لقيت زول محتاج مساعدة. قررت أساعدو، وبالتالي أتأخرت عن شغلي. في الآخر، المساعدة القدمتها ديك كانت أهم من الشغل الجيت عشانو. ,Sudanese
 كان أحمد يبحث عن مدرسة غوص ليتعلم فيها. وجد واحدة مشهورة بمدربيها الماهرين وسجل فيها. تعلم الغوص بسرعة وأصبح من الغواصين المحترفين. الآن يعمل مدربًا في نفس المدرسة ليعلم الآخرين. , أحمد كان داير يتعلم الغطس، فدور ولقى مدرسة معروفة بي مدربينها الشاطرين وسجل فيها. بسرعة تعلم الغطس وصار واحد من الغطاسين المحترفين. حالياً بقى يشتغل مدرب في نفس المدرسة عشان يعلم الناس. ,Sudanese
" في أحد الأسواق الصاخبة، سأل خالد البائع: ""كم يكون السعر شاملاً الضرائب؟"" فأجابه البائع بابتسامة: ""السعر مع الضرائب سيكون مائة ريال."" شعر خالد بالرضا لأن السعر كان مناسباً، فقرر شراء القطعة على الفور. وبذلك، غادر خالد السوق وهو يحمل مشترياته، مسروراً بتجربة الشراء الناجحة. "," في سوق صخيب كدا، خالد سأل الزول البيبيع: ""بكم السعر دا كلو شامل الضرايب؟"" الزول ضحك وقال ليهو: ""السعر مع الضرايب ح يكون مية جنيه."" خالد حس براحة لأنو السعر عاجبو، عشان كدا قرر يشتري الحاجة ديك طوالي. وكدا خرج خالد من السوق وهو فرحان وماسك حاجاتو الشراها. ",Sudanese
" في أحد الأيام، كان هناك رجل يأكل الشاورما بشهية كبيرة. وبينما هو منهمك في الأكل، سقطت قطعة من اللحم على قميصه الأبيض. صاح بدهشة وإزعاج: ""أعطني بعض المناديل الورقية!"" فأسرع النادل ليساعده، وابتسم الجميع لطرافة الموقف. "," في يوم من الأيام، كان في زول بياكل شاورما بشهية. وهو داير يتمتع بيها، وقعت ليهو قطعة من اللحم على جلابيته البيضاء. قام قال بي استغراب وزعل: ""أديني شوية مناديل ورقية!"" جري الجرسون ساعدو، وضحك الكل على الحاصل. ",Sudanese
 في الشقة المجاورة، يعيش شاب يحب الاستمتاع بوقته مع أصدقائه. كان دائمًا يقيم الحفلات التي تستمر حتى الصباح. أزعجت الضوضاء الدائمة الجيران الهادئين. في النهاية، قرروا التحدث معه وتوصلوا إلى حل يرضي الجميع. , في الشقة الجمبنا، واحد شاب عايش يحب يقضي وقتو مع ربعو. دايماً كان بسوي حفلات لحدي الصباح. اللمة العالية دي سببت ازعاج للجيران الهاديين. في الآخر، قرروا يكلموه ووصلوا لحل يرضي الكل. ,Sudanese
 نعم ، دكتور كريبس لا يفحص أي مريض بدون موعد مسبق. في يوم من الأيام، حاول مريض الدخول بدون موعد، لكن الدكتور رفض. شعر المريض باليأس وجلس خارج العيادة ينتظر. بعد ساعات، شعر الدكتور بالرحمة وقرر فحص المريض. , ايوه، دكتور كريبس ما بيكشف أي مريض من غير موعد مسبق. يوم من الأيام، واحد حاول يدخل كدا من غير موعد، لكن الدكتور ما قبل. المريض حس بيأس وقعد بره العيادة يستنى. بعد ساعات، الدكتور حن عليه وقرر يكشفو. ,Sudanese
 هل يمكن أن تخبرين باسم ورقم الطرف الذي تريد الاتصال به؟، فقد كانت ريم تحاول الوصول إلى صديقتها القديمة ليلى ولكنها نسيت رقمها. بحثت في دفتر عناوينها القديم دون جدوى، فقررت الاستعانة بخدمة الاستعلامات الهاتفية. استجابت الموظفة على الطرف الآخر بكل أدب وقدمت لها المعلومات اللازمة. وبفضل هذه المساعدة، تمكنت ريم أخيرًا من الاتصال بليلى واستعادتا ذكريات الأيام الجميلة التي قضتاها معًا. , يا تقدري تقولي لي اسم ورقم الزول البتحاولي تتصلي بيهو؟، ريم كانت حابه تلقى صاحبتها القديمة ليلى بس نست رقمها. دورت في الدفتر بتاعتها القديم ما لقتهو، قررت تستعين بخدمة الاستعلامات الهاتفية. البت شغالة في الاستعلامات أدتها الرقم بأدب، وبالمساعدة دي، ريم قدرت تتصل بليلى ورجعو ذكريات الأيام الزينة القضوها سوا. ,Sudanese
" هل هذه هدية؟ سأل الطفل والده بفضول شديد. ابتسم الأب وأعطاه الصندوق الصغير، ""نعم يا بُني، هذه لك"". فتح الطفل الهدية بحماس ليجد داخلها ساعة جميلة. شعر بسعادة غامرة وعانق والده بحب. "," دي هدية ولا شنو؟ سأل الواد أبوهو كدا من فضولو. الأب ابتسم ومدّ ليه الكرتونة الصغيرة، ""أيوه يا ولدي، دي ليك"". الولد فتح الهدية وراق ليهو لقى جواها ساعة حلوة كدا. فرح خالص وحضن أبوهو بي حنان. ",Sudanese
